p,k,db,cp,sp,gyh_db,gyh_cp,gyh_sp,zb,exemplars,labels
-34.2,3,0.5395596883363435,6.495463694237624,35.46614176167424,0.4502138151962287,0.3059948706723379,0.0,0.30160562526619883,[1 2 7],[7 1 2 7 7 7 7 7 7 7 7 7 7]
-37.2,3,0.8559690004041434,8.66831422532087,30.415144080674875,0.7142288011728285,0.4083557102593531,0.14241745592010294,0.4948076921312783,[ 0  1 10],[ 0  1 10 10 10 10 10 10 10  0 10  0 10]
-38.2,3,0.8559690004041434,8.66831422532087,30.415144080674875,0.7142288011728285,0.4083557102593531,0.14241745592010294,0.4948076921312783,[ 0  1 10],[ 0  1 10 10 10 10 10 10 10  0 10  0 10]
-39.2,3,0.8559690004041434,8.66831422532087,30.415144080674875,0.7142288011728285,0.4083557102593531,0.14241745592010294,0.4948076921312783,[ 0  1 10],[ 0  1 10 10 10 10 10 10 10  0 10  0 10]
-40.2,3,0.8559690004041434,8.66831422532087,30.415144080674875,0.7142288011728285,0.4083557102593531,0.14241745592010294,0.4948076921312783,[ 0  1 10],[ 0  1 10 10 10 10 10 10 10  0 10  0 10]
-41.2,3,0.8559690004041434,8.66831422532087,30.415144080674875,0.7142288011728285,0.4083557102593531,0.14241745592010294,0.4948076921312783,[ 0  1 10],[ 0  1 10 10 10 10 10 10 10  0 10  0 10]
-42.2,1,0.0,21.22736136055374,0.0,0.0,1.0,1.0,0.5,[10],[10 10 10 10 10 10 10 10 10 10 10 10 10]
