p,k,db,cp,sp,gyh_db,gyh_cp,gyh_sp,zb,exemplars,labels
-18.6,3,0.4781222334415545,3.0318628107656767,26.647715888956387,0.536759373486424,0.6125776760395855,0.0,0.4215241057531084,[ 2  7 12],[ 7  7  2  7  7  7  7  7  7  7  7  7 12]
-19.6,3,0.4781222334415545,3.0318628107656767,26.647715888956387,0.536759373486424,0.6125776760395855,0.0,0.4215241057531084,[ 2  7 12],[ 7  7  2  7  7  7  7  7  7  7  7  7 12]
-20.6,2,0.5041966437974735,4.949352432114673,19.632627440109406,0.5660315620352165,1.0,0.6714457308968698,0.7008772137418258,[2 7],[7 7 2 7 7 7 7 7 7 7 7 7 7]
