p,k,db,cp,sp,gyh_db,gyh_cp,gyh_sp,zb,exemplars,labels
-20.7,3,0.44061984188577163,3.7681977164683604,22.627060131753097,0.5433376288616277,0.38757420739269915,0.41628464256804104,0.4726335269209989,[ 0 10 12],[ 0  0  0  0  0  0  0  0  0  0 10  0 12]
-21.7,3,0.44061984188577163,3.7681977164683604,22.627060131753097,0.5433376288616277,0.38757420739269915,0.41628464256804104,0.4726335269209989,[ 0 10 12],[ 0  0  0  0  0  0  0  0  0  0 10  0 12]
-22.7,3,0.44061984188577163,3.7681977164683604,22.627060131753097,0.5433376288616277,0.38757420739269915,0.41628464256804104,0.4726335269209989,[ 0 10 12],[ 0  0  0  0  0  0  0  0  0  0 10  0 12]
-23.7,2,0.7659835812413808,9.722519312670194,25.38571204597761,0.9445505245461103,1.0,0.0,0.7222752622730552,[ 0 12],[ 0  0  0  0  0  0  0  0  0  0 12  0 12]
