p,k,db,cp,sp,gyh_db,gyh_cp,gyh_sp,zb,exemplars,labels
-9.6,6,0.4936417544395177,0.889282349443065,15.183533343414146,0.45464437983683864,0.2987307117016811,0.0,0.3020048678438396,[ 2  3 15 17 24 36],"[ 3  3  2  3  3  3  3  3  3  3  3  3  3  3  3 15  3 17  3  3  3  3  3  3
 24  3  3  3  3  3  3  3  3  3  3  3 36  3  3  3  3  3  3  3]"
-10.6,4,0.4129802198841265,1.3854420533240304,14.825019852343885,0.1620570321106684,0.4753348753831482,0.04863181126092398,0.21202018771635225,[ 2  3 24 36],"[ 3  3  2  3  3  3  3  3  3  3  3  3  3  3  3  3  3  3  3  3  3  3  3  3
 24  3  3  3  3  3  3  3  3  3  3  3 36  3  3  3  3  3  3  3]"
-11.6,4,0.46305657563895486,1.3631605926557198,14.132858435995175,0.34370133375776735,0.4674039638315875,0.14252245749986156,0.32433227221174593,[ 2 13 24 36],"[13 13  2 13 13 13 13 13 13 13 13 13 13 13 13 13 13 13 13 13 13 13 13 13
 24 13 13 13 13 13 13 13 13 13 13 13 36 13 13 13 13 13 13 13]"
-12.6,4,0.46305657563895486,1.3631605926557198,14.132858435995175,0.34370133375776735,0.4674039638315875,0.14252245749986156,0.32433227221174593,[ 2 13 24 36],"[13 13  2 13 13 13 13 13 13 13 13 13 13 13 13 13 13 13 13 13 13 13 13 13
 24 13 13 13 13 13 13 13 13 13 13 13 36 13 13 13 13 13 13 13]"
-13.6,4,0.46305657563895486,1.3631605926557198,14.132858435995175,0.34370133375776735,0.4674039638315875,0.14252245749986156,0.32433227221174593,[ 2 13 24 36],"[13 13  2 13 13 13 13 13 13 13 13 13 13 13 13 13 13 13 13 13 13 13 13 13
 24 13 13 13 13 13 13 13 13 13 13 13 36 13 13 13 13 13 13 13]"
-14.6,4,0.46305657563895486,1.3631605926557198,14.132858435995175,0.34370133375776735,0.4674039638315875,0.14252245749986156,0.32433227221174593,[ 2 13 24 36],"[13 13  2 13 13 13 13 13 13 13 13 13 13 13 13 13 13 13 13 13 13 13 13 13
 24 13 13 13 13 13 13 13 13 13 13 13 36 13 13 13 13 13 13 13]"
-15.6,2,0.39976548675739454,2.8594599215329026,14.305686790156658,0.11412261407892973,1.0,0.11907855340848052,0.33683094539158503,[ 2 13],"[13 13  2 13 13 13 13 13 13 13 13 13 13 13 13 13 13 13 13 13 13 13 13 13
 13 13 13 13 13 13 13 13 13 13 13 13 13 13 13 13 13 13 13 13]"
