p,k,db,cp,sp,gyh_db,gyh_cp,gyh_sp,zb,exemplars,labels
-16.9,4,0.42527049285900403,2.1750533238000327,26.015981657057292,0.5769280223535783,0.4661987179757565,0.48894364171208476,0.5272496010987495,[14 19 28 30],"[19 19 19 19 19 19 19 19 19 19 19 19 19 19 14 19 19 19 19 19 19 19 19 19
 19 19 19 19 28 19 30 19]"
-17.9,4,0.42527049285900403,2.1750533238000327,26.015981657057292,0.5769280223535783,0.4661987179757565,0.48894364171208476,0.5272496010987495,[14 19 28 30],"[19 19 19 19 19 19 19 19 19 19 19 19 19 19 14 19 19 19 19 19 19 19 19 19
 19 19 19 19 28 19 30 19]"
-18.9,3,0.44024623619343695,3.0255658813855675,28.34625705122942,0.5972443295751886,0.6484967148248267,0.37759101178501586,0.5551440964400549,[14 19 28],"[19 19 19 19 19 19 19 19 19 19 19 19 19 19 14 19 19 19 19 19 19 19 19 19
 19 19 19 19 28 19 19 19]"
-19.9,3,0.44024623619343695,3.0255658813855675,28.34625705122942,0.5972443295751886,0.6484967148248267,0.37759101178501586,0.5551440964400549,[14 19 28],"[19 19 19 19 19 19 19 19 19 19 19 19 19 19 14 19 19 19 19 19 19 19 19 19
 19 19 19 19 28 19 19 19]"
-20.9,2,0.2574207650551643,4.665506874931262,36.24810045088213,0.3492206851634538,1.0,0.0,0.4246103425817269,[19 28],"[19 19 19 19 19 19 19 19 19 19 19 19 19 19 19 19 19 19 19 19 19 19 19 19
 19 19 19 19 28 19 19 19]"
