p,k,db,cp,sp,gyh_db,gyh_cp,gyh_sp,zb,exemplars,labels
-21.5,3,1.2996105273549459,10.87078540149318,22.366651684392732,1.0,0.8984813233682725,0.5022813070107612,0.8501906575947584,[10 13 19],[10 10 10 10 19 10 10 19 19 19 10 10 10 10 13 19 10 19 19 19 19 19]
-22.5,3,1.2996105273549459,10.87078540149318,22.366651684392732,1.0,0.8984813233682725,0.5022813070107612,0.8501906575947584,[10 13 19],[10 10 10 10 19 10 10 19 19 19 10 10 10 10 13 19 10 19 19 19 19 19]
-23.5,3,1.2996105273549459,10.87078540149318,22.366651684392732,1.0,0.8984813233682725,0.5022813070107612,0.8501906575947584,[10 13 19],[10 10 10 10 19 10 10 19 19 19 10 10 10 10 13 19 10 19 19 19 19 19]
-24.5,2,0.9560554996949587,12.099066634730065,25.310385513373273,0.7356477033475458,1.0,0.0,0.6178238516737729,[10 19],[10 10 10 10 19 10 10 19 19 19 10 10 10 10 19 19 10 19 19 19 19 19]
