p,k,db,cp,sp,gyh_db,gyh_cp,gyh_sp,zb,exemplars,labels
-11.1,4,0.8018965193712263,3.647369293102275,14.323406320439398,0.859285127071088,0.6180120604128118,0.9217513388782541,0.8145834133583105,[ 3  9 13 16],[13 13 13  3 13 13  9  9  9  9 16 13 13 13 13 13  9  9  9  9  9  9]
-12.1,3,0.9332135447340124,5.023743024400008,17.29028529949936,1.0,0.8512255074816412,0.7475755016829273,0.8997002522911421,[ 9 13 16],[13 13 13  9 13 13  9  9  9  9 16 13 13 13 13 13  9  9  9  9  9  9]
-13.1,2,0.3931327251360285,5.9017768854963,30.02434805423139,0.42126770164708705,1.0,0.0,0.4606338508235435,[ 9 13],[13 13 13  9 13 13  9  9  9  9 13 13 13 13 13 13  9  9  9  9  9  9]
