avg,cen
62.546875,62.65
62.806250000000006,61.17
62.657500000000006,61.37
62.43,61.83
62.618125,62.6
66.82125,67.64
74.22125000000001,77.0
71.70937500000001,74.53
80.885625,86.86
87.88,91.27
88.47875,90.28
88.53999999999999,90.77
87.03500000000003,90.91
86.61812499999998,91.55
85.23625,90.11
85.696875,88.4
82.156875,86.82
75.86,77.82
73.62374999999999,72.14
72.891875,73.65
72.366875,71.27
69.2775,68.04
63.79875000000001,60.96
62.505,61.23
