p,k,db,cp,sp,gyh_db,gyh_cp,gyh_sp,zb,exemplars,labels
-11.6,4,0.4079448803664575,1.8099383819408636,12.03813024658409,0.05575822621040311,0.0,1.0,0.2778791131052016,[ 1  8 10 14],[ 1  1  1  8  1  1  1  1  8  1 10  1  1  1 14  1  1  1]
-12.6,4,0.4079448803664575,1.8099383819408636,12.03813024658409,0.05575822621040311,0.0,1.0,0.2778791131052016,[ 1  8 10 14],[ 1  1  1  8  1  1  1  1  8  1 10  1  1  1 14  1  1  1]
-13.6,3,0.4334009898203681,2.5738541082614934,14.727173461288599,0.08861646119179033,0.4715043010356186,0.6027986862140597,0.31288397740831475,[ 1  8 10],[ 1  1  1  8  1  1  1  1  8  1 10  1  1  1  1  1  1  1]
-14.6,3,0.4334009898203681,2.5738541082614934,14.727173461288599,0.08861646119179033,0.4715043010356186,0.6027986862140597,0.31288397740831475,[ 1  8 10],[ 1  1  1  8  1  1  1  1  8  1 10  1  1  1  1  1  1  1]
-15.6,3,0.4334009898203681,2.5738541082614934,14.727173461288599,0.08861646119179033,0.4715043010356186,0.6027986862140597,0.31288397740831475,[ 1  8 10],[ 1  1  1  8  1  1  1  1  8  1 10  1  1  1  1  1  1  1]
-16.6,2,0.36474756589804636,3.430105418896316,18.808105877011354,0.0,1.0,0.0,0.25,[ 1 10],[ 1  1  1  1  1  1  1  1  1  1 10  1  1  1  1  1  1  1]
