p,k,db,cp,sp,gyh_db,gyh_cp,gyh_sp,zb,exemplars,labels
-10.8,5,1.0279814868839292,2.6047645266163393,13.482955769409822,0.661769800625617,0.6070358929612285,0.1687460950838192,0.5248303973240704,[ 2  4  9 13 29],"[13 13  2  4 13 29 29 29 13  4 13  9 29 13 13 13 13 29 13 13 13 13 13 29
 29 29 29 29 29 29]"
-11.8,4,0.7761782621588715,1.9978216727085223,15.098504185040078,0.49966982903147494,0.4655889047465292,0.0,0.36623214070236976,[ 2  9 13 29],"[13 13  2 13 13 29 29 29 13  9 13  9 29 13 13 13 13 29 13 13 13 13 13 29
 29 29 29 29 29 29]"
-12.8,4,0.7761782621588715,1.9978216727085223,15.098504185040078,0.49966982903147494,0.4655889047465292,0.0,0.36623214070236976,[ 2  9 13 29],"[13 13  2 13 13 29 29 29 13  9 13  9 29 13 13 13 13 29 13 13 13 13 13 29
 29 29 29 29 29 29]"
-13.8,4,0.7761782621588715,1.9978216727085223,15.098504185040078,0.49966982903147494,0.4655889047465292,0.0,0.36623214070236976,[ 2  9 13 29],"[13 13  2 13 13 29 29 29 13  9 13  9 29 13 13 13 13 29 13 13 13 13 13 29
 29 29 29 29 29 29]"
-14.8,4,0.7761782621588715,1.9978216727085223,15.098504185040078,0.49966982903147494,0.4655889047465292,0.0,0.36623214070236976,[ 2  9 13 29],"[13 13  2 13 13 29 29 29 13  9 13  9 29 13 13 13 13 29 13 13 13 13 13 29
 29 29 29 29 29 29]"
-15.8,4,0.8703676242207949,2.436702128005685,15.098504185040078,0.5603048464399266,0.5678692400176124,0.0,0.4221197332243664,[ 2  9 13 29],"[13 13  2 13 13 29 29 29 13 13 13  9 29 13 13 13 13 29 13 13 13 13 13 29
 29 29 29 29 29 29]"
-16.8,2,1.5533822877866394,4.290956361591466,5.524662403233013,1.0,1.0,1.0,1.0,[13 29],"[13 13 13 13 13 29 29 29 13 13 13 13 29 13 13 13 13 29 13 13 13 13 13 29
 29 29 29 29 29 29]"
