p,k,db,cp,sp,gyh_db,gyh_cp,gyh_sp,zb,exemplars,labels
-21.5,3,0.567047465869198,3.856439246845849,20.308483236972595,0.5323085552171927,0.14409307687869433,0.0,0.3021775468282699,[0 2 5],[0 2 2 5 5 5 5 5 5]
-22.5,3,0.567047465869198,3.856439246845849,20.308483236972595,0.5323085552171927,0.14409307687869433,0.0,0.3021775468282699,[0 2 5],[0 2 2 5 5 5 5 5 5]
-23.5,3,0.7184812340303995,5.0538672393626705,20.308483236972595,0.6744650680188545,0.2538387388994519,0.0,0.40069221873429023,[0 2 5],[0 2 5 5 5 5 5 5 5]
-24.5,1,0.0,13.195185670741354,0.0,0.0,1.0,1.0,0.5,[5],[5 5 5 5 5 5 5 5 5]
