p,k,db,cp,sp,gyh_db,gyh_cp,gyh_sp,zb,exemplars,labels
-16.6,4,0.598726077399836,2.2792821477460423,17.517467052191908,0.9150899050593504,0.4219413383642423,0.44038442003972567,0.6731263921306672,[ 7  8 13 15],[15 15 15 15 15 15 15  7  8 15 15 15 15 13 15 15 15 15]
-17.6,3,0.6232577187098535,3.1657012968560583,20.015000218174016,1.0,0.6168919043078631,0.0,0.6542229760769658,[ 7 13 15],[15 15 15 15 15 15 15  7 15 15 15 15 15 13 15 15 15 15]
-18.6,2,0.6155055997080883,4.90765239382693,15.946735159369627,0.9731679934451712,1.0,0.7173480508255583,0.9159210094289751,[13 15],[15 15 15 15 15 15 15 15 15 15 15 15 15 13 15 15 15 15]
