p,k,db,cp,sp,gyh_db,gyh_cp,gyh_sp,zb,exemplars,labels
0.0,6,0.0,0.0,19.652153904621798,0.0,0.0,0.0,0.0,[ 0 21 22 24 51 54],"[ 0  0  0  0  0  0  0  0  0  0  0  0  0  0  0  0  0  0  0  0  0 21 22  0
 24  0  0  0  0  0  0  0  0  0  0  0  0  0  0  0  0  0  0  0  0  0  0  0
  0  0  0 51  0  0 54  0  0  0  0  0]"
-44.0,1,0.0,5.1577916489625775,0.0,0.0,1.0,1.0,0.5,[51],"[51 51 51 51 51 51 51 51 51 51 51 51 51 51 51 51 51 51 51 51 51 51 51 51
 51 51 51 51 51 51 51 51 51 51 51 51 51 51 51 51 51 51 51 51 51 51 51 51
 51 51 51 51 51 51 51 51 51 51 51 51]"
