avg,cen
14.650625000000002,14.31
14.381875,14.2
14.1628125,13.79
13.9559375,13.49
13.993125000000001,13.54
13.960625000000002,13.18
14.205,13.23
14.369374999999998,14.19
15.514375,14.61
16.208437500000002,15.88
17.608125,16.61
17.9878125,18.08
18.866874999999997,18.6
19.703750000000003,19.01
21.0084375,21.52
21.870312499999997,21.07
22.431875,21.28
21.57375,20.74
19.99875,19.69
18.7165625,18.05
17.668125,17.08
16.7878125,17.42
16.220625,17.24
15.4490625,16.64
