avg,cen
2.689,0.04
1.9845,0.04
1.972,0.11
1.6964999999999997,0.18
1.705,0.0
1.439,0.0
20.847,13.38
9.725499999999998,10.6
11.112499999999999,12.61
20.6895,23.77
26.757500000000004,31.34
30.269,30.99
34.09000000000001,36.65
36.562999999999995,41.9
37.592999999999996,44.51
36.315000000000005,40.92
34.60199999999999,39.26
31.835,36.34
28.6915,35.18
25.054999999999996,35.99
10.078499999999998,12.54
3.38,0.04
2.6525,0.04
2.593,0.04
