p,k,db,cp,sp,gyh_db,gyh_cp,gyh_sp,zb,exemplars,labels
-22.2,4,0.4201233049624752,2.1218852681726825,31.311476738383494,0.5902185907712036,0.4421003071013953,0.0,0.40563437216095066,[ 2  6 15 16],[ 2  2  2  2  2  2  6  2  2  2  2  2  2  2  2 15 16  2  2  2  2  2  2]
-23.2,4,0.4201233049624752,2.1218852681726825,31.311476738383494,0.5902185907712036,0.4421003071013953,0.0,0.40563437216095066,[ 2  6 15 16],[ 2  2  2  2  2  2  6  2  2  2  2  2  2  2  2 15 16  2  2  2  2  2  2]
-24.2,4,0.4201233049624752,2.1218852681726825,31.311476738383494,0.5902185907712036,0.4421003071013953,0.0,0.40563437216095066,[ 2  6 15 16],[ 2  2  2  2  2  2  6  2  2  2  2  2  2  2  2 15 16  2  2  2  2  2  2]
-25.2,3,0.3478701931713726,2.9576450094672047,22.153342055463565,0.4887123679160163,0.6162330200390211,0.6133147641620079,0.5517431300082654,[ 2 15 16],[ 2  2  2  2  2  2  2  2  2  2  2  2  2  2  2 15 16  2  2  2  2  2  2]
-26.2,3,0.3478701931713726,2.9576450094672047,22.153342055463565,0.4887123679160163,0.6162330200390211,0.6133147641620079,0.5517431300082654,[ 2 15 16],[ 2  2  2  2  2  2  2  2  2  2  2  2  2  2  2 15 16  2  2  2  2  2  2]
-27.2,2,0.356421058472006,4.799556195933675,26.931945135394642,0.5007252213045352,1.0,0.2932945938474415,0.573686259114128,[ 2 15],[ 2  2  2  2  2  2  2  2  2  2  2  2  2  2  2 15  2  2  2  2  2  2  2]
