p,k,db,cp,sp,gyh_db,gyh_cp,gyh_sp,zb,exemplars,labels
-5.0,3,0.6828378795624658,1.794939867848571,21.307568405890354,1.0,0.8429692658235657,0.0,0.7107423164558915,[ 1  5 21],[ 5  1  1  1  5  5  1  1  1  1  1  1  1  1  1 21 21 21 21 21 21 21 21]
-6.0,3,0.6828378795624658,1.794939867848571,21.307568405890354,1.0,0.8429692658235657,0.0,0.7107423164558915,[ 1  5 21],[ 5  1  1  1  5  5  1  1  1  1  1  1  1  1  1 21 21 21 21 21 21 21 21]
-7.0,2,0.22166887868796564,2.1293064179450805,19.211595516233196,0.3246288545532973,1.0,0.17455470846309126,0.4559531043924215,[1 5],[5 1 1 1 5 5 1 1 1 1 1 1 1 1 1 1 1 1 1 1 1 1 1]
