p,k,db,cp,sp,gyh_db,gyh_cp,gyh_sp,zb,exemplars,labels
-13.2,5,0.51262586634901,1.6362083956068396,22.966511258378738,0.42068507598953975,0.39497858181950957,0.8397790231756094,0.5190319392435496,[ 4 10 13 28 30],"[10 28 10 10  4 28 28 28 28 28 10 10 28 13 28 28 28 28 28 10 28 28 28 10
 10 28 28 28 28 28 30 28 10]"
-14.2,4,0.5783540670804632,2.1298628683712124,26.21485993900716,0.5065883938956277,0.6275417312649147,0.48345400331547267,0.5310431305929108,[ 4 10 13 28],"[10 28 10 10  4 28 28 28 28 28 10 10 28 13 28 28 28 28 28 10 28 28 28 10
 10 28 28 28 28 28 28 28 10]"
-15.2,4,0.9558838049272773,2.131953831330283,25.40733775027689,1.0,0.6285267946198805,0.5720345062807971,0.8001403252251694,[ 1  4 13 28],"[ 1  1  1  1  4  1  1  1  1  1  1  1 28 13 28 28 28 28 28  1 28 28 28 28
  1 28 28 28 28 28 28 28  1]"
-16.2,4,0.9558838049272773,2.131953831330283,25.40733775027689,1.0,0.6285267946198805,0.5720345062807971,0.8001403252251694,[ 1  4 13 28],"[ 1  1  1  1  4  1  1  1  1  1  1  1 28 13 28 28 28 28 28  1 28 28 28 28
  1 28 28 28 28 28 28 28  1]"
-17.2,4,0.9524080596483597,2.125711892971228,25.40733775027689,0.9954573828534369,0.6255861855025419,0.5720345062807971,0.7971338643725532,[ 1  4 13 28],"[ 1  1  1  1  4  1  1  1  1  1  1  1 28 13  1 28 28 28 28  1 28 28 28 28
  1 28 28 28 28 28 28 28  1]"
-18.2,4,0.9558838049272773,2.131953831330283,25.40733775027689,1.0,0.6285267946198805,0.5720345062807971,0.8001403252251694,[ 1  4 13 28],"[ 1  1  1  1  4  1  1  1  1  1  1  1 28 13 28 28 28 28 28  1 28 28 28 28
  1 28 28 28 28 28 28 28  1]"
-19.2,4,0.9524080596483597,2.125711892971228,25.40733775027689,0.9954573828534369,0.6255861855025419,0.5720345062807971,0.7971338643725532,[ 1  4 13 28],"[ 1  1  1  1  4  1  1  1  1  1  1  1 28 13  1 28 28 28 28  1 28 28 28 28
  1 28 28 28 28 28 28 28  1]"
-20.2,2,0.19074222095133306,2.9204683048628293,30.622148471344186,0.0,1.0,0.0,0.25,[13 28],"[28 28 28 28 28 28 28 28 28 28 28 28 28 13 28 28 28 28 28 28 28 28 28 28
 28 28 28 28 28 28 28 28 28]"
