p,k,db,cp,sp,gyh_db,gyh_cp,gyh_sp,zb,exemplars,labels
-8.6,3,0.4409174123131452,1.5621932717879725,14.830194783935942,0.23306497289416503,0.4602000239946246,0.7592925966339321,0.42140564160422167,[3 4 9],[9 9 9 3 4 4 9 9 9 9 9 9]
-9.6,3,0.4409174123131452,1.5621932717879725,14.830194783935942,0.23306497289416503,0.4602000239946246,0.7592925966339321,0.42140564160422167,[3 4 9],[9 9 9 3 4 4 9 9 9 9 9 9]
-10.6,3,0.6753738895248905,2.3501821388945863,14.830194783935942,0.45072151688263073,0.8843095929309528,0.7592925966339321,0.6362613058325366,[3 4 9],[9 9 9 3 9 4 9 9 9 9 9 9]
-11.6,2,0.18986319861988457,1.9959408058435464,21.025041401936114,0.0,0.6936506314517674,0.0,0.17341265786294185,[3 9],[9 9 9 3 9 9 9 9 9 9 9 9]
