p,k,db,cp,sp,gyh_db,gyh_cp,gyh_sp,zb,exemplars,labels
-19.7,2,0.2307600744800669,4.288713956200805,37.170329103627196,0.11399857216640574,1.0,0.0,0.30699928608320287,[4 5],[5 5 5 5 4 5 5]
