p,k,db,cp,sp,gyh_db,gyh_cp,gyh_sp,zb,exemplars,labels
-20.5,5,0.778046831347007,4.028484736896256,22.248706568965897,0.2802371885289363,0.22327958635389575,0.4942867529133084,0.3195101790812692,[ 0  2  7 24 25],"[ 0  2  2  2  2  2  2  7  2  2  2  2  2  2  2  2  2  2  2  2  2 24 24 24
 24 25 24 24 24 24]"
-21.5,4,0.7786275657730851,5.070617021569017,22.36683314648089,0.2835797163461949,0.3432247500739108,0.45819726989490167,0.3421453631653006,[ 0  2 24 25],"[ 0  2  2  2  2  2  2  2  2  2  2  2  2  2  2  2  2  2  2  2  2 24 24 24
 24 25 24 24 24 24]"
-22.5,3,0.7765333043074744,6.806116190841121,20.593427244186532,0.27152579480982053,0.5429736063908016,1.0,0.5215062990026107,[ 2 24 25],"[ 2  2  2  2  2  2  2  2  2  2  2  2  2  2  2  2  2  2  2  2  2 24 24 24
 24 25 24 24 24 24]"
-23.5,3,0.7765333043074744,6.806116190841121,20.593427244186532,0.27152579480982053,0.5429736063908016,1.0,0.5215062990026107,[ 2 24 25],"[ 2  2  2  2  2  2  2  2  2  2  2  2  2  2  2  2  2  2  2  2  2 24 24 24
 24 25 24 24 24 24]"
-24.5,2,0.9030992067001078,10.776947068520188,23.866585173734716,1.0,1.0,0.0,0.75,[ 2 24],"[ 2  2  2  2  2  2  2  2  2  2  2  2  2  2  2  2  2  2  2  2  2 24 24 24
 24 24 24 24 24 24]"
