p,k,db,cp,sp,gyh_db,gyh_cp,gyh_sp,zb,exemplars,labels
-8.1,5,0.48759027075685657,1.072468922343754,16.31466586818389,0.33106731527010497,0.3282053288053808,0.6290992693955724,0.4048598071852908,[ 4 13 26 39 42],"[26 26 26 26  4 26 26 26 26 26 13 13 13 13 26 26 26 26 26 26 26 26 26 26
 26 26 26 26 26 26 26 26 26 26 26 26 26 26 26 39 26 26 42 26 26 26 26 26
 26]"
-9.1,4,0.5606447540717453,1.5886537967660523,18.880285765457742,0.43973022781929705,0.5608198653043595,0.46304908229171343,0.47583235080866676,[ 4 13 26 39],"[26 26 26 26  4 26 26 26 26 26 13 13 13 13 26 26 26 26 26 26 26 26 26 26
 26 26 26 26 26 26 26 13 26 26 26 26 26 26 26 39 26 26 26 26 13 26 26 26
 26]"
-10.1,3,0.30200303967130565,1.3461115386343139,25.69297834607943,0.05502061496326797,0.4515201594191906,0.02212294241599264,0.1459210829404298,[ 4 32 39],"[32 32 32 32  4 32 32 32 32 32 32 32 32 32 32 32 32 32 32 32 32 32 32 32
 32 32 32 32 32 32 32 32 32 32 32 32 32 32 32 39 32 32 32 32 32 32 32 32
 32]"
-11.1,3,0.9373162214878468,2.355388054318416,15.031369784228753,1.0,0.9063424537723781,0.7121558262443966,0.9046245700041937,[13 32 39],"[32 32 32 32 13 32 32 32 32 32 13 13 13 13 32 32 32 32 32 32 32 32 32 32
 32 32 32 32 32 32 32 32 32 32 32 32 32 32 32 39 32 32 32 32 13 32 32 32
 32]"
-12.1,3,0.743203589182195,2.563219471330559,14.585615054044093,0.7112724225561154,1.0,0.7410056400567395,0.7908876212922427,[13 19 39],"[19 19 19 19 13 19 19 19 19 13 13 13 13 13 19 19 19 19 19 19 19 19 19 19
 19 19 19 13 19 19 19 13 19 19 19 19 19 19 19 39 19 13 19 19 13 13 19 19
 19]"
-13.1,3,0.74362203255632,2.5628996753655957,14.585615054044093,0.7118948248195514,0.9998558865362968,0.7410056400567395,0.7911627940580348,[13 19 39],"[19 19 19 19 13 19 19 19 19 19 13 13 13 13 19 19 19 19 19 19 19 19 19 19
 19 19 19 13 19 19 19 13 19 19 19 19 19 19 19 39 19 13 19 19 13 13 19 19
 19]"
-14.1,3,0.26501247404488426,1.4343011431366237,26.0347970590762,0.0,0.491262091025172,0.0,0.122815522756293,[ 4 19 39],"[19 19 19 19  4 19 19 19 19 19 19 19 19 19 19 19 19 19 19 19 19 19 19 19
 19 19 19 19 19 19 19 19 19 19 19 19 19 19 19 39 19 19 19 19 19 19 19 19
 19]"
-15.1,2,0.2738550615423544,2.2738978758491695,16.60657913746457,0.013152667274430638,0.8696195642939568,0.6102062708521555,0.3765327924237434,[19 39],"[19 19 19 19 19 19 19 19 19 19 19 19 19 19 19 19 19 19 19 19 19 19 19 19
 19 19 19 19 19 19 19 19 19 19 19 19 19 19 19 39 19 19 19 19 19 19 19 19
 19]"
