p,k,db,cp,sp,gyh_db,gyh_cp,gyh_sp,zb,exemplars,labels
-29.3,2,0.6156804790721426,7.289172494419229,23.678426528657624,1.0,1.0,0.0,0.75,[3 8],[8 8 8 3 8 8 8 8 8 8]
