p,k,db,cp,sp,gyh_db,gyh_cp,gyh_sp,zb,exemplars,labels
-37.0,3,0.6720529353808503,5.517310903184522,27.214067496359633,1.0,0.6322996308999385,0.9379171011193081,0.8925541830048116,[0 6 7],[0 6 6 6 6 6 6 7 6]
-38.0,3,0.6720529353808503,5.517310903184522,27.214067496359633,1.0,0.6322996308999385,0.9379171011193081,0.8925541830048116,[0 6 7],[0 6 6 6 6 6 6 7 6]
-39.0,2,0.6560764759529184,8.725785424438493,26.599903347440478,0.9762273794416535,1.0,1.0,0.9881136897208267,[6 7],[6 6 6 6 6 6 6 7 6]
