p,k,db,cp,sp,gyh_db,gyh_cp,gyh_sp,zb,exemplars,labels
-30.5,2,0.42386537411328,8.655884936688675,40.842614024779245,0.26638789906917815,0.8916642776219426,0.0,0.3561100189400747,[3 6],[6 6 6 3 3 6 6 6 6]
