p,k,db,cp,sp,gyh_db,gyh_cp,gyh_sp,zb,exemplars,labels
-12.8,5,0.6010117848578755,1.5915615986706004,16.68630304353608,0.8865677373971239,0.12984359613257254,0.0,0.4757447677317051,[15 17 20 21 22],"[20 20 20 20 20 20 20 20 20 20 20 20 20 20 20 15 20 17 20 20 20 21 22 20
 20 20 20]"
-13.8,5,0.6010117848578755,1.5915615986706004,16.68630304353608,0.8865677373971239,0.12984359613257254,0.0,0.4757447677317051,[15 17 20 21 22],"[20 20 20 20 20 20 20 20 20 20 20 20 20 20 20 15 20 17 20 20 20 21 22 20
 20 20 20]"
-14.8,5,0.6010117848578755,1.5915615986706004,16.68630304353608,0.8865677373971239,0.12984359613257254,0.0,0.4757447677317051,[15 17 20 21 22],"[20 20 20 20 20 20 20 20 20 20 20 20 20 20 20 15 20 17 20 20 20 21 22 20
 20 20 20]"
-15.8,1,0.0,8.823341739678593,0.0,0.0,1.0,1.0,0.5,[20],"[20 20 20 20 20 20 20 20 20 20 20 20 20 20 20 20 20 20 20 20 20 20 20 20
 20 20 20]"
