p,k,db,cp,sp,gyh_db,gyh_cp,gyh_sp,zb,exemplars,labels
-15.3,4,0.40084576303117997,1.807490803332273,19.685512030658167,0.5256661879868822,0.3195914909431649,0.7273234425025461,0.5245618273548689,[ 0  5  6 16],[ 0  5  5  5  5  5  6  5  5  5  5  5  5  5  5  5 16]
-16.3,2,0.29603446692222724,4.170430858324846,28.175306082993924,0.0,1.0,0.0,0.25,[5 6],[5 5 5 5 5 5 6 5 5 5 5 5 5 5 5 5 5]
