p,k,db,cp,sp,gyh_db,gyh_cp,gyh_sp,zb,exemplars,labels
-15.4,3,0.3109566500338685,1.8329604364995467,18.367781038213902,1.0,0.5520006675407721,0.4297339594428603,0.7454336567459081,[1 5 9],[9 1 9 9 9 5 9 9 9 9]
-16.4,2,0.2848994869775226,3.320576485288688,23.310512212685506,0.9162032294420851,1.0,0.0,0.7081016147210426,[1 9],[9 1 9 9 9 9 9 9 9 9]
