p,k,db,cp,sp,gyh_db,gyh_cp,gyh_sp,zb,exemplars,labels
-12.7,2,0.26311421421865283,2.6074094679561908,19.819601732268136,0.22773667123780206,1.0,0.0,0.36386833561890103,[3 9],[9 9 9 3 9 9 9 9 9 9]
