p,k,db,cp,sp,zb,exemplars,labels
-34.0,1,0.0,11.249177732619765,0.0,2.8122944331549413,[1],[1 1 1]
