p,k,db,cp,sp,gyh_db,gyh_cp,gyh_sp,zb,exemplars,labels
-20.4,5,0.89470714645695,4.287327274373243,24.916589451471,0.828974370168648,0.422061714305733,0.0,0.5200026136607572,[ 4  5 20 22 24],"[22 22 22 22  4  5 22 22 22 22 22 22 22 22 22 22 22 22 22 20 22 22 22 22
 24 22 22]"
-21.4,4,0.9931993714989643,5.784743421341714,20.439602438420458,0.9202305209035981,0.5694733732654493,0.6901572513272864,0.7750229165999829,[ 4  5 20 22],"[22 22 22 22  4  5 22 22 22 22 22 22 22 22 22 22 22 22 22 20 22 22 22 22
 20 22 22]"
-22.4,4,0.9931993714989643,5.784743421341714,20.439602438420458,0.9202305209035981,0.5694733732654493,0.6901572513272864,0.7750229165999829,[ 4  5 20 22],"[22 22 22 22  4  5 22 22 22 22 22 22 22 22 22 22 22 22 22 20 22 22 22 22
 20 22 22]"
-23.4,3,1.0792940996172526,7.773927510893526,21.624785773056797,1.0,0.7652966433769339,0.5074533770102204,0.8181875050967886,[ 4 20 22],"[22 22 22 22  4 22 22 22 22 22 22 22 22 22 22 22 22 22 22 20 22 22 22 22
 20 22 22]"
-24.4,2,1.0677097098095991,10.15805776514377,19.027751966319048,0.9892666977316362,1.0,0.9078033687429145,0.9715841910515467,[20 22],"[22 22 22 22 22 22 22 22 22 22 22 22 22 22 22 22 22 22 22 20 20 22 22 22
 20 22 22]"
