p,k,db,cp,sp,gyh_db,gyh_cp,gyh_sp,zb,exemplars,labels
-11.1,5,1.0598453083917028,3.4813587780923663,13.941275250432593,1.0,0.2324313478467094,0.6190011396650512,0.7128581218779402,[13 16 34 39 40],"[40 34 16 34 16 40 34 16 13 16 16 16 13 13 16 16 16 16 16 16 34 34 16 34
 16 13 13 16 34 34 34 40 34 16 34 16 34 40 40 39 40 40]"
-12.1,4,0.8760640299079393,3.428546977565884,13.77759874376846,0.5143498684089797,0.21397486920560788,0.6485905709692201,0.4728162942481968,[ 7 13 30 39],"[ 7 30 30 30 30 30 30  7 13  7 30 30 13 13 30 30 30 30 30 30 30 30 30 30
  7 13 13  7 30 30 30 30 30  7 30 30  7  7 30 39  7  7]"
-13.1,4,0.8760640299079393,3.428546977565884,13.77759874376846,0.5143498684089797,0.21397486920560788,0.6485905709692201,0.4728162942481968,[ 7 13 30 39],"[ 7 30 30 30 30 30 30  7 13  7 30 30 13 13 30 30 30 30 30 30 30 30 30 30
  7 13 13  7 30 30 30 30 30  7 30 30  7  7 30 39  7  7]"
-14.1,3,0.6814221050834189,4.0427168447041435,17.365333763757874,0.0,0.4286127516834336,0.0,0.1071531879208584,[13 30 39],"[13 30 30 30 30 30 30 13 13 13 30 30 13 13 30 30 30 30 30 30 30 30 30 30
 30 13 13 30 30 30 30 30 30 13 30 30 30 30 30 39 30 30]"
-15.1,2,0.9595773358737987,5.677697707969675,11.833746996117867,0.7350374616531629,1.0,1.0,0.8675187308265815,[13 16],"[13 16 16 16 16 16 16 16 13 16 16 16 13 13 16 16 16 16 16 16 16 16 16 16
 16 13 13 16 16 16 16 16 16 16 16 16 16 16 16 16 16 16]"
