p,k,db,cp,sp,gyh_db,gyh_cp,gyh_sp,zb,exemplars,labels
-27.0,5,0.606465578122908,4.319152202063159,30.824290156737767,0.06708284574243267,0.16648922301698862,0.0,0.0751637286254635,[ 8 12 15 20 27],"[20 20 20 20 20 20 20 20  8 20 20 20 12  8 20 15 20 12 20 20 20 20 20 20
 20 20 20 27]"
-28.0,5,0.6736540814119398,4.965306983625956,30.824290156737767,0.11510531930315661,0.22027644039292066,0.0,0.11262176974980848,[ 8 12 15 20 27],"[20 20 20 20 20 20 20 20  8 20 20 20 20  8 20 15 20 12 20 20 20 20 20 20
 20 20 20 27]"
-29.0,3,0.6398855927648439,6.724979601115013,30.036339958245673,0.09096954794559615,0.3667551112749078,0.0497752638800663,0.14961736776154158,[ 8 15 20],"[20 20 20 20 20 20 20 20  8 20 20 20 20  8 20 15 20 20 20 20 20 20 20 20
 20 20 20 20]"
-30.0,3,0.6398855927648439,6.724979601115013,30.036339958245673,0.09096954794559615,0.3667551112749078,0.0497752638800663,0.14961736776154158,[ 8 15 20],"[20 20 20 20 20 20 20 20  8 20 20 20 20  8 20 15 20 20 20 20 20 20 20 20
 20 20 20 20]"
-31.0,2,1.911715029881549,14.332255692200015,14.994134029576625,1.0,1.0,1.0,1.0,[11 20],"[20 20 20 20 20 20 20 20 20 20 20 20 20 11 20 11 20 20 20 20 20 20 20 20
 20 20 20 20]"
