p,k,db,cp,sp,gyh_db,gyh_cp,gyh_sp,zb,exemplars,labels
-15.6,4,0.4224768216070669,1.562882477588657,22.856715121178905,0.6667136814851014,0.28560913303934643,0.8342286747045614,0.6133162926785276,[ 8 14 15 17],[ 8  8  8  8  8  8  8  8  8  8  8  8  8  8 14 15  8 17]
-16.6,3,0.41483252692329153,2.223305415717317,27.15237739144028,0.6167796120937733,0.5225064921788649,0.0,0.4390164290916029,[ 8 14 15],[ 8  8  8  8  8  8  8  8  8  8  8  8  8  8 14 15  8  8]
-17.6,3,0.41483252692329153,2.223305415717317,27.15237739144028,0.6167796120937733,0.5225064921788649,0.0,0.4390164290916029,[ 8 14 15],[ 8  8  8  8  8  8  8  8  8  8  8  8  8  8 14 15  8  8]
-18.6,3,0.41483252692329153,2.223305415717317,27.15237739144028,0.6167796120937733,0.5225064921788649,0.0,0.4390164290916029,[ 8 14 15],[ 8  8  8  8  8  8  8  8  8  8  8  8  8  8 14 15  8  8]
-19.6,3,0.41483252692329153,2.223305415717317,27.15237739144028,0.6167796120937733,0.5225064921788649,0.0,0.4390164290916029,[ 8 14 15],[ 8  8  8  8  8  8  8  8  8  8  8  8  8  8 14 15  8  8]
-20.6,2,0.32041111951025436,3.5544627849595516,22.186887835806182,0.0,1.0,0.9643108584055254,0.4910777146013814,[ 8 15],[ 8  8  8  8  8  8  8  8  8  8  8  8  8  8  8 15  8  8]
