p,k,db,cp,sp,gyh_db,gyh_cp,gyh_sp,zb,exemplars,labels
-32.9,3,1.0951534506658582,12.127914843483332,44.837171947524276,1.0,0.995186537044955,0.0,0.7487966342612388,[4 5 8],[5 8 5 8 8 5 8 8 8 4]
-33.9,3,1.0951534506658582,12.127914843483332,44.837171947524276,1.0,0.995186537044955,0.0,0.7487966342612388,[4 5 8],[5 8 5 8 8 5 8 8 8 4]
-34.9,3,1.0951534506658582,12.127914843483332,44.837171947524276,1.0,0.995186537044955,0.0,0.7487966342612388,[4 5 8],[5 8 5 8 8 5 8 8 8 4]
-35.9,3,1.0951534506658582,12.127914843483332,44.837171947524276,1.0,0.995186537044955,0.0,0.7487966342612388,[4 5 8],[5 8 5 8 8 5 8 8 8 4]
-36.9,3,1.0951534506658582,12.127914843483332,44.837171947524276,1.0,0.995186537044955,0.0,0.7487966342612388,[4 5 8],[5 8 5 8 8 5 8 8 8 4]
-37.9,3,1.0951534506658582,12.127914843483332,44.837171947524276,1.0,0.995186537044955,0.0,0.7487966342612388,[4 5 8],[5 8 5 8 8 5 8 8 8 4]
-38.9,3,1.0951534506658582,12.127914843483332,44.837171947524276,1.0,0.995186537044955,0.0,0.7487966342612388,[4 5 8],[5 8 5 8 8 5 8 8 8 4]
-39.9,3,1.0951534506658582,12.127914843483332,44.837171947524276,1.0,0.995186537044955,0.0,0.7487966342612388,[4 5 8],[5 8 5 8 8 5 8 8 8 4]
-40.9,2,0.718579270655135,12.18657446823508,33.918524972546095,0.6561448262964753,1.0,1.0,0.8280724131482377,[3 5],[5 3 5 3 3 5 3 3 3 3]
