p,k,db,cp,sp,gyh_db,gyh_cp,gyh_sp,zb,exemplars,labels
-38.1,2,0.542332731163779,6.129800387183157,22.605312329312536,1.0,1.0,1.0,1.0,[0 3],[0 3 3 3]
