p,k,db,cp,sp,gyh_db,gyh_cp,gyh_sp,zb,exemplars,labels
-11.9,4,0.21678381610115066,0.7564206016956719,22.61087722398734,0.6243384620161997,0.20278510701305028,0.8705966623066729,0.5805146733380306,[ 3  4 10 15],[ 3  3  3  3  4  3  3  3  3  3 10  3  3  3  3 15]
-12.9,4,0.21678381610115066,0.7564206016956719,22.61087722398734,0.6243384620161997,0.20278510701305028,0.8705966623066729,0.5805146733380306,[ 3  4 10 15],[ 3  3  3  3  4  3  3  3  3  3 10  3  3  3  3 15]
-13.9,4,0.2728654996190587,0.8533932718801569,21.97430551368591,1.0,0.25750994699696383,0.9149537845727571,0.7931159328924302,[ 4  5 10 15],[ 5  5  5  5  4  5  5  5  5  5 10  5  5  5  5 15]
-14.9,4,0.2728654996190587,0.8533932718801569,21.97430551368591,1.0,0.25750994699696383,0.9149537845727571,0.7931159328924302,[ 4  5 10 15],[ 5  5  5  5  4  5  5  5  5  5 10  5  5  5  5 15]
-15.9,2,0.12357770236703748,2.1690890883738927,35.10486190998264,0.0,1.0,0.0,0.25,[4 5],[5 5 5 5 4 5 5 5 5 5 5 5 5 5 5 5]
