p,k,db,cp,sp,gyh_db,gyh_cp,gyh_sp,zb,exemplars,labels
-10.4,4,0.49771369514619995,1.9521552195534837,12.112591737673476,0.0,0.20493357723409164,0.47816702737356137,0.17077515115191325,[ 5 14 21 23],"[23 23 23 23 23  5 23 21 23 23 23 23 23 23 14 23 23 23 21 23 23 21 23 23
 23 23 23 23 23 23 23 23 23 23 23 23 23 23 23 23 23 23 23]"
-11.4,5,0.8549935983830048,2.1668280754573614,13.153346576727083,0.517388537557438,0.24666698664860187,0.0,0.3203610154408695,[ 5 14 21 23 38],"[23 23 23 23 23  5 23 21 23 23 38 38 23 23 14 23 23 38 21 23 23 21 23 23
 23 23 23 23 23 23 23 23 38 38 38 23 38 23 38 38 38 38 21]"
-12.4,4,0.5121955706041068,2.069819837461663,12.112591737673476,0.02097167038048929,0.22780813047971815,0.47816702737356137,0.18697962465356455,[ 5 14 21 23],"[23 23 23 23 23  5 23 21 23 23 23 23 23 23 14 23 23 23 21 23 23 21 23 23
 23 23 23 23 23 23 23 23 23 23 23 23 23 23 23 23 23 23 21]"
-13.4,3,1.1882583773370794,6.041904463694897,11.887914428510086,1.0,1.0,0.5813933367882179,0.8953483341970545,[14 21 23],"[23 23 23 23 23 14 23 21 23 21 23 23 23 23 21 23 23 23 21 23 23 21 23 23
 23 23 23 23 23 23 23 23 23 23 23 23 23 23 23 23 23 23 21]"
-14.4,2,0.7948949198150244,5.020463677099445,12.631766921513927,0.43035770505966764,0.8014271233306056,0.2396358718817887,0.4754446013329324,[21 23],"[23 23 23 23 23 23 23 21 23 21 23 23 23 23 21 23 23 23 21 23 23 21 23 23
 23 23 23 23 23 23 23 23 23 23 23 23 23 23 23 23 23 23 21]"
