p,k,db,cp,sp,gyh_db,gyh_cp,gyh_sp,zb,exemplars,labels
-7.1,5,0.682171160023785,1.6272030055442872,14.076009896408753,0.0,0.0,0.0,0.0,[ 4 12 17 20 36],"[ 4  4  4 17  4 17 12 12 12 17 12 12 12 12 17 17 17 17 17 17 20 12 12 12
 17 17 17  4 17  4 17 17 12 12  4  4 36 17  4  4]"
-8.1,5,0.682171160023785,1.6272030055442872,14.076009896408753,0.0,0.0,0.0,0.0,[ 4 12 17 20 36],"[ 4  4  4 17  4 17 12 12 12 17 12 12 12 12 17 17 17 17 17 17 20 12 12 12
 17 17 17  4 17  4 17 17 12 12  4  4 36 17  4  4]"
-9.1,5,0.7078452634020136,1.6402408588319637,14.076009896408753,0.03893335427512377,0.005803052720634027,0.0,0.02091744031772039,[ 4 12 17 20 36],"[ 4  4  4 17  4 17 12 12 12 17 12 12 12 12 17 17 17 17 17 17 20 12 12 12
 17 17 17 17 17  4 17 17 12 12  4  4 36 17  4 17]"
-10.1,5,0.7078452634020136,1.6402408588319637,14.076009896408753,0.03893335427512377,0.005803052720634027,0.0,0.02091744031772039,[ 4 12 17 20 36],"[ 4  4  4 17  4 17 12 12 12 17 12 12 12 12 17 17 17 17 17 17 20 12 12 12
 17 17 17 17 17  4 17 17 12 12  4  4 36 17  4 17]"
-11.1,4,0.8879685071754716,1.7027252107916429,13.71507196329369,0.31208026654327753,0.03361437875997546,0.043481457238682325,0.1753140922713032,[12 17 20 36],"[17 17 17 17 17 17 12 12 12 17 12 12 12 12 17 17 17 17 17 17 20 12 12 12
 17 17 17 17 17 17 17 17 12 12 17 17 36 17 17 17]"
-12.1,4,0.7222222297832671,1.6285669289268394,13.536838759537309,0.06073522666290672,0.000607072278021197,0.06495284806968123,0.04675759341837897,[10 17 20 36],"[17 17 17 17 17 17 10 10 10 17 10 10 10 10 17 17 17 17 17 17 20 10 10 10
 17 17 17 17 17 17 17 17 10 10 17 17 36 17 17 17]"
-13.1,4,0.7222222297832671,1.6285669289268394,13.536838759537309,0.06073522666290672,0.000607072278021197,0.06495284806968123,0.04675759341837897,[10 17 20 36],"[17 17 17 17 17 17 10 10 10 17 10 10 10 10 17 17 17 17 17 17 20 10 10 10
 17 17 17 17 17 17 17 17 10 10 17 17 36 17 17 17]"
-14.1,3,0.8760531626546143,2.272865091581268,12.439608486051242,0.2940113072224204,0.2873794513801338,0.19713394304581686,0.26813400221769784,[10 17 20],"[17 17 17 17 17 17 10 10 10 17 10 10 10 10 17 17 17 17 17 17 20 10 10 10
 17 10 17 17 17 17 17 17 10 10 17 17 17 17 17 17]"
-15.1,2,1.341608392089683,3.873926224397277,5.7750476923646366,1.0,1.0,1.0,1.0,[10 17],"[17 17 17 17 17 17 10 10 10 17 10 10 10 10 17 17 17 17 17 17 10 10 10 10
 17 10 17 17 17 17 17 17 10 10 17 17 17 17 17 17]"
