p,k,db,cp,sp,gyh_db,gyh_cp,gyh_sp,zb,exemplars,labels
-7.0,4,0.278161216979811,0.708181506449968,17.970130568079885,0.2990910647919861,0.08326417998752673,0.7820231209716967,0.3658673576357989,[ 1  8 12 17],[17  1 17 17 17 17 17 17  8 17 17 17 12 17 17 17 17 17 17 17 17 17]
-8.0,4,0.278161216979811,0.708181506449968,17.970130568079885,0.2990910647919861,0.08326417998752673,0.7820231209716967,0.3658673576357989,[ 1  8 12 17],[17  1 17 17 17 17 17 17  8 17 17 17 12 17 17 17 17 17 17 17 17 17]
-9.0,3,0.7160624421934244,2.402002647052642,19.693530321727085,1.0,1.0,0.7110652234110573,0.9277663058527643,[ 1 12 17],[17  1 17 17 17 17 17 17 12 17 17 17 17 17 17 17 17 17 17 17 17 17]
-10.0,2,0.09130050349213756,1.6873988007287632,36.963625307369206,0.0,0.6132395993058051,0.0,0.15330989982645127,[ 1 17],[17  1 17 17 17 17 17 17 17 17 17 17 17 17 17 17 17 17 17 17 17 17]
