p,k,db,cp,sp,gyh_db,gyh_cp,gyh_sp,zb,exemplars,labels
-39.2,2,0.38714323782322196,8.13990655343922,42.051136417658824,0.3969996665254187,1.0,0.0,0.44849983326270937,[3 6],[3 3 3 3 3 3 6]
