p,k,db,cp,sp,gyh_db,gyh_cp,gyh_sp,zb,exemplars,labels
-9.9,2,0.08118798872658355,2.0794619644839045,51.22585242225669,0.2536042030289106,1.0,0.0,0.3768021015144553,[3 4],[4 4 4 3 4 4 4]
