p,k,db,cp,sp,gyh_db,gyh_cp,gyh_sp,zb,exemplars,labels
-21.6,2,0.28236512059589175,4.360052446945789,30.882372707680847,0.21009051185986827,0.8065628141086006,0.0,0.3066859594570843,[1 4],[1 1 1 1 4 1 1]
