avg,cen
0.0,0.0
0.0,0.0
0.0,0.0
0.0,0.0
0.0,0.0
0.029215686274509805,0.0
1.279803921568627,0.0
12.78,1.52
47.742941176470595,34.16
94.54098039215687,86.66
123.59901960784316,117.39
142.98999999999995,140.28
149.77901960784314,144.99
145.09039215686272,136.84
126.20627450980389,117.28
96.78999999999996,81.82
57.8086274509804,29.87
22.14725490196079,1.77
4.402941176470589,0.0
0.465686274509804,0.0
0.003137254901960784,0.0
0.0,0.0
0.0,0.0
0.0,0.0
