p,k,db,cp,sp,gyh_db,gyh_cp,gyh_sp,zb,exemplars,labels
-14.0,3,0.5566015365898008,3.2845658584568187,14.310322967229204,0.4876644730916058,0.4481413874156519,1.0,0.6058675833997159,[ 2  9 14],[ 2  2  2  9  9  9  2  9  2  9  9  9  9  2 14  2  9  2]
-15.0,3,0.5566015365898008,3.2845658584568187,14.310322967229204,0.4876644730916058,0.4481413874156519,1.0,0.6058675833997159,[ 2  9 14],[ 2  2  2  9  9  9  2  9  2  9  9  9  9  2 14  2  9  2]
-16.0,3,0.5566015365898008,3.2845658584568187,14.310322967229204,0.4876644730916058,0.4481413874156519,1.0,0.6058675833997159,[ 2  9 14],[ 2  2  2  9  9  9  2  9  2  9  9  9  9  2 14  2  9  2]
-17.0,2,0.7070412473014875,5.337975145032471,15.099473094124363,1.0,1.0,0.7775466722912493,0.9443866680728124,[2 9],[2 2 2 9 9 9 2 9 2 9 9 9 9 2 9 2 9 2]
