p,k,db,cp,sp,gyh_db,gyh_cp,gyh_sp,zb,exemplars,labels
-21.2,5,1.323015840661109,7.22958361686571,21.286686661906135,1.0,0.7346045672579149,0.7230186063267068,0.8644057933961554,[ 0  1 12 14 23],"[ 0  1  0 23 23 23 23 23 23 23 23 23  0 14 23 23 23 23 12 23 23 23 23 23
 23]"
-22.2,4,1.2712908392761777,6.816526110890864,24.41915192038914,0.9609037172532383,0.692633418363335,0.42598891840971104,0.7601074428198807,[ 0  1 12 23],"[ 0  1  0 23 23 23 23 23 23 23 23 23  0  0 23 23 23 23 12 23 23 23 23 23
 23]"
-23.2,4,1.2712908392761777,6.816526110890864,24.41915192038914,0.9609037172532383,0.692633418363335,0.42598891840971104,0.7601074428198807,[ 0  1 12 23],"[ 0  1  0 23 23 23 23 23 23 23 23 23  0  0 23 23 23 23 12 23 23 23 23 23
 23]"
-24.2,3,0.5800122301493094,6.082027900831569,25.981182127862294,0.4384015764009886,0.6180003871478744,0.2778725606029648,0.4431690251382041,[ 0  1 23],"[ 0  1  0 23 23 23 23 23 23 23 23 23  0  0 23 23 23 23  0 23 23 23 23 23
 23]"
-25.2,3,0.5800122301493094,6.082027900831569,25.981182127862294,0.4384015764009886,0.6180003871478744,0.2778725606029648,0.4431690251382041,[ 0  1 23],"[ 0  1  0 23 23 23 23 23 23 23 23 23  0  0 23 23 23 23  0 23 23 23 23 23
 23]"
-26.2,3,0.5800122301493094,6.082027900831569,25.981182127862294,0.4384015764009886,0.6180003871478744,0.2778725606029648,0.4431690251382041,[ 0  1 23],"[ 0  1  0 23 23 23 23 23 23 23 23 23  0  0 23 23 23 23  0 23 23 23 23 23
 23]"
-27.2,3,0.5800122301493094,6.082027900831569,25.981182127862294,0.4384015764009886,0.6180003871478744,0.2778725606029648,0.4431690251382041,[ 0  1 23],"[ 0  1  0 23 23 23 23 23 23 23 23 23  0  0 23 23 23 23  0 23 23 23 23 23
 23]"
-28.2,2,0.6807964386815695,9.841462929984004,28.9116169557026,0.5145792043890998,1.0,0.0,0.5072896021945499,[ 0 23],"[ 0  0  0 23 23 23 23 23 23 23 23 23  0  0  0 23 23 23  0 23 23 23 23 23
 23]"
