p,k,db,cp,sp,gyh_db,gyh_cp,gyh_sp,zb,exemplars,labels
-16.4,3,1.1674842107829861,5.137740287350598,21.558846749145502,1.0,1.0,0.45728430659876096,0.8643210766496903,[1 6 9],[6 6 6 6 6 6 6 6 1 9]
-17.4,2,0.33371175454688434,4.4650804828205946,26.76010312482583,0.2858383449340843,0.8690747747241857,0.0,0.36018786614808856,[6 9],[6 6 6 6 6 6 6 6 6 9]
