p,k,db,cp,sp,gyh_db,gyh_cp,gyh_sp,zb,exemplars,labels
-33.2,3,0.09274022413613155,1.2755101344148454,38.24341458108545,0.08562808496761919,0.269812796892029,0.35963827571875917,0.20017681063650664,[1 5 9],[1 1 1 1 1 5 5 1 1 9]
-34.2,3,0.09274022413613155,1.2755101344148454,38.24341458108545,0.08562808496761919,0.269812796892029,0.35963827571875917,0.20017681063650664,[1 5 9],[1 1 1 1 1 5 5 1 1 9]
-35.2,3,0.09274022413613155,1.2755101344148454,38.24341458108545,0.08562808496761919,0.269812796892029,0.35963827571875917,0.20017681063650664,[1 5 9],[1 1 1 1 1 5 5 1 1 9]
-36.2,3,0.09274022413613155,1.2755101344148454,38.24341458108545,0.08562808496761919,0.269812796892029,0.35963827571875917,0.20017681063650664,[1 5 9],[1 1 1 1 1 5 5 1 1 9]
-37.2,3,0.23530158220176098,3.4936782066054666,40.94692373772185,0.21725657945588037,0.7390290856429732,0.24781129286934192,0.35533838435601894,[1 6 9],[1 1 1 1 1 6 1 1 1 9]
-38.2,3,0.23530158220176098,3.4936782066054666,40.94692373772185,0.21725657945588037,0.7390290856429732,0.24781129286934192,0.35533838435601894,[1 6 9],[1 1 1 1 1 6 1 1 1 9]
-39.2,2,0.20143136977171414,4.727389319956036,46.9379652763487,0.1859838339471553,1.0,0.0,0.34299191697357767,[1 9],[1 1 1 1 1 1 1 1 1 9]
