p,k,db,cp,sp,gyh_db,gyh_cp,gyh_sp,zb,exemplars,labels
-17.5,3,0.5455380594748837,3.163344706885313,23.311451505618617,0.5538879823683818,0.6905928356003322,0.0,0.4495922000842739,[ 7 12 15],[15 15 15 15 15 15 15  7 15 15 15 15 12 15 15 15]
-18.5,2,0.4486181881580485,4.580621958140382,20.42102651676987,0.455484670183787,1.0,0.2727570314427623,0.5459315929525841,[1 7],[1 1 1 1 1 1 1 7 1 1 1 1 1 1 1 1]
