p,k,db,cp,sp,gyh_db,gyh_cp,gyh_sp,zb,exemplars,labels
-54.2,2,0.37779479677782346,9.950999425527579,52.67938844260812,1.0,1.0,0.0,0.75,[0 1],[0 1 0 0 0 0]
