p,k,db,cp,sp,gyh_db,gyh_cp,gyh_sp,zb,exemplars,labels
-60.1,2,0.3085372900353838,8.613406411806976,55.83381127655052,0.30798249867815963,1.0,0.0,0.4039912493390798,[0 1],[0 1 0 0 0 0]
