p,k,db,cp,sp,gyh_db,gyh_cp,gyh_sp,zb,exemplars,labels
-18.1,3,0.9101042743504832,4.818808415256712,16.864112864013794,1.0,0.9536071222010754,1.0,0.9884017805502688,[ 2 11 17],[ 2  2  2 11 11  2  2  2 11 11 11 11 11 11  2 11  2 17  2  2  2 11]
-19.1,2,0.48669617439508384,4.949285893005032,20.33829790898404,0.0,1.0,0.0,0.25,[ 2 17],[ 2  2  2  2  2  2  2  2  2  2  2  2  2  2  2  2  2 17  2  2  2  2]
