p,k,db,cp,sp,gyh_db,gyh_cp,gyh_sp,zb,exemplars,labels
-24.9,5,0.8482409810752394,5.809336667492945,24.873443602915884,0.9289736091926678,0.43955237988223905,0.8175087245369566,0.7787520807011328,[ 0  4  7 11 16],"[ 0  0  0 11  4  4  4  7  4 11  0 11 11  0  0  0 16  4  4  4  0  4 11 11
 11 11  0 11]"
-25.9,4,0.9130948098863758,7.567354022726933,24.856162087007107,1.0,0.5725694103276203,0.819197365503316,0.8479416939577341,[ 0  4 11 16],"[ 0  0  0 11  4  4  4 11  4 11 11 11 11  0  0  0 16  4  4  4  0  4 11 11
 11 11 11 11]"
-26.9,5,0.8053312894359062,6.107843684527562,24.08234904058508,0.8819799222559598,0.4621383440394408,0.8948095060926703,0.7802269236610077,[ 0  4 11 16 20],"[ 4  4 11 11  4  4  4 11  4 11 11 11 11  4 11  0 16  4  4  4 20  4 11 11
 11 11 11 11]"
-27.9,3,0.6794448394862608,8.511337732441278,28.914384764576045,0.7441120375777953,0.6439941374392048,0.4226533875255965,0.638717900030098,[ 4 11 16],"[ 4  4 11 11  4  4  4 11  4 11 11 11 11  4 11 11 16  4  4  4 11  4 11 11
 11 11 11 11]"
-28.9,3,0.6794448394862608,8.511337732441278,28.914384764576045,0.7441120375777953,0.6439941374392048,0.4226533875255965,0.638717900030098,[ 4 11 16],"[ 4  4 11 11  4  4  4 11  4 11 11 11 11  4 11 11 16  4  4  4 11  4 11 11
 11 11 11 11]"
-29.9,3,0.6794448394862608,8.511337732441278,28.914384764576045,0.7441120375777953,0.6439941374392048,0.4226533875255965,0.638717900030098,[ 4 11 16],"[ 4  4 11 11  4  4  4 11  4 11 11 11 11  4 11 11 16  4  4  4 11  4 11 11
 11 11 11 11]"
-30.9,2,0.7952201302945361,13.216483252915912,33.23981058683902,0.8709064181336132,1.0,0.0,0.6854532090668066,[ 4 11],"[ 4  4 11 11  4  4  4 11  4 11 11 11 11  4 11 11  4  4  4  4 11  4 11 11
 11 11 11 11]"
