avg,cen
0.0,0.0
0.0,0.0
0.0,0.0
0.0,0.0
0.0,0.0
0.0,0.0
0.0,0.0
0.9658333333333333,0.0
3.2541666666666664,0.74
4.902499999999999,2.57
6.195,2.96
7.285833333333333,3.45
8.475833333333332,3.52
9.656666666666666,1.87
11.005833333333333,0.11
13.24833333333333,4.01
13.770000000000001,1.87
11.262499999999998,0.0
7.153333333333332,0.0
6.3675,0.0
6.0975,0.0
3.567500000000001,0.0
0.37833333333333335,0.0
0.22916666666666666,0.0
