p,k,db,cp,sp,gyh_db,gyh_cp,gyh_sp,zb,exemplars,labels
-29.0,4,0.6899821576585099,8.404877922354823,40.21282900447085,1.0,0.5392443824825839,0.4113136757147138,0.7376395145493244,[3 5 6 7],[5 5 3 3 5 5 6 7 7 7 7 7 6 6 6 6 7 7]
-30.0,4,0.6899821576585099,8.404877922354823,40.21282900447085,1.0,0.5392443824825839,0.4113136757147138,0.7376395145493244,[3 5 6 7],[5 5 3 3 5 5 6 7 7 7 7 7 6 6 6 6 7 7]
-31.0,4,0.6899821576585099,8.404877922354823,40.21282900447085,1.0,0.5392443824825839,0.4113136757147138,0.7376395145493244,[3 5 6 7],[5 5 3 3 5 5 6 7 7 7 7 7 6 6 6 6 7 7]
-32.0,4,0.6899821576585099,8.404877922354823,40.21282900447085,1.0,0.5392443824825839,0.4113136757147138,0.7376395145493244,[3 5 6 7],[5 5 3 3 5 5 6 7 7 7 7 7 6 6 6 6 7 7]
-33.0,4,0.6899821576585099,8.404877922354823,40.21282900447085,1.0,0.5392443824825839,0.4113136757147138,0.7376395145493244,[3 5 6 7],[5 5 3 3 5 5 6 7 7 7 7 7 6 6 6 6 7 7]
-34.0,3,0.5033512081043602,10.139677572323654,45.439337438235526,0.7295133685956583,0.6505465304281602,0.0932744196590324,0.5507119218196274,[3 5 6],[5 5 3 3 5 5 6 6 6 6 6 6 6 6 6 6 6 6]
-35.0,2,0.6636440304996275,15.586398663367213,46.97216564016381,0.9618278141448438,1.0,0.0,0.7309139070724219,[0 6],[0 0 0 0 0 0 6 6 6 6 6 0 6 6 6 6 6 6]
