p,k,db,cp,sp,gyh_db,gyh_cp,gyh_sp,zb,exemplars,labels
-17.3,4,0.6060009297599521,3.8454106165706543,25.737781305481647,0.3914264990193605,0.45262488856826394,0.7735456038833111,0.502255872622574,[ 0  3 14 16],[ 0  0  3  3  0  0 14 14 14 14 14 14 14 14 14 14 16 14]
-18.3,4,0.6060009297599521,3.8454106165706543,25.737781305481647,0.3914264990193605,0.45262488856826394,0.7735456038833111,0.502255872622574,[ 0  3 14 16],[ 0  0  3  3  0  0 14 14 14 14 14 14 14 14 14 14 16 14]
-19.3,4,0.7275083898926457,4.6066951161428396,25.737781305481647,0.4699102725398312,0.5422320452923749,0.7735456038833111,0.5638995485638372,[ 0  3 14 16],[ 0  0  3 14  0  0 14 14 14 14 14 14 14 14 14 14 16 14]
-20.3,4,0.7275083898926457,4.6066951161428396,25.737781305481647,0.4699102725398312,0.5422320452923749,0.7735456038833111,0.5638995485638372,[ 0  3 14 16],[ 0  0  3 14  0  0 14 14 14 14 14 14 14 14 14 14 16 14]
-21.3,2,0.4168723652672389,8.495800195023296,40.759718815023895,0.26926508271053623,1.0,0.0,0.38463254135526814,[ 0 14],[ 0  0 14 14  0  0 14 14 14 14 14 14 14 14 14 14  0 14]
