p,k,db,cp,sp,gyh_db,gyh_cp,gyh_sp,zb,exemplars,labels
-11.1,2,0.11615009863366012,2.790111526930176,48.04320546864531,0.09451592627979562,1.0,0.0,0.29725796313989783,[0 3],[0 0 0 3 0 0 0 0]
