p,k,db,cp,sp,gyh_db,gyh_cp,gyh_sp,zb,exemplars,labels
-20.0,2,1.378157637562148,8.310816007865256,12.060762544648279,1.0,1.0,1.0,1.0,[5 6],[5 5 6 5 5 5 5 5]
