p,k,db,cp,sp,gyh_db,gyh_cp,gyh_sp,zb,exemplars,labels
-9.7,5,0.7420453151717054,1.790406627600742,13.9074285052779,0.4195628861689109,0.36689203227011563,0.6358797582356565,0.46047439071089846,[ 3 12 32 33 37],"[12 12 12  3 37 12 12 12 12 12 12 12 12 12 12 12 12 12 12 12 12 12 37 12
 12 12 12 37 12 37 12 12 32 33 37 12 12 37 37 12 12 37 12]"
-10.7,3,1.3184759860545352,2.8301352013482983,12.709886016068475,1.0,1.0,1.0,1.0,[12 19 33],"[12 19 12 19 19 12 12 12 12 12 12 12 12 12 12 12 12 12 12 19 12 12 19 12
 19 12 12 19 12 19 12 19 19 33 19 12 12 19 19 12 12 19 12]"
-11.7,3,1.30704648445514,2.80536142274895,12.709886016068475,0.9884910584117248,0.9849148354502839,1.0,0.9904742380684334,[12 19 33],"[12 19 19 19 19 12 12 12 12 12 12 12 12 12 12 12 12 12 12 19 12 12 19 12
 19 12 12 19 12 19 12 19 19 33 19 12 12 19 19 12 12 19 12]"
-12.7,3,1.30704648445514,2.80536142274895,12.709886016068475,0.9884910584117248,0.9849148354502839,1.0,0.9904742380684334,[12 19 33],"[12 19 19 19 19 12 12 12 12 12 12 12 12 12 12 12 12 12 12 19 12 12 19 12
 19 12 12 19 12 19 12 19 19 33 19 12 12 19 19 12 12 19 12]"
-13.7,3,1.30704648445514,2.80536142274895,12.709886016068475,0.9884910584117248,0.9849148354502839,1.0,0.9904742380684334,[12 19 33],"[12 19 19 19 19 12 12 12 12 12 12 12 12 12 12 12 12 12 12 19 12 12 19 12
 19 12 12 19 12 19 12 19 19 33 19 12 12 19 19 12 12 19 12]"
-14.7,3,1.30704648445514,2.80536142274895,12.709886016068475,0.9884910584117248,0.9849148354502839,1.0,0.9904742380684334,[12 19 33],"[12 19 19 19 19 12 12 12 12 12 12 12 12 12 12 12 12 12 12 19 12 12 19 12
 19 12 12 19 12 19 12 19 19 33 19 12 12 19 19 12 12 19 12]"
-15.7,3,1.30704648445514,2.80536142274895,12.709886016068475,0.9884910584117248,0.9849148354502839,1.0,0.9904742380684334,[12 19 33],"[12 19 19 19 19 12 12 12 12 12 12 12 12 12 12 12 12 12 12 19 12 12 19 12
 19 12 12 19 12 19 12 19 19 33 19 12 12 19 19 12 12 19 12]"
-16.7,3,1.30704648445514,2.80536142274895,12.709886016068475,0.9884910584117248,0.9849148354502839,1.0,0.9904742380684334,[12 19 33],"[12 19 19 19 19 12 12 12 12 12 12 12 12 12 12 12 12 12 12 19 12 12 19 12
 19 12 12 19 12 19 12 19 19 33 19 12 12 19 19 12 12 19 12]"
-17.7,2,0.3253784443102028,2.6028244343381766,15.998751483713825,0.0,0.8615867050511195,0.0,0.21539667626277986,[12 33],"[12 12 12 12 12 12 12 12 12 12 12 12 12 12 12 12 12 12 12 12 12 12 12 12
 12 12 12 12 12 12 12 12 12 33 12 12 12 12 12 12 12 12 12]"
