p,k,db,cp,sp,gyh_db,gyh_cp,gyh_sp,zb,exemplars,labels
-8.5,5,0.7343588514133863,2.294232538479679,14.030255635464766,0.0,0.0,0.0,0.0,[ 7  8 10 14 18],"[18 18 18 18  7 18  7  7  8  7 10  7  7  7 14 18 18 18 18 18  7 18  7  7
  7  7 18 18 18 10 18 18]"
-9.5,5,0.8496259584562889,2.39698334392241,13.328089523228892,0.1727793622413494,0.04921052625399898,0.09029197110040582,0.1212653054592759,[ 7  8  9 10 18],"[18 18 18 18  7 18  7  7  8  7 10  7  7  7  9 18 18 18 18 18  7 18  7  7
  7  7 18 18 18 18 18 18]"
-10.5,4,0.9829257445642849,3.0986676927115218,12.062861429500005,0.37258876686252657,0.38526877824845607,0.25298842779869535,0.34585868494305116,[ 7  9 10 18],"[18 18 18 18  7 18  7  7  7  7 10  7  7  7  9 18 18 18 18 18  7 18  7  7
  7  7 18 18 18 18 18 18]"
-11.5,3,1.0151423528242234,2.7713731530800683,10.622515155364454,0.4208797769479948,0.22851733999037702,0.4382034387377835,0.3771200831560375,[ 7 10 18],"[18 18 18 18  7 18  7  7  7  7 10  7  7  7  7 18 18 18 18 18  7 18  7  7
  7  7 18 18 18 18 18 18]"
-12.5,3,1.0151423528242234,2.7713731530800683,10.622515155364454,0.4208797769479948,0.22851733999037702,0.4382034387377835,0.3771200831560375,[ 7 10 18],"[18 18 18 18  7 18  7  7  7  7 10  7  7  7  7 18 18 18 18 18  7 18  7  7
  7  7 18 18 18 18 18 18]"
-13.5,3,1.0151423528242234,2.7713731530800683,10.622515155364454,0.4208797769479948,0.22851733999037702,0.4382034387377835,0.3771200831560375,[ 7 10 18],"[18 18 18 18  7 18  7  7  7  7 10  7  7  7  7 18 18 18 18 18  7 18  7  7
  7  7 18 18 18 18 18 18]"
-14.5,2,1.4014935459024769,4.382216822825374,6.253638249905021,1.0,1.0,1.0,1.0,[ 7 18],"[18 18 18 18  7 18  7  7  7  7  7  7  7  7  7 18 18 18 18 18  7 18  7  7
  7  7 18 18 18 18 18 18]"
