p,k,db,cp,sp,gyh_db,gyh_cp,gyh_sp,zb,exemplars,labels
-7.7,4,0.3939959407912676,0.9522668431231985,22.318560619764128,0.7020174506991058,0.32876104218936225,0.36618697882545326,0.5247457306032568,[ 0  9 11 18],[ 0  9  9  9  9  9  9  9  9  9  9 11  9  9  9  9  9  9 18  9  9  9]
-8.7,3,0.2932698208023608,1.323282001232249,24.088617764044113,0.40424454749144195,0.537112626300521,0.23962270983217362,0.39630610777889463,[ 9 11 18],[ 9  9  9  9  9  9  9  9  9  9  9 11  9  9  9  9  9  9 18  9  9  9]
-9.7,3,0.2932698208023608,1.323282001232249,24.088617764044113,0.40424454749144195,0.537112626300521,0.23962270983217362,0.39630610777889463,[ 9 11 18],[ 9  9  9  9  9  9  9  9  9  9  9 11  9  9  9  9  9  9 18  9  9  9]
-10.7,2,0.15652808118514658,2.1475533062594785,27.439847086853145,0.0,1.0,0.0,0.25,[ 9 11],[ 9  9  9  9  9  9  9  9  9  9  9 11  9  9  9  9  9  9  9  9  9  9]
