p,k,db,cp,sp,gyh_db,gyh_cp,gyh_sp,zb,exemplars,labels
-15.8,3,1.487469003101036,4.864274859123463,21.289481706879613,1.0,1.0,0.0,0.75,[0 1 2],[1 0 2]
-16.8,3,1.487469003101036,4.864274859123463,21.289481706879613,1.0,1.0,0.0,0.75,[0 1 2],[1 0 2]
-17.8,2,0.23120350465155412,1.8241030721712985,15.77919915115817,0.0,0.0,1.0,0.25,[0 2],[0 0 2]
