avg,cen
16.761000000000003,17.91
16.427,16.62
16.089,17.12
15.931499999999996,16.31
15.957500000000005,16.21
15.743000000000004,16.48
14.813999999999998,15.56
15.5555,16.25
17.201500000000003,17.02
18.663000000000004,18.54
19.2845,18.92
20.0135,19.22
20.895999999999994,21.09
20.799,20.29
20.539,20.33
20.450999999999993,20.85
19.9395,19.2
18.866999999999997,18.39
18.121,17.95
17.7805,17.05
18.124499999999998,17.66
17.75,18.39
17.489,17.43
16.994000000000003,16.81
