p,k,db,cp,sp,gyh_db,gyh_cp,gyh_sp,zb,exemplars,labels
-11.8,4,0.5711426338947309,1.6066201121615387,13.275365355318344,0.18549800682460788,0.09732681750594593,0.24923762677436836,0.1793901144823825,[ 4 18 21 22],[18 18 18 18  4 18 18 18 18 18 18 18 18 18 18 18 18 18 18 18 18 21 22]
-12.8,3,0.4636583999529318,2.1861621347367506,12.113550785463312,0.0,0.1935001574705141,1.0,0.29837503936762855,[18 21 22],[18 18 18 18 18 18 18 18 18 18 18 18 18 18 18 18 18 18 18 18 18 21 22]
-13.8,3,0.4636583999529318,2.1861621347367506,12.113550785463312,0.0,0.1935001574705141,1.0,0.29837503936762855,[18 21 22],[18 18 18 18 18 18 18 18 18 18 18 18 18 18 18 18 18 18 18 18 18 21 22]
-14.8,2,1.043094458494669,7.046142562975243,13.510075728220837,1.0,1.0,0.0975682286165061,0.7743920571541265,[18 22],[18 18 18 18 18 18 18 18 18 18 18 18 18 18 18 18 18 18 18 18 18 22 18]
