p,k,db,cp,sp,gyh_db,gyh_cp,gyh_sp,zb,exemplars,labels
-21.3,2,0.5289690457089801,3.162417801250291,11.956910624180987,1.0,1.0,1.0,1.0,[1 3],[1 1 1 3]
