p,k,db,cp,sp,gyh_db,gyh_cp,gyh_sp,zb,exemplars,labels
-15.4,4,0.6993884430950551,3.5124713893525255,19.11493017997014,0.0,0.0,0.04708938786571419,0.011772346966428548,[ 5 13 15 20],"[ 5  5  5  5  5  5  5  5  5 13  5 13 13 13 13 15 13 13 13 13 20 13  5  5
 13 13 13  5  5  5]"
-16.4,4,0.6993884430950551,3.5124713893525255,19.11493017997014,0.0,0.0,0.04708938786571419,0.011772346966428548,[ 5 13 15 20],"[ 5  5  5  5  5  5  5  5  5 13  5 13 13 13 13 15 13 13 13 13 20 13  5  5
 13 13 13  5  5  5]"
-17.4,4,1.0950262277954244,5.57516648533962,17.330257265754096,0.9953854552883893,0.47307698510245266,0.40436021836949204,0.7170520285121808,[ 5 13 14 20],"[ 5  5  5  5  5  5  5  5  5 13  5 13 13 13 13 14 13 13 13 13 20 13  5  5
 13 13 13  5  5  5]"
-18.4,3,0.8347711380516761,4.927294978476468,19.350155526949777,0.34060944295202344,0.32448832563607033,0.0,0.2514268028850293,[ 5 13 20],"[ 5  5  5  5  5  5  5  5  5 13  5 13 13 13 13 13 13 13 13 13 20 13  5  5
 13 13 13  5  5  5]"
-19.4,3,0.8347711380516761,4.927294978476468,19.350155526949777,0.34060944295202344,0.32448832563607033,0.0,0.2514268028850293,[ 5 13 20],"[ 5  5  5  5  5  5  5  5  5 13  5 13 13 13 13 13 13 13 13 13 20 13  5  5
 13 13 13  5  5  5]"
-20.4,3,0.8347711380516761,4.927294978476468,19.350155526949777,0.34060944295202344,0.32448832563607033,0.0,0.2514268028850293,[ 5 13 20],"[ 5  5  5  5  5  5  5  5  5 13  5 13 13 13 13 13 13 13 13 13 20 13  5  5
 13 13 13  5  5  5]"
-21.4,2,1.0968603798190477,7.872639313269568,14.354861307996813,1.0,1.0,1.0,1.0,[ 5 13],"[ 5  5  5  5  5  5  5  5  5  5  5 13 13 13 13 13 13 13 13 13 13 13  5  5
 13 13 13  5  5  5]"
