p,k,db,cp,sp,gyh_db,gyh_cp,gyh_sp,zb,exemplars,labels
-26.9,3,0.992246655488802,8.372211212736033,25.857015266224977,0.8942567077377971,0.7212646649153468,0.5514502874021598,0.7653070919482752,[3 6 7],[3 3 3 3 3 3 6 3 3 3 7 7]
-27.9,3,0.992246655488802,8.372211212736033,25.857015266224977,0.8942567077377971,0.7212646649153468,0.5514502874021598,0.7653070919482752,[3 6 7],[3 3 3 3 3 3 6 3 3 3 7 7]
-28.9,3,0.7593704581109303,6.605355409542416,25.857015266224977,0.684378346923324,0.5690503183750238,0.5514502874021598,0.622314324905958,[3 6 7],[3 3 3 3 3 3 6 7 3 3 7 7]
-29.9,3,0.7593704581109303,6.605355409542416,25.857015266224977,0.684378346923324,0.5690503183750238,0.5514502874021598,0.622314324905958,[3 6 7],[3 3 3 3 3 3 6 7 3 3 7 7]
-30.9,3,0.7593704581109303,6.605355409542416,25.857015266224977,0.684378346923324,0.5690503183750238,0.5514502874021598,0.622314324905958,[3 6 7],[3 3 3 3 3 3 6 7 3 3 7 7]
-31.9,3,0.7593704581109303,6.605355409542416,25.857015266224977,0.684378346923324,0.5690503183750238,0.5514502874021598,0.622314324905958,[3 6 7],[3 3 3 3 3 3 6 7 3 3 7 7]
-32.9,2,1.10957697817989,11.607682477719411,20.922716865954147,1.0,1.0,1.0,1.0,[3 7],[3 3 3 3 3 3 7 7 3 3 7 7]
