p,k,db,cp,sp,gyh_db,gyh_cp,gyh_sp,zb,exemplars,labels
-23.1,2,0.537432056593341,6.575717209866312,24.470878241049782,0.4268081561441108,1.0,0.04356249614140822,0.4742947021074075,[4 7],[4 4 4 4 4 4 4 7 4 4 4 7]
