p,k,db,cp,sp,gyh_db,gyh_cp,gyh_sp,zb,exemplars,labels
-32.1,2,0.18425814915916558,2.9020029353687486,31.499317111472177,0.0,1.0,0.0,0.25,[3 5],[3 3 5 3 3 5]
