p,k,db,cp,sp,gyh_db,gyh_cp,gyh_sp,zb,exemplars,labels
-13.1,4,0.8434596000261863,4.351435590070219,20.00690965167397,1.0,0.0,1.0,0.75,[ 7 12 31 34],"[ 7  7 12  7  7  7 12  7  7  7 12 12 12 12  7  7  7  7  7  7  7  7  7 31
 34 31 34 34 31 34 31 31 31 34 34 31 34 34 34 34 31 31]"
-14.1,4,0.8434596000261863,4.351435590070219,20.00690965167397,1.0,0.0,1.0,0.75,[ 7 12 31 34],"[ 7  7 12  7  7  7 12  7  7  7 12 12 12 12  7  7  7  7  7  7  7  7  7 31
 34 31 34 34 31 34 31 31 31 34 34 31 34 34 34 34 31 31]"
-15.1,4,0.8434596000261863,4.351435590070219,20.00690965167397,1.0,0.0,1.0,0.75,[ 7 12 31 34],"[ 7  7 12  7  7  7 12  7  7  7 12 12 12 12  7  7  7  7  7  7  7  7  7 31
 34 31 34 34 31 34 31 31 31 34 34 31 34 34 34 34 31 31]"
-16.1,4,0.8434596000261863,4.351435590070219,20.00690965167397,1.0,0.0,1.0,0.75,[ 7 12 31 34],"[ 7  7 12  7  7  7 12  7  7  7 12 12 12 12  7  7  7  7  7  7  7  7  7 31
 34 31 34 34 31 34 31 31 31 34 34 31 34 34 34 34 31 31]"
-17.1,2,0.6136382189277161,6.500572915871593,21.186988409003682,0.0,1.0,0.0,0.25,[ 7 31],"[ 7  7  7  7  7  7  7  7  7  7  7  7  7  7  7  7  7  7  7  7  7  7  7 31
 31 31 31 31 31 31 31 31 31 31 31 31 31 31 31 31 31 31]"
