p,k,db,cp,sp,gyh_db,gyh_cp,gyh_sp,zb,exemplars,labels
-15.6,3,0.35261105157312805,2.5098941421580023,26.796446280977065,0.4801601355860916,0.41220777522952157,0.33099202393588084,0.42588001758439636,[2 6 8],[6 6 2 6 6 6 6 6 8 6 6 6 6 6 6 6 6 6 6 6]
-16.6,3,0.35261105157312805,2.5098941421580023,26.796446280977065,0.4801601355860916,0.41220777522952157,0.33099202393588084,0.42588001758439636,[2 6 8],[6 6 2 6 6 6 6 6 8 6 6 6 6 6 6 6 6 6 6 6]
-17.6,2,0.2756495497318727,4.06066689735849,29.4625324170371,0.0,1.0,0.0,0.25,[2 6],[6 6 2 6 6 6 6 6 6 6 6 6 6 6 6 6 6 6 6 6]
