p,k,db,cp,sp,gyh_db,gyh_cp,gyh_sp,zb,exemplars,labels
-16.8,3,1.493568957378826,5.388967100739887,15.411226326048672,1.0,1.0,1.0,1.0,[0 1 2],[2 1 0]
-17.8,3,1.493568957378826,5.388967100739887,15.411226326048672,1.0,1.0,1.0,1.0,[0 1 2],[2 1 0]
-18.8,3,1.493568957378826,5.388967100739887,15.411226326048672,1.0,1.0,1.0,1.0,[0 1 2],[2 1 0]
-19.8,2,0.2403534360682388,2.0208626627774575,16.815758458337278,0.0,0.0,0.0,0.0,[1 2],[2 1 2]
