p,k,db,cp,sp,gyh_db,gyh_cp,gyh_sp,zb,exemplars,labels
-12.9,3,0.6560139000666727,3.135963615052067,15.314309446100493,1.0,0.8064832424879458,0.10793900716121048,0.728605562412289,[ 1  8 10],[ 8  1  8  8  8  8  8  8  8  8 10 10  8  8  8  8  8  8  8  8]
-13.9,2,0.46429997128472206,3.6005754791770186,15.509695032778895,0.0,1.0,0.0,0.25,[1 8],[8 1 8 8 8 8 8 8 8 8 8 8 8 8 8 8 8 8 8 8]
