p,k,db,cp,sp,gyh_db,gyh_cp,gyh_sp,zb,exemplars,labels
-12.4,6,0.6531696320753827,2.366238093863703,16.343157581731283,0.15402994527895947,0.15116183002506337,0.07577585048860332,0.1337493927678964,[ 1 22 26 32 35 38],"[ 1  1  1  1 26 26 26 22 26 26 26 26 26 26 26 26 26 26 26 26 26 22 22 26
 26 26 26 26 32 26 32 32 32 32  1 35 26 26 38]"
-13.4,5,0.8127893005209254,3.2846175166754548,16.665983418724483,0.40073975580411586,0.3756073201145058,0.030670311570193613,0.30193928582323276,[ 2 22 26 32 35],"[ 2 26 26 26 26 26 26 22 26 26 26 26 26 26 26 26 26 26 26 26 26 22 22 26
 26 26 26 26 32 26 32 32 32 32 26 35 26 26 26]"
-14.4,3,0.7995548920314678,3.3826443868930895,14.547528013206252,0.3802845171568778,0.39956439970647867,0.32666295463280803,0.37169909716326055,[26 32 35],"[26 26 26 26 26 26 26 26 26 26 26 26 26 26 26 26 26 26 26 26 26 26 26 26
 26 26 26 26 32 26 32 32 32 32 26 35 26 26 26]"
-15.4,2,1.2005068431980066,5.839489030166811,9.728372750647736,1.0,1.0,1.0,1.0,[26 32],"[26 26 26 26 26 26 26 26 26 26 26 26 26 26 26 26 26 26 26 26 26 26 26 26
 26 26 26 26 32 26 32 32 32 32 26 32 26 26 26]"
