p,k,db,cp,sp,gyh_db,gyh_cp,gyh_sp,zb,exemplars,labels
-16.5,3,0.8455790228503868,4.918298002617237,15.098446036407097,0.25841865904834016,0.43752768231528416,0.8620455044996169,0.4541026262278953,[ 5 15 17],[15 15 15  5  5  5 15  5 15 15  5  5 15 15 15 15 15 17 15 15 15 15]
-17.5,3,0.8455790228503868,4.918298002617237,15.098446036407097,0.25841865904834016,0.43752768231528416,0.8620455044996169,0.4541026262278953,[ 5 15 17],[15 15 15  5  5  5 15  5 15 15  5  5 15 15 15 15 15 17 15 15 15 15]
-18.5,2,1.0745622352547104,7.827752660844368,14.569193675392668,1.0,1.0,1.0,1.0,[ 5 15],[15 15 15  5  5  5 15  5 15  5  5  5 15 15 15 15 15  5 15 15 15 15]
