p,k,db,cp,sp,gyh_db,gyh_cp,gyh_sp,zb,exemplars,labels
-31.0,4,0.45763387899494085,4.28374175083121,34.16976386613968,0.0,0.0,0.6299963102797878,0.15749907756994694,[ 8 14 17 21],"[14 14 14 14 14 14 14 14  8 14 14 14 14 14 14 14 14 17 21 21 21 21 21 21
 21 21 21 21]"
-32.0,4,0.45763387899494085,4.28374175083121,34.16976386613968,0.0,0.0,0.6299963102797878,0.15749907756994694,[ 8 14 17 21],"[14 14 14 14 14 14 14 14  8 14 14 14 14 14 14 14 14 17 21 21 21 21 21 21
 21 21 21 21]"
-33.0,4,0.45763387899494085,4.28374175083121,34.16976386613968,0.0,0.0,0.6299963102797878,0.15749907756994694,[ 8 14 17 21],"[14 14 14 14 14 14 14 14  8 14 14 14 14 14 14 14 14 17 21 21 21 21 21 21
 21 21 21 21]"
-34.0,3,0.48686824285992003,6.002622641014322,33.196086483028175,0.42329578513261856,0.3336713801347998,1.0,0.5450657376000092,[14 17 21],"[14 14 14 14 14 14 14 14 14 14 14 14 14 14 14 14 14 17 21 21 21 21 21 21
 21 21 21 21]"
-35.0,3,0.48686824285992003,6.002622641014322,33.196086483028175,0.42329578513261856,0.3336713801347998,1.0,0.5450657376000092,[14 17 21],"[14 14 14 14 14 14 14 14 14 14 14 14 14 14 14 14 14 17 21 21 21 21 21 21
 21 21 21 21]"
-36.0,3,0.48686824285992003,6.002622641014322,33.196086483028175,0.42329578513261856,0.3336713801347998,1.0,0.5450657376000092,[14 17 21],"[14 14 14 14 14 14 14 14 14 14 14 14 14 14 14 14 14 17 21 21 21 21 21 21
 21 21 21 21]"
-37.0,3,0.48686824285992003,6.002622641014322,33.196086483028175,0.42329578513261856,0.3336713801347998,1.0,0.5450657376000092,[14 17 21],"[14 14 14 14 14 14 14 14 14 14 14 14 14 14 14 14 14 17 21 21 21 21 21 21
 21 21 21 21]"
-38.0,2,0.526697557140992,9.435160159832012,35.82762073569408,1.0,1.0,0.0,0.75,[14 21],"[14 14 14 14 14 14 14 14 14 14 14 14 14 14 14 14 14 14 21 21 21 21 21 21
 21 21 21 21]"
