avg,cen
0.039375,0.0
0.030625,0.0
0.0,0.0
0.0,0.0
0.0,0.0
0.005,0.0
0.0,0.0
0.0,0.0
0.0375,0.0
0.29750000000000004,0.0
0.105625,0.0
0.0,0.0
0.9025,0.0
0.571875,0.0
0.741875,0.0
2.0425,0.04
1.433125,0.0
0.68875,0.0
0.308125,0.0
0.2575,0.0
1.048125,0.04
0.80125,0.0
0.30125,0.0
2.156875,0.0
