p,k,db,cp,sp,gyh_db,gyh_cp,gyh_sp,zb,exemplars,labels
-12.8,4,0.6366315377708612,2.080613588516715,13.30560042958149,0.6585074436551819,0.42559991258127117,0.27989107090882626,0.5056264677001152,[ 0  2  9 16],[ 0  0  2  9  9  0  0  9  9  9  9  9  9  9  9  0 16  0]
-13.8,3,0.7413544045419448,2.9900482287699526,12.451312188573787,0.7668287931301573,0.6116293154105069,0.4725980429259531,0.6544712361491937,[0 2 9],[0 0 2 9 9 0 0 9 9 9 9 9 9 9 9 0 0 0]
-14.8,3,0.7413544045419448,2.9900482287699526,12.451312188573787,0.7668287931301573,0.6116293154105069,0.4725980429259531,0.6544712361491937,[0 2 9],[0 0 2 9 9 0 0 9 9 9 9 9 9 9 9 0 0 0]
-15.8,2,0.9667795617269048,4.888660751591221,10.113289409757229,1.0,1.0,1.0,1.0,[0 9],[0 0 0 9 9 0 0 9 9 9 9 9 9 9 9 0 0 0]
