p,k,db,cp,sp,gyh_db,gyh_cp,gyh_sp,zb,exemplars,labels
-20.0,6,0.49257238405055487,1.8778746058136189,27.635998289439446,0.5791693883271898,0.34517832489198713,0.0,0.37587927538659166,[ 7 13 21 26 28 36],"[ 7  7  7  7  7  7  7  7  7  7  7 13 13 28 13 13  7  7  7  7  7 21  7  7
  7  7 26 13 13 13 13 13 13 13  7  7 36  7]"
-21.0,6,0.49306622240857306,1.7411495001838777,27.635998289439446,0.5797500462548509,0.32004643228007,0.0,0.36988663119744297,[ 7 13 21 26 28 36],"[ 7  7  7  7  7  7  7  7  7  7  7 13 13 28 13 13  7  7  7  7  7 21  7  7
  7  7 26  7 13 13 13 13 13 13  7  7 36  7]"
-22.0,5,0.5384807158294598,2.2701047267412635,20.92433385836313,0.6331486638538931,0.4172754370712779,0.41327616868757994,0.524212233366661,[ 7 13 14 26 36],"[ 7  7  7  7  7  7  7  7  7  7  7 13 13 14 13 13  7  7  7  7  7  7  7  7
  7  7 26  7 14 14 13 13 13 13  7  7 36  7]"
-23.0,5,0.5276473860062947,2.1775134394574893,20.92433385836313,0.6204107735246918,0.4002559271714896,0.41327616868757994,0.5135884107271133,[ 7 13 26 28 36],"[ 7  7  7  7  7  7  7  7  7  7  7 13 13 28 13 13  7  7  7  7  7  7  7  7
  7  7 26  7 13 13 13 13 13 13  7  7 36  7]"
-24.0,5,0.7542384365175122,3.760799394590633,15.260438859636912,0.8868378091733814,0.6912849405709662,0.7620350866817774,0.8067489113998766,[ 7 13 14 26 32],"[ 7  7  7  7  7  7  7  7  7  7  7 13 13 14 32 32  7  7  7  7  7  7  7  7
  7  7 26  7 14 14 32 32 14 14  7  7  7  7]"
-25.0,3,0.6554433307081711,3.9404268097742086,11.395854435052184,0.7706739663473016,0.7243028482021736,1.0,0.8164126952241941,[ 7 13 14],"[ 7  7  7  7  7  7  7  7  7  7  7 13 13 14 13 13  7  7  7  7  7  7  7  7
  7  7  7  7 13 13 13 13 13 13  7  7  7  7]"
-26.0,3,0.6554433307081711,3.9404268097742086,11.395854435052184,0.7706739663473016,0.7243028482021736,1.0,0.8164126952241941,[ 7 13 14],"[ 7  7  7  7  7  7  7  7  7  7  7 13 13 14 13 13  7  7  7  7  7  7  7  7
  7  7  7  7 13 13 13 13 13 13  7  7  7  7]"
-27.0,3,0.6734988804134462,4.094745621913832,11.395854435052184,0.7919037835626371,0.752668698035154,1.0,0.834119066290107,[ 7 13 14],"[ 7  7  7  7  7  7  7  7  7  7  7 13 13 14 13 13  7  7  7  7  7  7  7  7
  7  7  7  7 14 14 13 13 13 13  7  7  7  7]"
-28.0,2,0.6365241941132418,5.440302795377553,17.093781652578276,0.7484287387946356,1.0,0.649145520592984,0.7865007495455638,[ 7 28],"[ 7  7  7  7  7  7  7  7  7  7  7  7 28 28 28 28  7  7  7  7  7  7  7  7
  7  7  7  7 28 28 28 28 28 28  7  7  7  7]"
