p,k,db,cp,sp,gyh_db,gyh_cp,gyh_sp,zb,exemplars,labels
-9.5,5,0.6720006379647393,2.243799006870735,16.29861500068744,0.3541921497999011,0.0,0.4746910243840365,0.2957688309959597,[ 3  7 14 25 27],"[ 7  7  7  3  7  7  7  7  7  7 25  7  7  7 14  7  7  7  7  7  7 27 25 27
  7 25 25 27 27 27 25 25 25]"
-10.5,5,0.9127920450934204,2.9909538800467494,12.948397354838042,1.0,0.2592098673927205,1.0,0.8148024668481801,[ 3  7 14 24 25],"[ 7  7  7  3  7  7  7  7  7  7 25  7  7  7 14  7  7  7  7  7  7 24 25 25
  7 25 25 25 25 25 25 25 25]"
-11.5,4,0.7831019601456835,2.9674777665996825,15.987861838552732,0.6521683395969075,0.25106531735098225,0.5234166423965396,0.5197046597353342,[ 3  7 25 28],"[ 7  7  7  3  7  7  7  7  7  7 25  7  7  7  7  7  7  7  7  7  7 28 25 28
 28 25 25 28 28 28 25 25 25]"
-12.5,4,0.7270894970523422,2.8910692064983228,16.689266357235432,0.5019416815692321,0.22455695416872626,0.41343749233800636,0.41046945241129923,[ 3  7 25 27],"[ 7  7  7  3  7  7  7  7  7  7 25  7  7  7  7  7  7  7  7  7  7 27 25 27
  7 25 25 27 27 27 27 25 25]"
-13.5,3,0.5399390253382818,3.243056426273649,19.32601091440272,0.0,0.3466716104970144,0.0,0.0866679026242536,[ 3  7 27],"[ 7  7  7  3  7  7  7  7  7  7  7  7  7  7  7  7  7  7  7  7  7 27 27 27
  7 27  7 27 27 27 27 27 27]"
-14.5,3,0.5399390253382818,3.243056426273649,19.32601091440272,0.0,0.3466716104970144,0.0,0.0866679026242536,[ 3  7 27],"[ 7  7  7  3  7  7  7  7  7  7  7  7  7  7  7  7  7  7  7  7  7 27 27 27
  7 27  7 27 27 27 27 27 27]"
-15.5,3,0.5399390253382818,3.243056426273649,19.32601091440272,0.0,0.3466716104970144,0.0,0.0866679026242536,[ 3  7 27],"[ 7  7  7  3  7  7  7  7  7  7  7  7  7  7  7  7  7  7  7  7  7 27 27 27
  7 27  7 27 27 27 27 27 27]"
-16.5,2,0.6923004044414863,5.126231225564108,14.809268325358548,0.4086365699901368,1.0,0.7082182930745766,0.6313728582637126,[ 7 27],"[ 7  7  7  7  7  7  7  7  7  7  7  7  7  7  7  7  7  7  7  7  7 27 27 27
  7 27  7 27 27 27 27 27 27]"
