p,k,db,cp,sp,gyh_db,gyh_cp,gyh_sp,zb,exemplars,labels
-21.0,3,0.3976091445900922,3.1226210559124072,23.589962559298083,0.010253433084259392,0.6398002433322347,0.09243326138919694,0.18818509272248762,[16 19 25],"[25 25 25 25 25 25 25 25 25 25 25 25 25 25 25 25 16 19 25 19 25 25 25 25
 25 25 25 25 25 25 25 25 25 25]"
-23.0,3,0.19650172887467302,1.8892328921328423,25.50529836621207,0.005067331461993612,0.3870888085537076,0.0,0.0993058678694237,[16 19 20],"[20 20 20 20 20 20 20 20 20 20 20 20 20 20 20 20 16 19 20 19 20 20 20 20
 20 20 20 20 20 20 20 20 20 20]"
-24.0,3,0.19650172887467302,1.8892328921328423,25.50529836621207,0.005067331461993612,0.3870888085537076,0.0,0.0993058678694237,[16 19 20],"[20 20 20 20 20 20 20 20 20 20 20 20 20 20 20 20 16 19 20 19 20 20 20 20
 20 20 20 20 20 20 20 20 20 20]"
-25.0,3,0.19650172887467302,1.8892328921328423,25.50529836621207,0.005067331461993612,0.3870888085537076,0.0,0.0993058678694237,[16 19 20],"[20 20 20 20 20 20 20 20 20 20 20 20 20 20 20 20 16 19 20 19 20 20 20 20
 20 20 20 20 20 20 20 20 20 20]"
-26.0,2,0.4249601416200476,4.880618737575091,22.969771795392525,0.010958752923227233,1.0,0.12236339415459069,0.2860702250002613,[19 25],"[25 25 25 25 25 25 25 25 25 25 25 25 25 25 25 25 25 19 25 19 25 25 25 25
 25 25 25 25 25 25 25 25 25 25]"
