p,k,db,cp,sp,gyh_db,gyh_cp,gyh_sp,zb,exemplars,labels
-8.8,5,0.7624649829087978,1.5812413141568542,18.683476583238903,0.7903517567682863,0.513755341935998,0.3237462131841336,0.6045512671641761,[ 3  8 12 37 42],"[42  8 42  3  8 42  8  8  8 42 42  8 12  8 42  8  8 42 42 42 42 42 42 42
  8  8  8 42 42 42 42 42 42 42 42 42 42 37 42 42 42 42 42 42 42 42 42 42
 42 42 42 42 42 42  8]"
-9.8,3,0.9048737392692908,2.712839960171559,21.34073746597731,1.0,0.9583377396262092,0.07554008039937185,0.7584694550063953,[ 8 12 42],"[42  8 42  8  8 42  8  8  8 42 42  8 12  8 42  8  8 42 42 42 42 42 42 42
  8  8  8 42 42 42 42 42 42 42 42 42 42 42 42 42 42 42 42 42 42 42 42 42
 42 42 42 42 42 42  8]"
-10.8,3,0.7083444663687746,2.818883199116311,16.885243861806803,0.7106777851293032,1.0,0.4917133076207616,0.7282672194698421,[12 25 42],"[42 42 42 25 25 42 25 25 25 42 42 25 12 25 42 25 25 42 42 42 42 42 42 42
 25 25 42 25 42 25 42 42 42 42 42 42 42 42 42 42 42 42 42 42 42 42 42 42
 42 42 42 42 42 42 25]"
-11.8,3,0.6695190805775765,2.7494726521602715,20.105918647644334,0.6535206683062795,0.9727299891181523,0.19088050691873873,0.6176629581623626,[11 12 42],"[42 11 42 11 11 42 11 11 11 42 42 11 12 11 42 11 11 42 42 42 42 42 42 42
 11 11 11 11 42 11 42 42 42 42 42 42 42 42 42 42 42 42 42 42 42 42 42 42
 42 42 42 42 42 42 42]"
-12.8,3,0.6695190805775765,2.7494726521602715,20.105918647644334,0.6535206683062795,0.9727299891181523,0.19088050691873873,0.6176629581623626,[11 12 42],"[42 11 42 11 11 42 11 11 11 42 42 11 12 11 42 11 11 42 42 42 42 42 42 42
 11 11 11 11 42 11 42 42 42 42 42 42 42 42 42 42 42 42 42 42 42 42 42 42
 42 42 42 42 42 42 42]"
-13.8,2,0.22559899713326553,2.4984478942921573,22.149459226685103,0.0,0.8741073996288038,0.0,0.21852684990720095,[12 42],"[42 42 42 42 42 42 42 42 42 42 42 42 12 42 42 42 42 42 42 42 42 42 42 42
 42 42 42 42 42 42 42 42 42 42 42 42 42 42 42 42 42 42 42 42 42 42 42 42
 42 42 42 42 42 42 42]"
