p,k,db,cp,sp,gyh_db,gyh_cp,gyh_sp,zb,exemplars,labels
-16.9,4,0.3293126634500861,2.3649161092701196,22.982594826368835,0.5188506963504912,0.34086504595648476,0.1841941712880945,0.39069015248639044,[1 4 8 9],[1 1 1 4 4 4 4 4 8 9 4 4 4 4 4 4 4 4 4]
-17.9,4,0.3293126634500861,2.3649161092701196,22.982594826368835,0.5188506963504912,0.34086504595648476,0.1841941712880945,0.39069015248639044,[1 4 8 9],[1 1 1 4 4 4 4 4 8 9 4 4 4 4 4 4 4 4 4]
-18.9,4,0.34605657546555624,2.2426840258144,21.85828603586072,0.5452316751984996,0.32324723508312164,0.30912833015066293,0.43070972890769593,[ 1  8  9 17],[ 1  1  1 17 17 17 17 17  8  9 17 17 17 17 17 17 17 17 17]
-19.9,4,0.34605657546555624,2.2426840258144,21.85828603586072,0.5452316751984996,0.32324723508312164,0.30912833015066293,0.43070972890769593,[ 1  8  9 17],[ 1  1  1 17 17 17 17 17  8  9 17 17 17 17 17 17 17 17 17]
-20.9,3,0.5048458726202393,4.36702473949508,21.72428016581333,0.7954131791181018,0.6294371638326359,0.32401917757475085,0.6360706749108976,[ 1  9 17],[ 1  1  1 17 17 17 17 17  1  9 17 17 17 17 17 17 17 17 17]
-21.9,2,0.6346963890892239,6.937983631128983,21.86236994694375,1.0,1.0,0.30867452244201943,0.8271686306105048,[ 1 17],[ 1  1  1 17 17 17 17 17  1 17 17 17 17 17 17 17 17 17 17]
