p,k,db,cp,sp,gyh_db,gyh_cp,gyh_sp,zb,exemplars,labels
-2.3,2,0.020039561361520908,0.5470979924261583,54.60179317863434,0.06402811542761806,1.0,0.0,0.28201405771380905,[0 9],[0 0 0 0 0 0 0 0 0 9 0 0]
