p,k,db,cp,sp,gyh_db,gyh_cp,gyh_sp,zb,exemplars,labels
-2.7,2,0.029206986944247035,0.546268952351216,37.406731025968824,0.03725095063540602,1.0,0.0,0.26862547531770303,[6 9],[6 6 6 6 6 6 6 6 6 9 6 6]
