p,k,db,cp,sp,gyh_db,gyh_cp,gyh_sp,zb,exemplars,labels
-27.6,3,0.5340601361668713,9.147417303200086,38.44239837931929,0.0,0.4272673203345255,0.0,0.10681683008363138,[3 5 9],[3 3 3 3 5 5 9 9 3 9 9 3 3 3]
-28.6,3,0.6859673583421576,7.612169676020167,30.591512807448748,0.9649246495427036,0.0,1.0,0.7324623247713518,[ 3  9 11],[ 3  3 11  3 11 11  9  9 11  9  9 11 11 11]
-29.6,3,0.6859673583421576,7.612169676020167,30.591512807448748,0.9649246495427036,0.0,1.0,0.7324623247713518,[ 3  9 11],[ 3  3 11  3 11 11  9  9 11  9  9 11 11 11]
-30.6,3,0.6859673583421576,7.612169676020167,30.591512807448748,0.9649246495427036,0.0,1.0,0.7324623247713518,[ 3  9 11],[ 3  3 11  3 11 11  9  9 11  9  9 11 11 11]
-31.6,2,0.6914892393069746,11.205347890487657,32.40931963516279,1.0,1.0,0.7684583718520647,0.9421145929630161,[ 9 11],[11 11 11 11 11 11  9  9 11  9  9 11 11 11]
