p,k,db,cp,sp,gyh_db,gyh_cp,gyh_sp,zb,exemplars,labels
-7.6,7,0.673025305723704,1.2816438901744236,14.251205792166713,0.5466906615224754,0.24841684891390328,0.6772786807440295,0.5047692131757209,[ 0  1  3 21 33 42 58],"[ 0  1  1  3 58 58 58 58 21 21 21 21 21 21 58 21 21 21 21 21 21 21 21 42
 21 21 58 42 42 42 42 42 42 33 21 21 58 21 21 21 42 42 42 42 42 42 42 42
 21 21 21 21 21 21 21 21 58 58 58 58 58 21 21 21 21 21 58 58 58 58]"
-8.6,6,0.7366273556540985,1.5474020756616635,11.344681435148168,0.6527111028519637,0.33800427278046824,1.0,0.6608566196210989,[ 0  1  3 21 42 58],"[ 0  1  1  3 58 58 58 58 21 21 21 21 21 21 58 21 21 21 21 21 21 21 21 42
 21 21 58 42 42 42 42 42 42 42 21 21 58 21 21 21 42 42 42 42 42 42 42 42
 21 21 21 21 21 21 21 21 58 58 58 58 58 21 42 21 21 21 58 58 58 58]"
-9.6,6,0.7366273556540985,1.5474020756616635,11.344681435148168,0.6527111028519637,0.33800427278046824,1.0,0.6608566196210989,[ 0  1  3 21 42 58],"[ 0  1  1  3 58 58 58 58 21 21 21 21 21 21 58 21 21 21 21 21 21 21 21 42
 21 21 58 42 42 42 42 42 42 42 21 21 58 21 21 21 42 42 42 42 42 42 42 42
 21 21 21 21 21 21 21 21 58 58 58 58 58 21 42 21 21 21 58 58 58 58]"
-10.6,4,0.9374652809684274,2.737379346482909,12.360927951511632,0.9874947379836412,0.7391471311168476,0.8871626808637789,0.9003248219869773,[ 1 21 42 58],"[ 1  1  1  1 58 58 58 58 21 21 21 21 21 21 58 21 21 21 21 21 21 21 21 42
 21 21 58 42 21 42 42 42 42 42 21 21 58 21 21 21 42 42 42 42 42 42 42 42
 21 21 21 21 21 21 21 21 58 58 58 58 58 21 21 21 21 21 58 58 58 58]"
-11.6,3,0.9449672333200999,3.142176963520233,14.304593899130468,1.0,0.8756049249989456,0.6713508170155468,0.886738935503623,[ 1 21 42],"[ 1  1  1  1 21 21 21 21 21 21 21 21 21 21 21 21 21 21 21 21 21 21 21 42
 21 21 21 42 21 42 42 42 42 42 21 21 42 21 21 21 42 42 42 42 42 42 42 42
 21 21 21 21 21 21 21 21 21 21 21 21 21 21 21 21 21 21 21 21 21 21]"
-12.6,2,0.34506358141269716,3.5111909164726995,20.35097938819167,0.0,1.0,0.0,0.25,[ 1 21],"[ 1  1  1  1 21 21 21 21 21 21 21 21 21 21 21 21 21 21 21 21 21 21 21 21
 21 21 21 21 21 21 21 21 21 21 21 21 21 21 21 21 21 21 21 21 21 21 21 21
 21 21 21 21 21 21 21 21 21 21 21 21 21 21 21 21 21 21 21 21 21 21]"
