p,k,db,cp,sp,gyh_db,gyh_cp,gyh_sp,zb,exemplars,labels
-11.3,3,0.3912701280263063,1.497715883776549,11.189359496193289,0.0,0.3159835553913899,0.6538626159430789,0.2424615428336172,[0 5 8],[0 8 8 8 8 5 8 8 8 8 8 8]
-12.3,3,0.3912701280263063,1.497715883776549,11.189359496193289,0.0,0.3159835553913899,0.6538626159430789,0.2424615428336172,[0 5 8],[0 8 8 8 8 5 8 8 8 8 8 8]
-13.3,3,0.3912701280263063,1.497715883776549,11.189359496193289,0.0,0.3159835553913899,0.6538626159430789,0.2424615428336172,[0 5 8],[0 8 8 8 8 5 8 8 8 8 8 8]
-14.3,2,0.39844581686340136,2.539655172581441,12.747806929302548,0.2864188132234597,1.0,0.0,0.3932094066117299,[5 8],[8 8 8 8 8 5 8 8 8 8 8 8]
