p,k,db,cp,sp,gyh_db,gyh_cp,gyh_sp,zb,exemplars,labels
-12.0,5,1.190770982698489,4.312054403030583,12.163598166168574,1.0,0.7762907151006989,0.46616453707345124,0.8106138130435375,[ 4  5  6 10 37],"[10 37 37 10  4 10 37 37 10 10 10 10 37 37 37 37 37 37  6 37 37 37 37 37
 37 37 37 37 37 37 10 10  5  5 37 37 37 37 37 37 37 37 37 37 37 37]"
-13.0,3,0.9378113497982773,5.421199114849713,13.878756655324308,0.7875665123053619,0.9759678668738985,0.06292184351555088,0.6535056837500433,[ 5  6 37],"[37 37 37 37  5  5 37 37 37  5 37 37 37 37 37 37 37 37  6 37 37 37 37 37
 37 37 37 37 37 37  5  5  5  5 37 37 37 37 37 37 37 37 37 37 37 37]"
-14.0,3,0.9378113497982773,5.421199114849713,13.878756655324308,0.7875665123053619,0.9759678668738985,0.06292184351555088,0.6535056837500433,[ 5  6 37],"[37 37 37 37  5  5 37 37 37  5 37 37 37 37 37 37 37 37  6 37 37 37 37 37
 37 37 37 37 37 37  5  5  5  5 37 37 37 37 37 37 37 37 37 37 37 37]"
-15.0,3,0.9391954059213963,5.553439298906928,13.878756655324308,0.7887288316289168,0.9997748084038277,0.06292184351555088,0.660038578794303,[ 5  6 37],"[ 5 37 37 37  5  5 37 37 37  5 37 37 37  5 37 37 37 37  6 37 37 37 37 37
 37 37 37 37 37 37  5  5  5  5 37 37 37 37 37 37 37 37 37 37 37 37]"
-16.0,2,0.7853156060941336,5.554690168452204,14.146389363326566,0.6595017996781173,1.0,0.0,0.5797508998390586,[ 5 37],"[ 5 37 37 37  5  5 37 37 37  5 37 37 37  5 37 37 37 37 37 37 37 37 37 37
 37 37 37 37 37 37  5  5  5  5 37 37 37 37 37 37 37 37 37 37 37 37]"
