p,k,db,cp,sp,gyh_db,gyh_cp,gyh_sp,zb,exemplars,labels
-17.7,6,0.9140270783611277,4.390952130167306,26.253592837159836,0.6510164212462074,0.3346306169875682,0.09836961478911257,0.4337582685672739,[ 0  1  4 12 20 30],"[ 0  1 30 20  4 30 30 30 12 30 30 12 30 30 30 30 30 30 30 30 30 30 30 30
 30 30 30 30 30 30 30 30 30 30 30 30 30 30 30 30]"
-18.7,5,0.8291478504565252,3.761495708396086,26.79564041978363,0.4908629314332741,0.2764004463951566,0.0,0.3145315773154262,[ 0  1  4 12 30],"[ 0  1 30 30  4 30 30 30 12 30 30 12 30 30 30 30 30 30 30 30 30 30 30 30
 30 30 30 30 30 30 30 30 30 30 30 30 30 30 30 30]"
-19.7,5,0.7225228148804972,3.1677984591916006,26.79564041978363,0.2896785902170519,0.22147830896720966,0.0,0.20020887235032836,[ 0  1  4 12 30],"[ 0  1 30 30  4 30 30 30 12 30 30 12 12 30 30 30 30 30 30 30 30 30 30 30
 30 30 30 30 30 30 30 30 30 30 30 30 30 30 30 30]"
-20.7,4,0.8966621871477394,4.643281626505404,23.65348183716038,0.6182516565717247,0.35797328076708723,0.5702320963830907,0.5411771725734068,[ 0  1 12 30],"[ 0  1 30 30 12 30 30 30 12 30 30 12 12 30 30 30 30 30 30 30 30 30 30 30
 30 30 30 30 30 30 30 30 30 30 30 30 30 30 30 30]"
-21.7,4,0.8966621871477394,4.643281626505404,23.65348183716038,0.6182516565717247,0.35797328076708723,0.5702320963830907,0.5411771725734068,[ 0  1 12 30],"[ 0  1 30 30 12 30 30 30 12 30 30 12 12 30 30 30 30 30 30 30 30 30 30 30
 30 30 30 30 30 30 30 30 30 30 30 30 30 30 30 30]"
-22.7,3,1.090732666739208,6.48930943585092,26.37450335865294,0.9844315258228445,0.528746841157571,0.07642703667511262,0.6435092323695931,[ 1 12 30],"[30  1 30 30 30 30 30 30 12 30 30 12 30 30 30 30 30 30 30 30 30 30 30 30
 30 30 30 30 30 30 30 30 30 30 30 30 30 30 30 30]"
-23.7,2,1.0883987996303648,11.583461214825723,21.28532522961184,0.9800278929026562,1.0,1.0,0.9900139464513281,[ 0 30],"[30  0 30 30 30 30 30 30 30 30 30 30 30 30 30 30 30 30 30 30 30 30 30 30
 30 30 30 30 30 30 30 30 30 30 30 30 30 30 30 30]"
