p,k,db,cp,sp,gyh_db,gyh_cp,gyh_sp,zb,exemplars,labels
-22.4,2,0.528840103002507,7.269514869041436,27.492298060485687,0.0,1.0,0.0,0.25,[ 2 13],[ 2  2  2  2  2  2 13 13 13 13 13 13 13 13 13]
-21.4,2,0.528840103002507,7.269514869041436,27.492298060485687,0.0,1.0,0.0,0.25,[ 2 13],[ 2  2  2  2  2  2 13 13 13 13 13 13 13 13 13]
-20.4,2,0.528840103002507,7.269514869041436,27.492298060485687,0.0,1.0,0.0,0.25,[ 2 13],[ 2  2  2  2  2  2 13 13 13 13 13 13 13 13 13]
-19.4,2,0.528840103002507,7.269514869041436,27.492298060485687,0.0,1.0,0.0,0.25,[ 2 13],[ 2  2  2  2  2  2 13 13 13 13 13 13 13 13 13]
-18.4,2,0.528840103002507,7.269514869041436,27.492298060485687,0.0,1.0,0.0,0.25,[ 2 13],[ 2  2  2  2  2  2 13 13 13 13 13 13 13 13 13]
-17.4,3,0.5802125307349603,4.604021265164263,26.3573565868258,1.0,0.0,1.0,0.75,[ 2  3 13],[ 2  2  2  3  2  2 13 13 13 13 13 13 13 13 13]
