p,k,db,cp,sp,gyh_db,gyh_cp,gyh_sp,zb,exemplars,labels
-17.3,3,0.5088595262373876,2.980434887821937,28.10321020857955,0.1229364547132552,0.438037289902804,0.0,0.1709775498323286,[3 6 9],[6 6 6 3 6 6 6 6 6 9 6 6 6 6 6]
-18.3,3,0.5088595262373876,2.980434887821937,28.10321020857955,0.1229364547132552,0.438037289902804,0.0,0.1709775498323286,[3 6 9],[6 6 6 3 6 6 6 6 6 9 6 6 6 6 6]
-19.3,2,0.4760920873826914,4.743826937633398,19.928190630987004,0.0,1.0,0.8678889142291994,0.46697222855729986,[3 6],[6 6 6 3 6 6 6 6 6 6 6 6 6 6 6]
