p,k,db,cp,sp,gyh_db,gyh_cp,gyh_sp,zb,exemplars,labels
-18.6,2,0.41084277712168293,3.6256128056106016,17.649636345130496,0.0,0.3912803550746911,0.1886892485939124,0.14499240091715088,[3 5],[5 5 5 3 5 5 5 3]
