p,k,db,cp,sp,gyh_db,gyh_cp,gyh_sp,zb,exemplars,labels
-9.3,2,0.4913907458877092,2.337090818721181,9.512148278247162,1.0,1.0,0.0,0.75,[3 5],[5 5 5 3 5 5 5 5]
