p,k,db,cp,sp,gyh_db,gyh_cp,gyh_sp,zb,exemplars,labels
-40.0,3,1.0325644157772296,7.6367678356397795,33.829483788908135,1.0,1.0,0.39079160749494674,0.8476979018737367,[1 2 7],[7 7 2 7 1 7 7 7 7 7 7 7]
-41.0,3,1.0325644157772296,7.6367678356397795,33.829483788908135,1.0,1.0,0.39079160749494674,0.8476979018737367,[1 2 7],[7 7 2 7 1 7 7 7 7 7 7 7]
-42.0,3,1.0325644157772296,7.6367678356397795,33.829483788908135,1.0,1.0,0.39079160749494674,0.8476979018737367,[1 2 7],[7 7 2 7 1 7 7 7 7 7 7 7]
-43.0,3,1.0325644157772296,7.6367678356397795,33.829483788908135,1.0,1.0,0.39079160749494674,0.8476979018737367,[1 2 7],[7 7 2 7 1 7 7 7 7 7 7 7]
-44.0,3,1.0325644157772296,7.6367678356397795,33.829483788908135,1.0,1.0,0.39079160749494674,0.8476979018737367,[1 2 7],[7 7 2 7 1 7 7 7 7 7 7 7]
-45.0,2,0.1932706559473687,4.004127022844242,41.43543677871764,0.18717539844900663,0.5243222144527575,0.0,0.2246682528376927,[2 7],[7 7 2 7 7 7 7 7 7 7 7 7]
