p,k,db,cp,sp,gyh_db,gyh_cp,gyh_sp,zb,exemplars,labels
-16.7,3,0.4261661599347247,2.4853255177944447,22.95443206390044,0.6369801238770493,0.607747886774822,0.12363705018430314,0.5013362961783059,[4 5 6],[6 6 6 6 4 5 6 6 6 6 6 6]
-17.7,3,0.4261661599347247,2.4853255177944447,22.95443206390044,0.6369801238770493,0.607747886774822,0.12363705018430314,0.5013362961783059,[4 5 6],[6 6 6 6 4 5 6 6 6 6 6 6]
-18.7,3,0.4261661599347247,2.4853255177944447,22.95443206390044,0.6369801238770493,0.607747886774822,0.12363705018430314,0.5013362961783059,[4 5 6],[6 6 6 6 4 5 6 6 6 6 6 6]
-19.7,3,0.4261661599347247,2.4853255177944447,22.95443206390044,0.6369801238770493,0.607747886774822,0.12363705018430314,0.5013362961783059,[4 5 6],[6 6 6 6 4 5 6 6 6 6 6 6]
-20.7,3,0.4261661599347247,2.4853255177944447,22.95443206390044,0.6369801238770493,0.607747886774822,0.12363705018430314,0.5013362961783059,[4 5 6],[6 6 6 6 4 5 6 6 6 6 6 6]
-21.7,3,0.4261661599347247,2.4853255177944447,22.95443206390044,0.6369801238770493,0.607747886774822,0.12363705018430314,0.5013362961783059,[4 5 6],[6 6 6 6 4 5 6 6 6 6 6 6]
-22.7,3,0.4261661599347247,2.4853255177944447,22.95443206390044,0.6369801238770493,0.607747886774822,0.12363705018430314,0.5013362961783059,[4 5 6],[6 6 6 6 4 5 6 6 6 6 6 6]
-23.7,2,0.340749760271036,4.089402154869669,24.002377296564582,0.5093103228603715,1.0,0.0,0.5046551614301857,[4 6],[6 6 6 6 4 6 6 6 6 6 6 6]
