p,k,db,cp,sp,gyh_db,gyh_cp,gyh_sp,zb,exemplars,labels
-12.8,3,0.5297995228198115,2.8238067811351937,37.62195979185484,0.3178557129701715,0.8290775348027817,0.18971264182443184,0.41362540064188913,[0 6 9],[6 6 0 6 6 6 6 6 6 9 6 6]
-13.8,3,0.5297995228198115,2.8238067811351937,37.62195979185484,0.3178557129701715,0.8290775348027817,0.18971264182443184,0.41362540064188913,[0 6 9],[6 6 0 6 6 6 6 6 6 9 6 6]
-14.8,3,0.5297995228198115,2.8238067811351937,37.62195979185484,0.3178557129701715,0.8290775348027817,0.18971264182443184,0.41362540064188913,[0 6 9],[6 6 0 6 6 6 6 6 6 9 6 6]
-15.8,3,0.5297995228198115,2.8238067811351937,37.62195979185484,0.3178557129701715,0.8290775348027817,0.18971264182443184,0.41362540064188913,[0 6 9],[6 6 0 6 6 6 6 6 6 9 6 6]
-16.8,3,0.5297995228198115,2.8238067811351937,37.62195979185484,0.3178557129701715,0.8290775348027817,0.18971264182443184,0.41362540064188913,[0 6 9],[6 6 0 6 6 6 6 6 6 9 6 6]
-17.8,3,0.5297995228198115,2.8238067811351937,37.62195979185484,0.3178557129701715,0.8290775348027817,0.18971264182443184,0.41362540064188913,[0 6 9],[6 6 0 6 6 6 6 6 6 9 6 6]
-18.8,2,0.14899425156953144,3.175701072039861,42.62850463808465,0.08938980127620373,0.9323946785831112,0.0,0.2777935702838797,[6 9],[6 6 6 6 6 6 6 6 6 9 6 6]
