p,k,db,cp,sp,gyh_db,gyh_cp,gyh_sp,zb,exemplars,labels
-8.4,2,0.09986529345978656,2.2577008730502968,45.2149249220285,0.19885352372454576,1.0,0.0,0.3494267618622729,[5 9],[5 5 5 5 5 5 5 5 5 9 5 5]
