p,k,db,cp,sp,gyh_db,gyh_cp,gyh_sp,zb,exemplars,labels
-18.4,4,1.115910877526167,4.636999692793638,21.543096369999493,0.5613374249631627,0.7197006264283161,0.20496040493757764,0.5118339703230548,[ 1  4  7 16],[ 1  1  7  7  7  4  7  7  7  7  7  7  7  7  7  7 16  7]
-19.4,4,1.115910877526167,4.636999692793638,21.543096369999493,0.5613374249631627,0.7197006264283161,0.20496040493757764,0.5118339703230548,[ 1  4  7 16],[ 1  1  7  7  7  4  7  7  7  7  7  7  7  7  7  7 16  7]
-20.4,3,0.5273914768202141,3.910667494632198,21.3643898130228,0.011750876228007329,0.49648847442818367,0.2722492938564478,0.19805988018516152,[ 1  7 16],[ 1  1  7  7  7  7  7  7  7  7  7  7  7  7  7  7 16  7]
-21.4,3,0.5273914768202141,3.910667494632198,21.3643898130228,0.011750876228007329,0.49648847442818367,0.2722492938564478,0.19805988018516152,[ 1  7 16],[ 1  1  7  7  7  7  7  7  7  7  7  7  7  7  7  7 16  7]
-22.4,3,0.5273914768202141,3.910667494632198,21.3643898130228,0.011750876228007329,0.49648847442818367,0.2722492938564478,0.19805988018516152,[ 1  7 16],[ 1  1  7  7  7  7  7  7  7  7  7  7  7  7  7  7 16  7]
-23.4,2,0.5148081655084787,5.085925240622589,19.758525918481475,0.0,0.8576617933329205,0.8769098001450265,0.4336428983694868,[ 7 16],[ 7  7  7  7  7  7  7  7  7  7  7  7  7  7  7  7 16  7]
