avg,cen
0.874,0.99
0.734,1.02
0.74,0.92
0.6039999999999999,0.77
0.5000000000000001,0.53
33.656,33.1
41.49399999999999,40.39
34.886,30.67
36.07,35.42
34.662,36.02
36.554,33.52
37.628,41.13
39.48,39.58
37.788,39.72
39.586,40.92
41.062000000000005,41.27
41.461999999999996,39.54
36.726,38.45
36.894,37.92
36.14,36.9
34.782,35.56
33.548,35.07
11.544,12.36
0.9019999999999999,0.92
