p,k,db,cp,sp,gyh_db,gyh_cp,gyh_sp,zb,exemplars,labels
-20.0,2,0.23359196516965272,2.7084847632779963,23.189879509005227,0.7181166422686031,1.0,0.0,0.6090583211343015,[2 3],[2 2 2 3 2 2]
