p,k,db,cp,sp,gyh_db,gyh_cp,gyh_sp,zb,exemplars,labels
-16.4,4,0.5032691069908563,2.2738674247445356,24.137117717518112,0.8460826241400353,0.5255680322542585,0.0,0.5544333201335823,[ 1  4 11 19],[19  1 19 19  4 19 19 19 19 19 19 11 19 19 19 19 19 19 19 19 19]
-17.4,4,0.5032691069908563,2.2738674247445356,24.137117717518112,0.8460826241400353,0.5255680322542585,0.0,0.5544333201335823,[ 1  4 11 19],[19  1 19 19  4 19 19 19 19 19 19 11 19 19 19 19 19 19 19 19 19]
-18.4,4,0.5032691069908563,2.2738674247445356,24.137117717518112,0.8460826241400353,0.5255680322542585,0.0,0.5544333201335823,[ 1  4 11 19],[19  1 19 19  4 19 19 19 19 19 19 11 19 19 19 19 19 19 19 19 19]
-19.4,2,0.4426892370270988,4.326494925864303,19.54642021531443,0.744237359574791,1.0,0.4139111103768885,0.7255964573816176,[11 12],[12 12 12 12 12 12 12 12 12 12 12 11 12 12 12 12 12 12 12 12 12]
