p,k,db,cp,sp,gyh_db,gyh_cp,gyh_sp,zb,exemplars,labels
-27.4,2,0.3672907547993944,6.4081988832024015,34.894419744937004,0.18739931835697352,0.8679018786849942,0.0,0.3106751288497353,[0 6],[0 6 6 6 6 6 6]
