p,k,db,cp,sp,gyh_db,gyh_cp,gyh_sp,zb,exemplars,labels
-24.4,2,0.4453073890394496,4.778168350045142,21.46009012045316,0.10170730304240713,0.974519703406391,1.0,0.5444835773728014,[0 2],[0 2 2 0 0 0 0]
