avg,cen
97.463,91.94
87.80699999999999,91.75
93.12100000000001,91.01
97.95899999999999,91.12
90.39399999999999,90.92
90.874,89.37
95.63700000000001,89.96
92.253,88.89
83.35000000000001,88.73
97.86700000000002,89.85
93.79,90.7
92.95,90.43
95.515,95.47
96.376,95.2
94.037,92.45
94.834,90.42
94.04400000000001,91.51
93.878,90.22
94.683,90.18
93.95899999999999,89.98
91.538,89.53
94.672,89.15
94.201,89.56
91.02000000000001,88.21
