p,k,db,cp,sp,gyh_db,gyh_cp,gyh_sp,zb,exemplars,labels
-34.0,3,0.52828126162385,5.155957149242851,34.367047372141165,0.5238536561588596,0.6238129572519387,0.23033438164712164,0.4754636628041949,[ 3  7 12],[ 7  7  7  3  7  7  7  7  7  7  7  7 12  7  7]
-35.0,3,0.52828126162385,5.155957149242851,34.367047372141165,0.5238536561588596,0.6238129572519387,0.23033438164712164,0.4754636628041949,[ 3  7 12],[ 7  7  7  3  7  7  7  7  7  7  7  7 12  7  7]
-36.0,3,0.52828126162385,5.155957149242851,34.367047372141165,0.5238536561588596,0.6238129572519387,0.23033438164712164,0.4754636628041949,[ 3  7 12],[ 7  7  7  3  7  7  7  7  7  7  7  7 12  7  7]
-37.0,3,0.52828126162385,5.155957149242851,34.367047372141165,0.5238536561588596,0.6238129572519387,0.23033438164712164,0.4754636628041949,[ 3  7 12],[ 7  7  7  3  7  7  7  7  7  7  7  7 12  7  7]
-38.0,3,0.52828126162385,5.155957149242851,34.367047372141165,0.5238536561588596,0.6238129572519387,0.23033438164712164,0.4754636628041949,[ 3  7 12],[ 7  7  7  3  7  7  7  7  7  7  7  7 12  7  7]
-39.0,2,0.5744749548314421,8.26522932764367,28.774898742343915,0.5696601930098826,1.0,1.0,0.7848300965049413,[3 7],[7 7 7 3 7 7 7 7 7 7 7 7 7 7 7]
