p,k,db,cp,sp,gyh_db,gyh_cp,gyh_sp,zb,exemplars,labels
-19.8,3,0.4381754710834554,3.4498724068775215,25.480501147086983,0.676391221720656,0.6173742963994815,0.22842398003919534,0.5496451799699972,[3 5 6],[5 5 5 3 5 5 6 5 5 5 5 5 5 5 5]
-20.8,3,0.4381754710834554,3.4498724068775215,25.480501147086983,0.676391221720656,0.6173742963994815,0.22842398003919534,0.5496451799699972,[3 5 6],[5 5 5 3 5 5 6 5 5 5 5 5 5 5 5]
-21.8,3,0.4381754710834554,3.4498724068775215,25.480501147086983,0.676391221720656,0.6173742963994815,0.22842398003919534,0.5496451799699972,[3 5 6],[5 5 5 3 5 5 6 5 5 5 5 5 5 5 5]
-22.8,3,0.4381754710834554,3.4498724068775215,25.480501147086983,0.676391221720656,0.6173742963994815,0.22842398003919534,0.5496451799699972,[3 5 6],[5 5 5 3 5 5 6 5 5 5 5 5 5 5 5]
-23.8,3,0.4381754710834554,3.4498724068775215,25.480501147086983,0.676391221720656,0.6173742963994815,0.22842398003919534,0.5496451799699972,[3 5 6],[5 5 5 3 5 5 6 5 5 5 5 5 5 5 5]
-24.8,3,0.4381754710834554,3.4498724068775215,25.480501147086983,0.676391221720656,0.6173742963994815,0.22842398003919534,0.5496451799699972,[3 5 6],[5 5 5 3 5 5 6 5 5 5 5 5 5 5 5]
-25.8,3,0.4381754710834554,3.4498724068775215,25.480501147086983,0.676391221720656,0.6173742963994815,0.22842398003919534,0.5496451799699972,[3 5 6],[5 5 5 3 5 5 6 5 5 5 5 5 5 5 5]
-26.8,3,0.4381754710834554,3.4498724068775215,25.480501147086983,0.676391221720656,0.6173742963994815,0.22842398003919534,0.5496451799699972,[3 5 6],[5 5 5 3 5 5 6 5 5 5 5 5 5 5 5]
-27.8,2,0.3996975995181837,5.58797544212179,27.961015772212928,0.6169947098782858,1.0,0.0,0.5584973549391429,[3 5],[5 5 5 3 5 5 5 5 5 5 5 5 5 5 5]
