p,k,db,cp,sp,gyh_db,gyh_cp,gyh_sp,zb,exemplars,labels
-7.9,4,0.5967995945784609,2.062131277227706,19.237800523501644,0.3115853455586888,0.6472544098904087,0.25255711503597655,0.3807455540109407,[ 1  5  9 12],"[ 5  1 12 12 12  5  5 12 12  9 12 12 12 12  5 12 12 12 12 12 12 12  5 12
 12 12  5 12  5 12 12 12 12]"
-8.9,4,0.6026087709142748,2.1446640699111654,19.237800523501644,0.3187901600927962,0.6811746002205417,0.25255711503597655,0.3928280088605277,[ 1  5  9 12],"[ 5  1 12 12 12  5  5 12  5  9 12 12 12 12  5 12 12 12 12 12 12 12  5 12
 12 12  5 12  5  5 12 12 12]"
-9.9,3,0.6369987399134912,2.9134972563535477,21.95223251547884,0.3614422219600737,0.9971577042488956,0.0,0.4300105370422608,[ 5  9 12],"[ 5 12 12 12 12  5  5 12  5  9 12 12 12 12  5 12 12 12 12 12 12 12  5 12
 12 12  5 12  5  5 12 12 12]"
-10.9,3,0.6369987399134912,2.9134972563535477,21.95223251547884,0.3614422219600737,0.9971577042488956,0.0,0.4300105370422608,[ 5  9 12],"[ 5 12 12 12 12  5  5 12  5  9 12 12 12 12  5 12 12 12 12 12 12 12  5 12
 12 12  5 12  5  5 12 12 12]"
-11.9,3,0.6369987399134912,2.9134972563535477,21.95223251547884,0.3614422219600737,0.9971577042488956,0.0,0.4300105370422608,[ 5  9 12],"[ 5 12 12 12 12  5  5 12  5  9 12 12 12 12  5 12 12 12 12 12 12 12  5 12
 12 12  5 12  5  5 12 12 12]"
-12.9,3,1.1518620602222622,2.7123597514036786,13.213432049136642,1.0,0.9144921088098242,0.8130784787305783,0.9318926468851007,[ 9 12 27],"[27 27 27 27 27 27 27 12 27  9 12 12 12 12 27 12 12 12 12 12 12 27 27 27
 27 12 27 27 27 27 27 12 27]"
-13.9,3,1.1518620602222622,2.7123597514036786,13.213432049136642,1.0,0.9144921088098242,0.8130784787305783,0.9318926468851007,[ 9 12 27],"[27 27 27 27 27 27 27 12 27  9 12 12 12 12 27 12 12 12 12 12 12 27 27 27
 27 12 27 27 27 27 27 12 27]"
-14.9,3,1.1518620602222622,2.7123597514036786,13.213432049136642,1.0,0.9144921088098242,0.8130784787305783,0.9318926468851007,[ 9 12 27],"[27 27 27 27 27 27 27 12 27  9 12 12 12 12 27 12 12 12 12 12 12 27 27 27
 27 12 27 27 27 27 27 12 27]"
-15.9,2,0.3455711684424133,2.9204129783376485,16.901948108117775,0.0,1.0,0.46989029889277933,0.36747257472319483,[ 9 12],"[12 12 12 12 12 12 12 12 12  9 12 12 12 12 12 12 12 12 12 12 12 12 12 12
 12 12 12 12 12 12 12 12 12]"
