p,k,db,cp,sp,gyh_db,gyh_cp,gyh_sp,zb,exemplars,labels
-21.1,2,0.47695885213141737,2.510307841795471,10.526307796060367,0.0,0.25119215187473976,1.0,0.31279803796868494,[0 3],[0 3 0 3]
