p,k,db,cp,sp,gyh_db,gyh_cp,gyh_sp,zb,exemplars,labels
-32.1,2,0.31961084734386497,5.03912941801066,31.532906094323693,0.8613686631038023,1.0,0.0,0.6806843315519011,[0 1],[0 1 1 1]
