p,k,db,cp,sp,gyh_db,gyh_cp,gyh_sp,zb,exemplars,labels
-21.0,4,0.9217447100523743,6.83661421092463,19.86148202847419,0.3219635033552097,0.22629139482967298,0.6180017620539335,0.3720550408985065,[ 8 11 15 22],[15 15 11 15 11 11 11  8  8 11 11 11  8  8 15 15 15 22 22  8 11 15 22 22]
-22.0,3,1.3678692121908675,8.753822899937036,16.60749980976202,1.0,0.47315953017175505,1.0,0.8682898825429388,[ 8 21 22],[21 21 21 21 22 21 22  8  8 21  8 22  8  8 21 21 21 22 22  8 21 21 22 22]
-23.0,3,1.3678692121908675,8.753822899937036,16.60749980976202,1.0,0.47315953017175505,1.0,0.8682898825429388,[ 8 21 22],[21 21 21 21 22 21 22  8  8 21  8 22  8  8 21 21 21 22 22  8 21 21 22 22]
-24.0,3,1.3678692121908675,8.753822899937036,16.60749980976202,1.0,0.47315953017175505,1.0,0.8682898825429388,[ 8 21 22],[21 21 21 21 22 21 22  8  8 21  8 22  8  8 21 21 21 22 22  8 21 21 22 22]
-25.0,3,1.3678692121908675,8.753822899937036,16.60749980976202,1.0,0.47315953017175505,1.0,0.8682898825429388,[ 8 21 22],[21 21 21 21 22 21 22  8  8 21  8 22  8  8 21 21 21 22 22  8 21 21 22 22]
-26.0,3,1.3678692121908675,8.753822899937036,16.60749980976202,1.0,0.47315953017175505,1.0,0.8682898825429388,[ 8 21 22],[21 21 21 21 22 21 22  8  8 21  8 22  8  8 21 21 21 22 22  8 21 21 22 22]
-27.0,3,1.3678692121908675,8.753822899937036,16.60749980976202,1.0,0.47315953017175505,1.0,0.8682898825429388,[ 8 21 22],[21 21 21 21 22 21 22  8  8 21  8 22  8  8 21 21 21 22 22  8 21 21 22 22]
-28.0,2,1.08210546550774,12.845331611980647,23.74136721683302,0.5656857026674416,1.0,0.16252622292431543,0.5734744070647997,[ 8 22],[22 22 22 22 22  8 22  8  8 22  8 22  8  8  8  8 22 22 22  8 22 22 22 22]
