p,k,db,cp,sp,gyh_db,gyh_cp,gyh_sp,zb,exemplars,labels
-36.2,2,0.526672250620364,11.537313465840883,43.812118266155665,0.630101899032964,1.0,0.0,0.5650509495164819,[ 5 13],[ 5  5  5  5  5  5  5  5  5  5  5  5  5 13  5  5  5  5]
