p,k,db,cp,sp,gyh_db,gyh_cp,gyh_sp,zb,exemplars,labels
-32.3,4,0.7191955205985665,7.2374394404683615,31.638594078706088,0.6737939009562074,0.4628672147956407,0.2266396541332695,0.5092736677103312,[ 9 10 12 15],[ 9 15 15 15 15 15 15 15 15 15 10 15 12 15 15 15 15 15]
-33.3,4,0.7191955205985665,7.2374394404683615,31.638594078706088,0.6737939009562074,0.4628672147956407,0.2266396541332695,0.5092736677103312,[ 9 10 12 15],[ 9 15 15 15 15 15 15 15 15 15 10 15 12 15 15 15 15 15]
-34.3,3,0.8349613159299935,10.047494575854577,33.215576269344076,0.7822515937526544,0.6425830389675985,0.0,0.5517715566182269,[ 9 12 15],[ 9 15 15 15 15 15 15 15 15 15 15 15 12 15 15 15 15 15]
-35.3,3,0.8349613159299935,10.047494575854577,33.215576269344076,0.7822515937526544,0.6425830389675985,0.0,0.5517715566182269,[ 9 12 15],[ 9 15 15 15 15 15 15 15 15 15 15 15 12 15 15 15 15 15]
-36.3,3,0.8349613159299935,10.047494575854577,33.215576269344076,0.7822515937526544,0.6425830389675985,0.0,0.5517715566182269,[ 9 12 15],[ 9 15 15 15 15 15 15 15 15 15 15 15 12 15 15 15 15 15]
-37.3,3,0.8349613159299935,10.047494575854577,33.215576269344076,0.7822515937526544,0.6425830389675985,0.0,0.5517715566182269,[ 9 12 15],[ 9 15 15 15 15 15 15 15 15 15 15 15 12 15 15 15 15 15]
-38.3,2,1.0673820578932636,15.636102988334883,29.29804351254791,1.0,1.0,0.5630173088364674,0.8907543272091168,[ 9 15],[ 9 15 15 15 15 15 15 15 15 15 15 15 15 15 15 15 15 15]
