p,k,db,cp,sp,gyh_db,gyh_cp,gyh_sp,zb,exemplars,labels
-19.6,5,0.9816368353201564,4.797639034326826,21.419696511138998,0.8305930620584338,0.9085233024664046,0.7343475467053774,0.8260142433221624,[ 0  2 15 20 26],"[ 0 20  2 20 20 20 20 20 15 15 20 20 20 20 20 15 15 15 15 20 20 15 15 15
 20 20 20 26 20 20 20 20]"
-20.6,4,0.9295023980535011,3.7348327996821196,22.72028539763663,0.7578615765570023,0.605066830093869,0.5442687868826003,0.6662646925226184,[ 0  2 15 20],"[ 0 20  2 20 20 20 20 20 15 15 20 20 20 20 20 15 15 15 15 20 20 15 15 15
 20 20 20 20 20 20 20 20]"
-21.6,3,1.1030689127452347,5.118021076941687,19.60200457781644,1.0,1.0,1.0,1.0,[ 2 15 20],"[20 20  2 20 20 20 20 20 15 15 20 20 20 20 20 15 15 15 15 20 20 15 15 15
 20 20 20 20 20 20 20 20]"
-22.6,3,1.1030689127452347,5.118021076941687,19.60200457781644,1.0,1.0,1.0,1.0,[ 2 15 20],"[20 20  2 20 20 20 20 20 15 15 20 20 20 20 20 15 15 15 15 20 20 15 15 15
 20 20 20 20 20 20 20 20]"
-23.6,3,0.4577892457242547,3.298251526634207,24.22438527593249,0.09978602998517104,0.48041248699310685,0.3244472564326801,0.25110795084903226,[ 0  2 14],"[ 0 14  2 14 14 14 14 14 14 14 14 14 14 14 14 14 14 14 14 14 14 14 14 14
 14 14 14 14 14 14 14 14]"
-24.6,2,0.38626192183578406,5.10722715063954,26.444372908240403,0.0,0.9969180771697357,0.0,0.24922951929243392,[ 0 14],"[ 0 14 14 14 14 14 14 14 14 14 14 14 14 14 14 14 14 14 14 14 14 14 14 14
 14 14 14 14 14 14 14 14]"
