p,k,db,cp,sp,gyh_db,gyh_cp,gyh_sp,zb,exemplars,labels
-34.8,2,0.26995521144117696,4.661691137723248,34.53677454742545,1.0,1.0,0.0,0.75,[1 2],[1 1 2 1]
