p,k,db,cp,sp,gyh_db,gyh_cp,gyh_sp,zb,exemplars,labels
-18.4,4,0.888067388384471,5.002759101871861,22.629172201270176,0.843412866369063,0.525464624048104,0.5371882685913482,0.6873696563443946,[ 6 12 14 18],"[12 18  6  6  6  6  6  6  6  6  6 12 12 18 14  6  6  6  6  6  6  6  6  6
  6  6  6  6  6]"
-19.4,4,0.8190164222250809,4.97067895470036,22.629172201270176,0.6592470908157518,0.5204997863838664,0.5371882685913482,0.5940455591516796,[ 6 12 14 18],"[12 18  6  6  6  6  6  6  6  6  6 12 12 12 14  6  6  6  6  6  6  6  6  6
  6  6  6  6  6]"
-20.4,3,0.946778040962891,6.734162833330739,19.22512994721132,1.0,0.7934228229925645,0.8641986017529586,0.9144053561863807,[ 6 12 18],"[12 18  6  6  6  6  6  6  6  6  6 12 12 12  6  6  6  6  6  6  6  6  6  6
  6  6  6  6  6]"
-21.4,2,0.5718388539617663,8.068954963274294,28.221079793272644,0.0,1.0,0.0,0.25,[ 6 12],"[12 12  6  6  6  6  6  6  6  6  6 12 12 12  6  6  6  6  6  6  6  6  6  6
  6  6  6  6  6]"
