p,k,db,cp,sp,gyh_db,gyh_cp,gyh_sp,zb,exemplars,labels
-15.5,3,0.8046730651679486,4.4017767807162045,15.310890102834131,0.5788981643739997,0.420199572300037,1.0,0.644498975262009,[ 0 14 18],[ 0  0  0  0  0  0 18 18 18 18 18 18 18 18 14 18  0 18 18 18]
-16.5,3,0.8317976188047128,4.470851812308822,15.310890102834131,0.6614869987417169,0.434114579447287,1.0,0.6892721442326801,[ 0 14 18],[ 0  0  0  0  0  0  0 18 18 18 18 18 18 18 14 18  0 18 18 18]
-17.5,4,0.726356798185589,2.9420643473686985,15.591242969780728,0.34044081356483075,0.12614384080571955,0.9152663728653847,0.4305729602001914,[ 0  7 13 14],[ 0  0  0  0  0  0 13  7 13 13 13 13 13 13 14 13 13 13 13 13]
-18.5,3,0.9429750452651772,4.379142498699583,15.831993437482161,1.0,0.41563994794992926,0.842502143325391,0.81453552281883,[ 0 13 14],[ 0  0  0  0  0  0 13  0 13 13 13 13 13 13 14 13 13 13 13 13]
-19.5,3,0.8727043742280288,4.154711095845193,15.831993437482161,0.7860398777833048,0.3704287550951156,0.842502143325391,0.696252663496779,[ 0 13 14],[ 0  0  0  0  0  0 13 13 13 13 13 13 13 13 14 13 13 13 13 13]
-20.5,3,0.8727043742280288,4.154711095845193,15.831993437482161,0.7860398777833048,0.3704287550951156,0.842502143325391,0.696252663496779,[ 0 13 14],[ 0  0  0  0  0  0 13 13 13 13 13 13 13 13 14 13 13 13 13 13]
-21.5,3,0.8727043742280288,4.154711095845193,15.831993437482161,0.7860398777833048,0.3704287550951156,0.842502143325391,0.696252663496779,[ 0 13 14],[ 0  0  0  0  0  0 13 13 13 13 13 13 13 13 14 13 13 13 13 13]
-22.5,3,0.8727043742280288,4.154711095845193,15.831993437482161,0.7860398777833048,0.3704287550951156,0.842502143325391,0.696252663496779,[ 0 13 14],[ 0  0  0  0  0  0 13 13 13 13 13 13 13 13 14 13 13 13 13 13]
-23.5,2,0.7950970246392584,7.279945109124362,18.312092445390117,0.5497410384830651,1.0,0.0929189951957443,0.5481002680404686,[ 0 15],[ 0  0  0  0  0  0 15  0 15 15  0 15 15 15  0 15  0 15 15 15]
