p,k,db,cp,sp,zb,exemplars,labels
0.0,2,0.0,0.0,29.85547726352088,7.46386931588022,[0 4],[0 0 0 0 4]
