p,k,db,cp,sp,gyh_db,gyh_cp,gyh_sp,zb,exemplars,labels
-15.9,2,0.3059711351648969,2.406006277762277,15.727014749058657,1.0,1.0,0.0,0.75,[0 3],[0 3 3 3 3]
