p,k,db,cp,sp,gyh_db,gyh_cp,gyh_sp,zb,exemplars,labels
-21.0,3,0.24441235395287197,2.3882700220599724,29.056493490783122,0.2237822543153734,0.3703645319826976,0.6454422366396378,0.36584281931327056,[4 6 7],[4 4 4 4 4 4 6 7 4 4]
-22.0,3,0.24441235395287197,2.3882700220599724,29.056493490783122,0.2237822543153734,0.3703645319826976,0.6454422366396378,0.36584281931327056,[4 6 7],[4 4 4 4 4 4 6 7 4 4]
-23.0,3,0.24441235395287197,2.3882700220599724,29.056493490783122,0.2237822543153734,0.3703645319826976,0.6454422366396378,0.36584281931327056,[4 6 7],[4 4 4 4 4 4 6 7 4 4]
-24.0,3,0.24441235395287197,2.3882700220599724,29.056493490783122,0.2237822543153734,0.3703645319826976,0.6454422366396378,0.36584281931327056,[4 6 7],[4 4 4 4 4 4 6 7 4 4]
-25.0,3,1.0921882733758899,6.448430710345519,24.40238456411633,1.0,1.0,0.8646813208779125,0.9661703302194782,[4 5 7],[4 4 4 4 4 4 5 7 4 4]
-26.0,2,0.21477480394768472,4.5916963643954745,42.75824053843792,0.1966463193052132,0.7120641549313387,0.0,0.2763391983854413,[4 7],[4 4 4 4 4 4 4 7 4 4]
