p,k,db,cp,sp,gyh_db,gyh_cp,gyh_sp,zb,exemplars,labels
-33.7,2,0.4203960209465618,10.253813371560579,48.78168612763336,0.2849374261605948,0.9581399832575332,0.0,0.3820037088946807,[3 5],[3 3 5 3 3 5 3 3 3 3]
