avg,cen
86.62666666666667,88.66
82.48333333333333,84.44
77.46,78.31
72.07333333333334,75.25
68.05166666666666,71.27
63.305,68.06
62.13166666666666,65.63
66.30333333333333,70.88
71.94,77.01
76.86,81.41
82.005,85.63
87.07,91.62
92.17,95.07
96.30999999999999,100.85
100.89666666666665,105.32
104.355,107.75
107.86666666666666,113.1
110.55166666666666,115.81
112.00666666666666,117.11
110.335,113.84
106.145,109.96
100.585,104.08
95.35666666666667,97.39
90.19166666666668,95.21
