p,k,db,cp,sp,gyh_db,gyh_cp,gyh_sp,zb,exemplars,labels
-9.3,2,0.5322420353751173,4.5888153293838085,17.24334052702046,1.0,1.0,0.0,0.75,[1 5],[1 1 1 5 5 5 1 1 1 5 5 5]
