p,k,db,cp,sp,gyh_db,gyh_cp,gyh_sp,zb,exemplars,labels
-35.1,3,1.62217382191905,14.434227855414136,29.248145011918435,1.0,0.8526528087095884,0.8499553564845898,0.9256520412985445,[ 1  2 11],[11  2  1 11 11 11 11 11 11 11 11 11]
-36.1,3,1.62217382191905,14.434227855414136,29.248145011918435,1.0,0.8526528087095884,0.8499553564845898,0.9256520412985445,[ 1  2 11],[11  2  1 11 11 11 11 11 11 11 11 11]
-37.1,3,1.62217382191905,14.434227855414136,29.248145011918435,1.0,0.8526528087095884,0.8499553564845898,0.9256520412985445,[ 1  2 11],[11  2  1 11 11 11 11 11 11 11 11 11]
-38.1,2,0.9051202939139055,16.928611162682984,37.406323284346165,0.5579675135203069,1.0,0.0,0.5289837567601534,[ 2 11],[11  2 11 11 11 11 11 11 11 11 11 11]
