p,k,db,cp,sp,gyh_db,gyh_cp,gyh_sp,zb,exemplars,labels
-14.1,2,0.4814621718194922,3.2090140828539426,13.33028541256634,0.3125621437907344,0.9795866233417032,0.9376936138631753,0.6356011311965868,[0 3],[0 0 0 3 0 0 0 0 3]
