avg,cen
52.30500000000001,45.85
52.857499999999995,46.75
52.80875,46.06
52.74875,46.45
49.99,46.58
83.35374999999999,77.95
84.9075,81.19
81.49249999999999,78.55
70.2825,67.0
80.65125,78.83
81.8575,80.16
82.05875,79.51
87.45875,83.39
91.93125,86.38
94.88374999999999,91.87
96.66624999999999,95.13
99.1525,96.29
105.8,104.21
116.91874999999999,117.34
113.16624999999999,113.81
112.01500000000001,112.87
96.70625,96.2
85.42000000000002,82.64
66.54124999999999,62.04
