p,k,db,cp,sp,gyh_db,gyh_cp,gyh_sp,zb,exemplars,labels
-10.4,2,0.31645965622558364,2.50352051792358,15.82205168129856,0.41934948586892656,1.0,0.0,0.4596747429344633,[0 8],[0 0 0 0 0 0 0 0 8]
