p,k,db,cp,sp,gyh_db,gyh_cp,gyh_sp,zb,exemplars,labels
-8.9,6,0.8566951960287029,1.8227386847606886,16.53785335423959,0.4740365000630359,0.0372295006176065,0.2379929180215492,0.3058238546913069,[ 5 11 20 23 30 33],"[20 20 11 20 11  5 20 11 20 11 11 11 11 11 20 11 11 20 20 20 20 20 23 23
 23 23 23 23 23 23 30 11 11 33 11 11 20 23 11 11 11 20 20 20]"
-9.9,5,0.617981392556276,1.7046139606747714,17.787650667407227,0.0,0.0,0.11652137820574468,0.02913034455143617,[ 5 11 24 30 33],"[24 11 11 11 11  5 24 11 11 11 11 11 11 11 11 11 11 11 24 11 11 11 24 24
 24 24 24 24 24 24 30 11 11 33 11 11 11 24 11 11 11 11 24 11]"
-10.9,5,0.617981392556276,1.7046139606747714,17.787650667407227,0.0,0.0,0.11652137820574468,0.02913034455143617,[ 5 11 24 30 33],"[24 11 11 11 11  5 24 11 11 11 11 11 11 11 11 11 11 11 24 11 11 11 24 24
 24 24 24 24 24 24 30 11 11 33 11 11 11 24 11 11 11 11 24 11]"
-11.9,4,0.6673971260381777,2.1756513036996044,18.986516719726605,0.09812947976640225,0.1484573630860184,0.0,0.08617908065470573,[ 5 11 24 33],"[24 11 11 11 11  5 24 11 11 11 11 11 11 11 11 11 11 11 24 11 11 11 24 24
 24 24 24 24 24 24 11 11 11 33 11 11 11 24 11 11 11 11 24 11]"
-12.9,3,0.7660863326593876,2.975598945417746,17.77101477943886,0.29410593952784975,0.4005777506835967,0.11813826992605007,0.27673197491633655,[ 5 11 24],"[24 11 11 11 11  5 24 11 11 11 11 11 11 11 11 11 11 11 24 11 11 11 24 24
 24 24 24 24 24 24 11 11 11 11 11 11 11 24 11 11 11 11 24 11]"
-13.9,3,0.7660863326593876,2.975598945417746,17.77101477943886,0.29410593952784975,0.4005777506835967,0.11813826992605007,0.27673197491633655,[ 5 11 24],"[24 11 11 11 11  5 24 11 11 11 11 11 11 11 11 11 11 11 24 11 11 11 24 24
 24 24 24 24 24 24 11 11 11 11 11 11 11 24 11 11 11 11 24 11]"
-14.9,3,0.7660863326593876,2.975598945417746,17.77101477943886,0.29410593952784975,0.4005777506835967,0.11813826992605007,0.27673197491633655,[ 5 11 24],"[24 11 11 11 11  5 24 11 11 11 11 11 11 11 11 11 11 11 24 11 11 11 24 24
 24 24 24 24 24 24 11 11 11 11 11 11 11 24 11 11 11 11 24 11]"
-15.9,2,1.1215582340878532,4.877493589096481,8.697709028124207,1.0,1.0,1.0,1.0,[11 24],"[24 11 11 11 11 24 24 11 11 11 11 11 11 11 11 11 11 11 24 11 11 11 24 24
 24 24 24 24 24 24 11 11 11 11 11 11 11 24 11 11 11 11 24 11]"
