p,k,db,cp,sp,gyh_db,gyh_cp,gyh_sp,zb,exemplars,labels
-20.6,6,0.7442730851667342,3.8010146025144116,24.625525143050307,0.14844026018122125,0.19765969532354907,0.21185580242976124,0.1765990045289382,[ 1 16 24 28 32 38],"[38  1 28 38 38 38 38 38 38 38 38 38 38 38 28 38 16 38 38 38 38 38 38 28
 24 28 28 28 28 28 38 28 32 38 38 38 38 38 38 38 28 28 28 28 28 38 38 38
 28]"
-21.6,5,0.7973562702639668,4.6224579178171386,24.35850348615557,0.25551776420567,0.2810967825566169,0.25796567923278946,0.2625244975501866,[16 24 28 32 38],"[38 38 28 38 38 38 38 38 38 38 38 38 38 38 28 38 16 38 38 38 38 38 38 28
 24 28 28 28 28 28 38 28 32 38 38 38 38 38 38 38 28 28 28 28 28 38 38 38
 28]"
-22.6,4,0.837591950807159,5.704416990973547,25.359577110557037,0.33667974115559307,0.3909954351937635,0.08509812223867984,0.28736325993590733,[16 28 32 38],"[38 38 38 38 38 38 38 38 38 38 38 38 38 38 38 38 16 38 38 38 38 38 38 28
 38 28 28 28 28 38 38 28 32 38 38 38 38 38 38 38 28 28 28 28 28 38 38 38
 28]"
-23.6,4,0.8446894495735722,5.786455081208198,25.359577110557037,0.3509965620345977,0.3993283525890682,0.08509812223867984,0.2966048997242358,[16 28 32 38],"[38 38 38 38 38 38 38 38 38 28 38 38 38 38 28 38 16 38 38 38 38 38 38 28
 38 28 28 28 28 28 38 28 32 38 38 38 38 38 38 38 28 28 28 28 28 38 38 38
 28]"
-24.6,4,0.8446894495735722,5.786455081208198,25.359577110557037,0.3509965620345977,0.3993283525890682,0.08509812223867984,0.2966048997242358,[16 28 32 38],"[38 38 38 38 38 38 38 38 38 28 38 38 38 38 28 38 16 38 38 38 38 38 38 28
 38 28 28 28 28 28 38 28 32 38 38 38 38 38 38 38 28 28 28 28 28 38 38 38
 28]"
-25.6,3,0.9371764277060283,7.690983520768845,25.85237915589477,0.5375579892558038,0.5927784697050834,0.0,0.4169736120541727,[28 32 38],"[38 38 38 38 38 38 38 38 38 38 38 38 38 38 38 38 38 38 38 38 38 38 38 28
 38 28 28 28 28 38 38 28 32 38 38 38 38 38 38 38 28 28 28 28 28 38 38 38
 28]"
-26.6,2,1.1664299490382555,11.700104824029456,20.06139302866224,1.0,1.0,1.0,1.0,[28 38],"[38 38 38 38 38 38 38 38 38 38 38 38 38 38 38 38 38 38 38 38 38 38 38 28
 38 28 28 28 28 38 38 28 38 38 38 38 38 38 38 38 28 28 28 28 28 38 38 38
 28]"
