p,k,db,cp,sp,gyh_db,gyh_cp,gyh_sp,zb,exemplars,labels
-6.4,3,0.7000804300624225,1.7308614803790192,25.624230329063355,0.9765706133209688,0.8621234121156939,0.6138340228069786,0.8572746653911526,[12 15 18],[15 15 12 15 12 12 15 15 15 12 12 12 12 15 12 15 15 12 18 15]
-7.4,3,0.7000804300624225,1.7308614803790192,25.624230329063355,0.9765706133209688,0.8621234121156939,0.6138340228069786,0.8572746653911526,[12 15 18],[15 15 12 15 12 12 15 15 15 12 12 12 12 15 12 15 15 12 18 15]
-8.4,3,0.7123809185587561,1.602755704590809,29.514274531853715,0.9962804048950913,0.7502284118945758,0.4651424079506009,0.8019829074088398,[ 7 12 18],[ 7  7  7  7 12 12  7  7  7 12 12 12 12 12 12  7 12 12 18 12]
-9.4,3,0.7123809185587561,1.602755704590809,29.514274531853715,0.9962804048950913,0.7502284118945758,0.4651424079506009,0.8019829074088398,[ 7 12 18],[ 7  7  7  7 12 12  7  7  7 12 12 12 12 12 12  7 12 12 18 12]
-10.4,3,0.7147022438060011,1.6113512427255319,29.514274531853715,1.0,0.7577362524705974,0.4651424079506009,0.8057196651052996,[ 7 12 18],[ 7  7  7  7 12 12  7  7  7 12 12 12 12  7 12  7 12 12 18 12]
-11.4,2,0.0906221539646022,1.8887129234197857,41.68324942171499,0.0,1.0,0.0,0.25,[12 18],[12 12 12 12 12 12 12 12 12 12 12 12 12 12 12 12 12 12 18 12]
