p,k,db,cp,sp,gyh_db,gyh_cp,gyh_sp,zb,exemplars,labels
-20.0,2,0.23127330685276634,3.5928506417987647,31.07017139756688,0.6485118204328186,1.0,0.0,0.5742559102164093,[3 7],[7 7 7 3 3 7 7 7 3 3]
