avg,cen
13.485,11.94
13.617500000000001,12.4
13.697499999999998,12.21
13.499999999999998,11.97
13.733749999999999,11.85
13.758750000000001,11.76
13.18375,11.35
12.003749999999998,10.83
11.975,10.83
12.7875,10.77
13.12875,10.32
13.41,10.34
13.3975,10.78
13.405,11.02
13.52875,11.07
14.10125,10.98
13.6175,10.99
12.7775,10.45
12.903750000000002,11.07
15.155,12.17
15.1175,12.03
14.75,11.86
13.5875,12.12
13.752499999999998,11.74
