p,k,db,cp,sp,gyh_db,gyh_cp,gyh_sp,zb,exemplars,labels
-36.0,3,0.1859658135908273,2.825086372668738,42.77113278001129,0.24868382519462223,0.3007240574908436,0.326970594991773,0.28126557571796523,[4 6 9],[6 6 6 6 4 6 6 6 6 9]
-37.0,3,0.1859658135908273,2.825086372668738,42.77113278001129,0.24868382519462223,0.3007240574908436,0.326970594991773,0.28126557571796523,[4 6 9],[6 6 6 6 4 6 6 6 6 9]
-38.0,3,0.1859658135908273,2.825086372668738,42.77113278001129,0.24868382519462223,0.3007240574908436,0.326970594991773,0.28126557571796523,[4 6 9],[6 6 6 6 4 6 6 6 6 9]
-39.0,3,0.1859658135908273,2.825086372668738,42.77113278001129,0.24868382519462223,0.3007240574908436,0.326970594991773,0.28126557571796523,[4 6 9],[6 6 6 6 4 6 6 6 6 9]
-40.0,3,0.1859658135908273,2.825086372668738,42.77113278001129,0.24868382519462223,0.3007240574908436,0.326970594991773,0.28126557571796523,[4 6 9],[6 6 6 6 4 6 6 6 6 9]
-41.0,3,0.7478001974808324,9.394281243211664,40.24537289520804,1.0,1.0,0.41831830027210226,0.8545795750680256,[6 8 9],[6 6 6 6 8 6 6 6 6 9]
-42.0,3,0.7478001974808324,9.394281243211664,40.24537289520804,1.0,1.0,0.41831830027210226,0.8545795750680256,[6 8 9],[6 6 6 6 8 6 6 6 6 9]
-43.0,3,0.7478001974808324,9.394281243211664,40.24537289520804,1.0,1.0,0.41831830027210226,0.8545795750680256,[6 8 9],[6 6 6 6 8 6 6 6 6 9]
-44.0,2,0.23758783487561497,6.154933203669973,51.811854819017,0.3177156621193655,0.6551787246222319,0.0,0.3226525122152407,[6 9],[6 6 6 6 6 6 6 6 6 9]
