p,k,db,cp,sp,gyh_db,gyh_cp,gyh_sp,zb,exemplars,labels
-19.1,4,0.4532691459947858,2.433045849717595,26.553218240060644,0.16866332452956564,0.11383233720972998,0.6533671308245049,0.27613152927334156,[ 0 10 19 21],[ 0 19 19 19 19 19 19 19 19 19 10 19 19 19 19 19 19 19 19 19 19 21 19]
-20.1,3,0.4333098356661241,3.3811834753927847,30.387033690279377,0.1489500724391589,0.40799737320583007,0.42341410749136305,0.2823279063938777,[10 19 21],[19 19 19 19 19 19 19 19 19 19 10 19 19 19 19 19 19 19 19 19 19 21 19]
-21.1,3,0.4333098356661241,3.3811834753927847,30.387033690279377,0.1489500724391589,0.40799737320583007,0.42341410749136305,0.2823279063938777,[10 19 21],[19 19 19 19 19 19 19 19 19 19 10 19 19 19 19 19 19 19 19 19 19 21 19]
-22.1,3,0.4333098356661241,3.3811834753927847,30.387033690279377,0.1489500724391589,0.40799737320583007,0.42341410749136305,0.2823279063938777,[10 19 21],[19 19 19 19 19 19 19 19 19 19 10 19 19 19 19 19 19 19 19 19 19 21 19]
-23.1,3,0.4333098356661241,3.3811834753927847,30.387033690279377,0.1489500724391589,0.40799737320583007,0.42341410749136305,0.2823279063938777,[10 19 21],[19 19 19 19 19 19 19 19 19 19 10 19 19 19 19 19 19 19 19 19 19 21 19]
-24.1,2,0.28250058787404786,5.289295916633223,37.4462648480678,0.0,1.0,0.0,0.25,[19 21],[19 19 19 19 19 19 19 19 19 19 19 19 19 19 19 19 19 19 19 19 19 21 19]
