p,k,db,cp,sp,gyh_db,gyh_cp,gyh_sp,zb,exemplars,labels
-15.1,4,0.36708473853060797,1.4916699584470496,17.412313377546308,0.4436928887189378,0.2961191472766561,0.931009853934582,0.5286286946622785,[ 0  3 16 23],"[ 0  0  0  3  0  0  0  0  0  0  0  0  0  0  0  0 16  0  0  0  0  0  0 23
  0  0]"
-16.1,3,0.3108891577402699,2.093574365759607,19.11858352059669,0.30681313032226354,0.529278710735591,0.8445431840709939,0.496862038862778,[ 0  3 23],"[ 0  0  0  3  0  0  0  0  0  0  0  0  0  0  0  0  0  0  0  0  0  0  0 23
  0  0]"
-17.1,2,0.18492793268758004,3.3087474190150363,35.78418220469574,0.0,1.0,0.0,0.25,[13 23],"[13 13 13 13 13 13 13 13 13 13 13 13 13 13 13 13 13 13 13 13 13 13 13 23
 13 13]"
