p,k,db,cp,sp,gyh_db,gyh_cp,gyh_sp,zb,exemplars,labels
-39.0,4,0.4993793369508596,7.940892007142217,44.76571110364643,0.3317920695699629,0.23783559226058934,0.40493263351619413,0.3265880912291773,[ 5  7  8 18],[ 8  8  5  8  8  5  8  7  8  8 18  5  8  8  8  8  8 18 18 18  5]
-40.0,4,0.4993793369508596,7.940892007142217,44.76571110364643,0.3317920695699629,0.23783559226058934,0.40493263351619413,0.3265880912291773,[ 5  7  8 18],[ 8  8  5  8  8  5  8  7  8  8 18  5  8  8  8  8  8 18 18 18  5]
-41.0,4,0.4993793369508596,7.940892007142217,44.76571110364643,0.3317920695699629,0.23783559226058934,0.40493263351619413,0.3265880912291773,[ 5  7  8 18],[ 8  8  5  8  8  5  8  7  8  8 18  5  8  8  8  8  8 18 18 18  5]
-42.0,3,0.6788276365641822,12.195043324267482,42.43157552208934,0.8071283620023729,0.5912426278065717,0.7506310312682278,0.7390325957698863,[ 5  8 18],[ 8  8  5  8  8  5  8  5  8  8 18  5  8  8  8  8  8 18 18 18  5]
-43.0,3,0.6788276365641822,12.195043324267482,42.43157552208934,0.8071283620023729,0.5912426278065717,0.7506310312682278,0.7390325957698863,[ 5  8 18],[ 8  8  5  8  8  5  8  5  8  8 18  5  8  8  8  8  8 18 18 18  5]
-44.0,3,0.6788276365641822,12.195043324267482,42.43157552208934,0.8071283620023729,0.5912426278065717,0.7506310312682278,0.7390325957698863,[ 5  8 18],[ 8  8  5  8  8  5  8  5  8  8 18  5  8  8  8  8  8 18 18 18  5]
-45.0,3,0.6788276365641822,12.195043324267482,42.43157552208934,0.8071283620023729,0.5912426278065717,0.7506310312682278,0.7390325957698863,[ 5  8 18],[ 8  8  5  8  8  5  8  5  8  8 18  5  8  8  8  8  8 18 18 18  5]
-46.0,2,0.7206547867202064,17.115476531305553,47.4997928181406,0.917923295813505,1.0,0.0,0.7089616479067524,[ 8 18],[ 8  8 18  8  8 18  8  8  8  8 18  8  8  8  8  8  8 18 18 18  8]
