p,k,db,cp,sp,gyh_db,gyh_cp,gyh_sp,zb,exemplars,labels
-18.8,5,0.5266088908848868,2.5879227023814675,23.603501822382615,0.0,0.18378588058769865,0.13320514948236842,0.07924775751751677,[13 24 29 35 37],"[13 13 13 13 13 13 13 13 13 13 13 13 24 13 13 13 13 13 24 24 24 13 13 24
 24 24 24 13 29 29 13 13 13 13 13 35 24 37]"
-19.8,3,0.8197753810335575,5.17548966619046,23.91569929940862,0.4654668615139521,0.5447044978617753,0.10316247437741471,0.3947001738167735,[13 24 35],"[13 13 13 13 13 13 13 13 13 13 13 13 24 13 13 13 13 13 24 24 24 13 13 24
 24 24 24 13 24 24 13 13 13 13 13 35 24 24]"
-20.8,3,0.8197753810335575,5.17548966619046,23.91569929940862,0.4654668615139521,0.5447044978617753,0.10316247437741471,0.3947001738167735,[13 24 35],"[13 13 13 13 13 13 13 13 13 13 13 13 24 13 13 13 13 13 24 24 24 13 13 24
 24 24 24 13 24 24 13 13 13 13 13 35 24 24]"
-21.8,3,0.8197753810335575,5.17548966619046,23.91569929940862,0.4654668615139521,0.5447044978617753,0.10316247437741471,0.3947001738167735,[13 24 35],"[13 13 13 13 13 13 13 13 13 13 13 13 24 13 13 13 13 13 24 24 24 13 13 24
 24 24 24 13 24 24 13 13 13 13 13 35 24 24]"
-22.8,3,0.8197753810335575,5.17548966619046,23.91569929940862,0.4654668615139521,0.5447044978617753,0.10316247437741471,0.3947001738167735,[13 24 35],"[13 13 13 13 13 13 13 13 13 13 13 13 24 13 13 13 13 13 24 24 24 13 13 24
 24 24 24 13 24 24 13 13 13 13 13 35 24 24]"
-23.8,3,0.8197753810335575,5.17548966619046,23.91569929940862,0.4654668615139521,0.5447044978617753,0.10316247437741471,0.3947001738167735,[13 24 35],"[13 13 13 13 13 13 13 13 13 13 13 13 24 13 13 13 13 13 24 24 24 13 13 24
 24 24 24 13 24 24 13 13 13 13 13 35 24 24]"
-24.8,2,1.1564421064979884,8.4396814914879,14.595942925401568,1.0,1.0,1.0,1.0,[13 24],"[13 13 13 13 13 13 13 13 13 13 13 13 24 13 13 13 13 13 24 24 24 13 13 24
 24 24 24 13 24 24 13 13 13 13 13 24 24 24]"
