p,k,db,cp,sp,gyh_db,gyh_cp,gyh_sp,zb,exemplars,labels
-11.9,6,0.792118611989317,3.162332189376487,17.081511418336735,0.0,0.0,0.0,0.0,[10 21 31 32 47 62],"[31 31 10 10 10 10 10 10 10 10 10 10 10 10 31 31 31 31 62 31 31 21 31 10
 10 31 31 62 31 31 31 31 32 31 31 31 10 10 31 62 31 31 10 10 10 10 10 47
 10 31 10 31 10 62 62 62 62 62 62 62 62 62 62]"
-12.9,6,0.9429505795034802,3.885280837081384,14.681606325296089,0.536838196009026,0.14859195716294943,0.7828311038619606,0.5012748632607406,[ 1 10 21 31 47 62],"[ 1  1 10 10 10 10  1 10 10 10 10 10 10 10 31 31 31 31  1 31 31 21 31 10
 10 31 31 62  1 31 31 31  1 31 31 31 10 10 31 62 31  1 10 10 10 10 10 47
 10 31 10 31 10 62  1 62  1 62 62 62 62 62 62]"
-13.9,5,0.9405225802644022,4.61321114865275,14.333205078998464,0.5281965084881395,0.2982078254794733,0.8964769863666291,0.5627694572055953,[ 1 10 21 31 62],"[ 1  1 10 10 10 10  1 10 10 10 10 10 10 10 10 31 31 31  1 31 31 21 31 10
 10 31 31 62 31 31 31 31 62 31 31 10 10 10 31 62 31  1 10 10 10 10 10 62
 10 31 10 31 10 62  1 62 62 62 62 62 62 62 62]"
-14.9,5,1.0425838725296086,4.7111081562350146,14.015837250305939,0.8914510686784953,0.31832918265086485,1.0,0.7753078300019639,[ 1 10 21 29 62],"[ 1  1 10 10 10 10  1 10 10 10 10 10 10 10 10 10 29 29  1 29  1 21 62 10
 10 29 29 29 29 29 29 29 62 29 29 10 10 10 10 62 10  1 10 10 10 10 10 29
 10 10 10 10 10 62  1 62  1 62 62 62 62 62 62]"
-15.9,4,1.0730821660647933,5.0500616558896505,15.966117634307599,1.0,0.3879963216112968,0.36383311561958903,0.6879573593077215,[10 21 29 62],"[29 29 10 10 10 10 10 10 10 10 10 10 10 10 10 10 29 29 62 29 62 21 62 10
 10 29 29 29 29 29 29 29 62 29 29 10 10 10 10 62 10 29 10 10 10 10 10 29
 10 10 10 10 10 62 62 62 62 62 62 62 62 62 62]"
-16.9,4,1.0730821660647933,5.0500616558896505,15.966117634307599,1.0,0.3879963216112968,0.36383311561958903,0.6879573593077215,[10 21 29 62],"[29 29 10 10 10 10 10 10 10 10 10 10 10 10 10 10 29 29 62 29 62 21 62 10
 10 29 29 29 29 29 29 29 62 29 29 10 10 10 10 62 10 29 10 10 10 10 10 29
 10 10 10 10 10 62 62 62 62 62 62 62 62 62 62]"
-17.9,2,1.054473850522415,8.027660444741578,15.2259071019437,0.933769646374207,1.0,0.6052842587589679,0.8682058878768454,[10 62],"[10 62 10 10 10 10 10 10 10 10 10 10 10 10 10 10 62 62 62 62 62 62 62 10
 10 62 62 62 62 62 62 62 62 62 10 10 10 10 10 62 10 10 10 10 10 10 10 62
 10 10 10 10 10 62 62 62 62 62 62 62 62 62 62]"
