p,k,db,cp,sp,gyh_db,gyh_cp,gyh_sp,zb,exemplars,labels
-33.0,2,0.35728348893402817,7.107062877282777,39.78388645099178,0.017572612702813573,1.0,0.0,0.25878630635140676,[4 8],[8 8 8 8 4 8 8 8 8 8 8 8 8 8 8 8 8 8 8 8 8 8 8 8 8 8 8 8]
