p,k,db,cp,sp,gyh_db,gyh_cp,gyh_sp,zb,exemplars,labels
-9.7,4,0.4266535732357498,1.7199839273819213,23.968978999443234,0.36246117651744364,0.2376028594032938,0.6500124424902108,0.403134413732098,[ 0  3 15 16],[ 0  3  3  3  3  3  3  3  3  3  3 16  3  3  3 15 16  3  3  3]
-10.7,3,0.2570959022676149,1.8748191329961024,30.590170082691902,0.1349948805115358,0.3211177362657245,0.3824150685553081,0.24338064146102606,[ 0  3 15],[ 0  3  3  3  3  3  3  3  3  3  3  3  3  3  3 15  3  3  3  3]
-11.7,3,0.2570959022676149,1.8748191329961024,30.590170082691902,0.1349948805115358,0.3211177362657245,0.3824150685553081,0.24338064146102606,[ 0  3 15],[ 0  3  3  3  3  3  3  3  3  3  3  3  3  3  3 15  3  3  3  3]
-12.7,3,0.2570959022676149,1.8748191329961024,30.590170082691902,0.1349948805115358,0.3211177362657245,0.3824150685553081,0.24338064146102606,[ 0  3 15],[ 0  3  3  3  3  3  3  3  3  3  3  3  3  3  3 15  3  3  3  3]
-13.7,3,0.2570959022676149,1.8748191329961024,30.590170082691902,0.1349948805115358,0.3211177362657245,0.3824150685553081,0.24338064146102606,[ 0  3 15],[ 0  3  3  3  3  3  3  3  3  3  3  3  3  3  3 15  3  3  3  3]
-14.7,3,0.2570959022676149,1.8748191329961024,30.590170082691902,0.1349948805115358,0.3211177362657245,0.3824150685553081,0.24338064146102606,[ 0  3 15],[ 0  3  3  3  3  3  3  3  3  3  3  3  3  3  3 15  3  3  3  3]
-15.7,3,0.2570959022676149,1.8748191329961024,30.590170082691902,0.1349948805115358,0.3211177362657245,0.3824150685553081,0.24338064146102606,[ 0  3 15],[ 0  3  3  3  3  3  3  3  3  3  3  3  3  3  3 15  3  3  3  3]
-16.7,2,0.15646817000980748,3.133455663901452,40.05230793847779,0.0,1.0,0.0,0.25,[0 3],[0 3 3 3 3 3 3 3 3 3 3 3 3 3 3 3 3 3 3 3]
