p,k,db,cp,sp,gyh_db,gyh_cp,gyh_sp,zb,exemplars,labels
-10.5,4,0.6520434049289123,2.5949483521904004,20.590243220380085,0.7682586799323744,0.5076119543715671,0.3479114353114941,0.5980101873869526,[ 1  8 13 17],[13  1 17 17  1 13 13 17  8 17 17 13 13 13 13 13 17 17 17 17]
-11.5,3,0.6949142672627673,3.417651832865696,25.336927332785493,0.8187705198730924,0.6685454547787598,0.0,0.5765216236312362,[ 8 13 17],[13 17 17 17 17 13 13 17  8 17 17 13 13 13 13 13 17 17 17 17]
-12.5,3,0.6949142672627673,3.417651832865696,25.336927332785493,0.8187705198730924,0.6685454547787598,0.0,0.5765216236312362,[ 8 13 17],[13 17 17 17 17 13 13 17  8 17 17 13 13 13 13 13 17 17 17 17]
-13.5,3,0.6949142672627673,3.417651832865696,25.336927332785493,0.8187705198730924,0.6685454547787598,0.0,0.5765216236312362,[ 8 13 17],[13 17 17 17 17 13 13 17  8 17 17 13 13 13 13 13 17 17 17 17]
-14.5,3,0.6949142672627673,3.417651832865696,25.336927332785493,0.8187705198730924,0.6685454547787598,0.0,0.5765216236312362,[ 8 13 17],[13 17 17 17 17 13 13 17  8 17 17 13 13 13 13 13 17 17 17 17]
-15.5,3,0.6949142672627673,3.417651832865696,25.336927332785493,0.8187705198730924,0.6685454547787598,0.0,0.5765216236312362,[ 8 13 17],[13 17 17 17 17 13 13 17  8 17 17 13 13 13 13 13 17 17 17 17]
-16.5,3,0.6949142672627673,3.417651832865696,25.336927332785493,0.8187705198730924,0.6685454547787598,0.0,0.5765216236312362,[ 8 13 17],[13 17 17 17 17 13 13 17  8 17 17 13 13 13 13 13 17 17 17 17]
-17.5,3,0.6949142672627673,3.417651832865696,25.336927332785493,0.8187705198730924,0.6685454547787598,0.0,0.5765216236312362,[ 8 13 17],[13 17 17 17 17 13 13 17  8 17 17 13 13 13 13 13 17 17 17 17]
-18.5,2,0.8487289788724653,5.112071001958561,12.046415591346808,1.0,1.0,0.974137083170045,0.9935342707925112,[ 7 13],[13  7  7  7  7 13 13  7  7  7  7 13 13 13 13 13  7  7  7  7]
