avg,cen
144.43400000000003,138.8
141.738,128.91
140.408,130.53
136.598,130.35
133.894,130.39
130.628,128.49
130.494,130.42
132.106,132.68
137.21800000000002,136.65
146.464,145.21
149.656,146.8
153.26000000000002,154.15
156.842,160.49
160.564,163.03
164.734,166.37
167.57800000000003,167.82
168.01600000000002,168.38
171.184,169.75
169.766,171.44
166.62,168.7
161.87199999999999,164.54
156.87400000000002,157.61
154.106,151.94
148.60600000000002,147.64
