p,k,db,cp,sp,gyh_db,gyh_cp,gyh_sp,zb,exemplars,labels
-30.8,2,0.2437877264224555,4.843177943274474,39.73274630636504,0.9067482212844193,1.0,0.0,0.7033741106422097,[3 4],[4 4 4 3 4 4]
