p,k,db,cp,sp,gyh_db,gyh_cp,gyh_sp,zb,exemplars,labels
-47.1,2,2.029372451126204,19.39126555766505,19.11060293235363,1.0,1.0,1.0,1.0,[1 2],[2 2 2 2 1 1]
