p,k,db,cp,sp,gyh_db,gyh_cp,gyh_sp,zb,exemplars,labels
-14.0,3,0.4688709758099665,1.8298705133015112,20.846408480590295,0.4733791019368226,0.6084307472337497,0.03232918740876771,0.39687953462904063,[1 8 9],[9 1 9 9 9 9 9 9 8 9]
-15.0,2,0.36396669703149703,3.007524720966318,16.526373129715502,0.3674661838004503,1.0,0.47324184118801704,0.5520435521972293,[8 9],[9 9 9 9 9 9 9 9 8 9]
