p,k,db,cp,sp,gyh_db,gyh_cp,gyh_sp,zb,exemplars,labels
-34.1,2,1.152076259586097,13.037486811137653,22.6330274626466,1.0,1.0,1.0,1.0,[ 8 11],[ 8 11  8  8 11  8  8  8  8 11 11 11 11  8]
