p,k,db,cp,sp,gyh_db,gyh_cp,gyh_sp,zb,exemplars,labels
-14.7,6,0.4736581097676125,1.4353196913102215,23.49666362596306,0.6744393009522264,0.39030289322372735,0.019763953862260337,0.4397363622476101,[ 0  2 14 21 22 23],"[ 0 22  2 22 22 22 22 22 22 22 22 22  0  0 14 22 22 22 22 22 22 21 22 23
 22 22 22 22 22 22 22 22 22 22 22 22 22 22 22]"
-15.7,6,0.4736581097676125,1.4353196913102215,23.49666362596306,0.6744393009522264,0.39030289322372735,0.019763953862260337,0.4397363622476101,[ 0  2 14 21 22 23],"[ 0 22  2 22 22 22 22 22 22 22 22 22  0  0 14 22 22 22 22 22 22 21 22 23
 22 22 22 22 22 22 22 22 22 22 22 22 22 22 22]"
-16.7,6,0.4736581097676125,1.4353196913102215,23.49666362596306,0.6744393009522264,0.39030289322372735,0.019763953862260337,0.4397363622476101,[ 0  2 14 21 22 23],"[ 0 22  2 22 22 22 22 22 22 22 22 22  0  0 14 22 22 22 22 22 22 21 22 23
 22 22 22 22 22 22 22 22 22 22 22 22 22 22 22]"
-17.7,3,0.3421471202058573,2.340042914130384,23.732013217219578,0.48718149191548865,0.6363220160513845,0.0,0.40267124997059045,[14 22 23],"[22 22 22 22 22 22 22 22 22 22 22 22 22 22 14 22 22 22 22 22 22 22 22 23
 22 22 22 22 22 22 22 22 22 22 22 22 22 22 22]"
-18.7,2,0.3302689370112242,3.677450811227974,22.269431963581827,0.47026820909573225,1.0,0.1228231936260172,0.5158399029543704,[22 23],"[22 22 22 22 22 22 22 22 22 22 22 22 22 22 22 22 22 22 22 22 22 22 22 23
 22 22 22 22 22 22 22 22 22 22 22 22 22 22 22]"
