p,k,db,cp,sp,gyh_db,gyh_cp,gyh_sp,zb,exemplars,labels
-10.5,2,0.7668855322666414,5.184874716900714,13.521899941379948,0.01798696987173758,1.0,0.0,0.25899348493586877,[ 6 13],[13 13 13 13  6 13  6 13  6  6  6  6 13 13  6 13 13 13  6  6]
-9.5,3,0.7603656207201711,3.761832454620374,13.050974889364701,0.0,0.5457777338390242,0.46319424367178597,0.25224299437770253,[ 6 13 15],[13 13 13 13  6 13  6 15  6  6  6  6 13 13  6 15 13 13  6  6]
