p,k,db,cp,sp,gyh_db,gyh_cp,gyh_sp,zb,exemplars,labels
-7.5,6,0.8384282602154011,1.6622471758392148,12.41716137883747,0.09594005137914746,0.0,0.0,0.04797002568957373,[13 18 19 26 34 42],"[42 42 42 42 13 26 13 13 13 13 13 13 13 13 13 13 13 13 18 19 26 26 13 13
 13 13 26 26 26 26 26 26 26 13 34 42 42 42 42 42 42 42 42 42 42 13 42]"
-8.5,6,0.8384282602154011,1.6622471758392148,12.41716137883747,0.09594005137914746,0.0,0.0,0.04797002568957373,[13 18 19 26 34 42],"[42 42 42 42 13 26 13 13 13 13 13 13 13 13 13 13 13 13 18 19 26 26 13 13
 13 13 26 26 26 26 26 26 26 13 34 42 42 42 42 42 42 42 42 42 42 13 42]"
-9.5,4,1.0805222984761476,2.6984600369908005,9.525811750512336,1.0,0.3232511794946654,1.0,0.8308127948736663,[13 26 34 42],"[42 42 42 42 13 26 13 13 13 13 13 13 13 13 13 13 13 13 26 26 26 26 13 13
 13 13 26 26 26 26 26 26 26 13 34 42 42 42 42 42 42 42 42 42 42 13 42]"
-10.5,4,1.0805222984761476,2.6984600369908005,9.525811750512336,1.0,0.3232511794946654,1.0,0.8308127948736663,[13 26 34 42],"[42 42 42 42 13 26 13 13 13 13 13 13 13 13 13 13 13 13 26 26 26 26 13 13
 13 13 26 26 26 26 26 26 26 13 34 42 42 42 42 42 42 42 42 42 42 13 42]"
-11.5,4,0.8852352137121479,2.736880590773879,10.008340082249827,0.2707328396583489,0.33523664096965233,0.833113115407975,0.42745385892358123,[12 26 34 42],"[42 42 42 42 12 26 12 12 42 12 12 12 12 12 42 12 12 12 26 26 26 26 12 12
 12 12 26 26 26 26 26 26 26 42 34 42 42 42 42 42 42 42 42 42 42 42 42]"
-12.5,3,0.8127369169535372,3.1637739119605466,10.584444067117873,0.0,0.468407898310183,0.6338622260571202,0.2755675310918258,[26 34 42],"[42 42 42 42 26 26 26 42 42 42 42 42 42 42 42 42 42 42 26 26 26 26 26 26
 42 26 26 26 26 26 26 26 26 42 34 42 42 42 42 42 42 42 42 42 42 42 42]"
-13.5,2,0.9693437108463713,4.867843711547096,10.043586515451354,0.584822042944906,1.0,0.8209228106256564,0.7476417241288671,[26 42],"[42 42 42 42 26 26 26 42 42 42 42 42 42 42 42 42 42 42 26 26 26 26 26 26
 42 26 26 26 26 26 26 26 26 42 26 42 42 42 42 42 42 42 42 42 42 42 42]"
