p,k,db,cp,sp,gyh_db,gyh_cp,gyh_sp,zb,exemplars,labels
-28.7,3,0.4669838556169284,3.843021931715839,24.245473068968305,0.3482851326622686,0.3908111380955306,0.5293601670393826,0.4041853926148626,[1 2 7],[1 1 2 1 1 1 7 7 7 7 7 7 7 7]
-29.7,2,0.7097640503944765,7.154688627262795,20.16075236069317,1.0,1.0,1.0,1.0,[1 7],[1 1 1 1 1 1 7 7 7 7 7 7 7 7]
