p,k,db,cp,sp,gyh_db,gyh_cp,gyh_sp,zb,exemplars,labels
-17.8,4,1.196334809464612,4.064024090934455,16.71066584533003,0.9148188764382674,0.34310447375339986,0.24379082148642733,0.6041332620290906,[ 4  7 10 17],[ 7  4  7  4  4  7  4  7  4  4 10  7  7  7  7  4  7 17  7  7]
-18.8,4,0.6713147726593549,3.3788110298524296,19.343804254346136,0.5133441083566567,0.2852554892318914,0.12463318578090174,0.35914422293152665,[ 3  7 10 17],[ 7  3  7  3  7  7  3  7  3  7 10  7  7  7  7  7  7 17  7  7]
-19.8,4,0.8158384513084843,4.197592832749708,19.343804254346136,0.6238591483559444,0.35438098979882726,0.12463318578090174,0.43168311807290444,[ 3  7 10 17],[ 7  7  7  7  7  7  3  7  3  7 10  7  7  7  7  7  7 17  7  7]
-20.8,4,0.8158384513084843,4.197592832749708,19.343804254346136,0.6238591483559444,0.35438098979882726,0.12463318578090174,0.43168311807290444,[ 3  7 10 17],[ 7  7  7  7  7  7  3  7  3  7 10  7  7  7  7  7  7 17  7  7]
-21.8,3,0.905939890259206,5.722447838011611,19.096960846367264,0.6927583365215534,0.48311658841343225,0.1358036114537578,0.5011092182275743,[ 3  7 10],[ 7  7  7  7  7  7  3  7  3  7 10  7  7  7  7  7  7  7  7  7]
-22.8,3,0.905939890259206,5.722447838011611,19.096960846367264,0.6927583365215534,0.48311658841343225,0.1358036114537578,0.5011092182275743,[ 3  7 10],[ 7  7  7  7  7  7  3  7  3  7 10  7  7  7  7  7  7  7  7  7]
-23.8,3,0.905939890259206,5.722447838011611,19.096960846367264,0.6927583365215534,0.48311658841343225,0.1358036114537578,0.5011092182275743,[ 3  7 10],[ 7  7  7  7  7  7  3  7  3  7 10  7  7  7  7  7  7  7  7  7]
-24.8,3,0.905939890259206,5.722447838011611,19.096960846367264,0.6927583365215534,0.48311658841343225,0.1358036114537578,0.5011092182275743,[ 3  7 10],[ 7  7  7  7  7  7  3  7  3  7 10  7  7  7  7  7  7  7  7  7]
-25.8,1,0.0,11.84485893312892,0.0,0.0,1.0,1.0,0.5,[7],[7 7 7 7 7 7 7 7 7 7 7 7 7 7 7 7 7 7 7 7]
