p,k,db,cp,sp,gyh_db,gyh_cp,gyh_sp,zb,exemplars,labels
-22.7,4,0.4932535161229395,2.674892324557281,22.57035505940581,0.9941872620725142,0.4510564535720396,0.45890193944396523,0.7245832292902583,[ 5 14 17 19],[ 5  5  5  5  5  5  5  5  5  5  5  5  5  5 14  5  5 17  5 19]
-23.7,2,0.49613743299696644,5.930282791375838,23.905806725984725,1.0,1.0,0.24390041485368266,0.8109751037134206,[ 5 14],[ 5  5  5  5  5  5  5  5  5  5  5  5  5  5 14  5  5  5  5  5]
