avg,cen
73.31400000000001,70.54
72.481,71.68
71.00300000000001,73.65
69.831,69.5
69.807,71.91
64.746,64.06
55.803999999999995,54.24
56.824,58.48
58.354000000000006,54.48
61.150999999999996,60.91
62.001999999999995,60.08
63.335,61.77
63.00699999999999,63.04
64.42999999999999,62.95
67.2,66.19
66.98,65.82
68.65099999999998,66.77
67.01200000000001,64.54
67.577,64.85
68.06800000000001,65.21
79.28,79.56
77.623,77.85
76.954,77.83
76.407,73.02
