p,k,db,cp,sp,gyh_db,gyh_cp,gyh_sp,zb,exemplars,labels
-18.5,4,0.5586682994785795,3.946160456709212,25.18490630385818,0.6979754502345615,0.4443144956248182,0.0,0.4600663490234853,[ 0  4 11 16],[ 0  4  4  4  4  4  4  4  4  4  4 11 16 16 16 16 16 16]
-19.5,4,0.5586682994785795,3.946160456709212,25.18490630385818,0.6979754502345615,0.4443144956248182,0.0,0.4600663490234853,[ 0  4 11 16],[ 0  4  4  4  4  4  4  4  4  4  4 11 16 16 16 16 16 16]
-20.5,4,0.5586682994785795,3.946160456709212,25.18490630385818,0.6979754502345615,0.4443144956248182,0.0,0.4600663490234853,[ 0  4 11 16],[ 0  4  4  4  4  4  4  4  4  4  4 11 16 16 16 16 16 16]
-21.5,4,0.5586682994785795,3.946160456709212,25.18490630385818,0.6979754502345615,0.4443144956248182,0.0,0.4600663490234853,[ 0  4 11 16],[ 0  4  4  4  4  4  4  4  4  4  4 11 16 16 16 16 16 16]
-22.5,2,0.8004125349836209,8.881457831259626,22.192200754180767,1.0,1.0,0.37235437190171405,0.8430885929754285,[ 4 16],[ 4  4  4  4  4  4  4  4  4  4  4  4 16 16 16 16 16 16]
