p,k,db,cp,sp,gyh_db,gyh_cp,gyh_sp,zb,exemplars,labels
-59.6,2,0.7979986139509736,12.36314347766872,30.985375817778728,0.6103032983254895,1.0,1.0,0.8051516491627447,[1 2],[2 1 2 1]
