p,k,db,cp,sp,gyh_db,gyh_cp,gyh_sp,zb,exemplars,labels
-25.7,2,0.31728073282302716,4.06443341493047,25.620423772769897,0.81571366066501,1.0,0.0,0.657856830332505,[1 2],[2 1 2 2]
