p,k,db,cp,sp,gyh_db,gyh_cp,gyh_sp,zb,exemplars,labels
-26.3,2,0.2826415864922183,5.167683518249229,36.567042963378675,0.7002573472814474,1.0,0.0,0.6001286736407236,[1 5],[1 1 1 1 1 5]
