p,k,db,cp,sp,gyh_db,gyh_cp,gyh_sp,zb,exemplars,labels
-10.3,6,0.8759144021241819,2.324975816711928,13.580848504389454,0.3800797866303444,0.18745347978129995,0.023610274384450996,0.24280583185660995,[ 0  1  9 15 16 28],"[ 0  1 28  9  9 28  9 28  9  9  9  9  9  9 16 15  9  9  9  9  9  9  9  9
  9  9  9 28 28  9  9 28 28 28  9 28 28 28]"
-11.3,4,1.0218962370046671,3.5809959104965703,12.84624399925822,1.0,0.5489438218090588,0.32952043149864385,0.7196160633269256,[ 1  9 16 28],"[ 9  1 28  9  9 28  9 28  9  9  9  9  9  9 16  9  9  9  9  9  9  9  9  9
  9  9  9 28 28  9  9 28 28 28  9 28 28 28]"
-12.3,2,0.9163650802866529,5.148217928256658,11.236172217837497,0.551855905610874,1.0,1.0,0.775927952805437,[ 9 28],"[ 9  9 28  9  9 28  9 28  9  9  9  9  9  9  9  9  9  9  9  9  9  9  9  9
  9  9  9 28 28  9  9 28 28 28  9 28 28 28]"
