p,k,db,cp,sp,gyh_db,gyh_cp,gyh_sp,zb,exemplars,labels
-14.9,3,0.4733439227066974,3.4056919890079613,23.009679437992045,0.763399653870563,0.61046179625695,0.37231629215729534,0.6273943490388428,[0 3 8],[0 0 8 3 8 8 0 0 8 8 8 8]
-15.9,3,0.4733439227066974,3.4056919890079613,23.009679437992045,0.763399653870563,0.61046179625695,0.37231629215729534,0.6273943490388428,[0 3 8],[0 0 8 3 8 8 0 0 8 8 8 8]
-16.9,3,0.4733439227066974,3.4056919890079613,23.009679437992045,0.763399653870563,0.61046179625695,0.37231629215729534,0.6273943490388428,[0 3 8],[0 0 8 3 8 8 0 0 8 8 8 8]
-17.9,2,0.523809173374671,5.578878170411288,21.301185446864327,0.8447890053427989,1.0,0.6239926889663839,0.8283926749129954,[0 8],[0 0 8 8 8 8 0 0 8 8 8 8]
