p,k,db,cp,sp,gyh_db,gyh_cp,gyh_sp,zb,exemplars,labels
-13.0,3,0.3685746553633091,2.2483504050224448,20.304666824789987,0.42164115332889757,0.5883339866498161,0.28990031726484305,0.43037915264311355,[ 1  7 11],[11  1 11 11 11 11 11  7 11 11 11 11]
-14.0,3,0.3685746553633091,2.2483504050224448,20.304666824789987,0.42164115332889757,0.5883339866498161,0.28990031726484305,0.43037915264311355,[ 1  7 11],[11  1 11 11 11 11 11  7 11 11 11 11]
-15.0,3,0.3685746553633091,2.2483504050224448,20.304666824789987,0.42164115332889757,0.5883339866498161,0.28990031726484305,0.43037915264311355,[ 1  7 11],[11  1 11 11 11 11 11  7 11 11 11 11]
-16.0,3,0.3685746553633091,2.2483504050224448,20.304666824789987,0.42164115332889757,0.5883339866498161,0.28990031726484305,0.43037915264311355,[ 1  7 11],[11  1 11 11 11 11 11  7 11 11 11 11]
-17.0,3,0.3685746553633091,2.2483504050224448,20.304666824789987,0.42164115332889757,0.5883339866498161,0.28990031726484305,0.43037915264311355,[ 1  7 11],[11  1 11 11 11 11 11  7 11 11 11 11]
-18.0,3,0.3685746553633091,2.2483504050224448,20.304666824789987,0.42164115332889757,0.5883339866498161,0.28990031726484305,0.43037915264311355,[ 1  7 11],[11  1 11 11 11 11 11  7 11 11 11 11]
-19.0,3,0.3685746553633091,2.2483504050224448,20.304666824789987,0.42164115332889757,0.5883339866498161,0.28990031726484305,0.43037915264311355,[ 1  7 11],[11  1 11 11 11 11 11  7 11 11 11 11]
-20.0,3,0.3685746553633091,2.2483504050224448,20.304666824789987,0.42164115332889757,0.5883339866498161,0.28990031726484305,0.43037915264311355,[ 1  7 11],[11  1 11 11 11 11 11  7 11 11 11 11]
-21.0,2,0.3333992397203681,3.8215545184213395,22.924794439402987,0.3814012654128566,1.0,0.0,0.44070063270642834,[ 1 11],[11  1 11 11 11 11 11 11 11 11 11 11]
