p,k,db,cp,sp,gyh_db,gyh_cp,gyh_sp,zb,exemplars,labels
-18.8,2,0.7672106728740069,5.595635483100299,14.586959438764813,0.8626856147953041,1.0,0.7873682120058444,0.8781848603991131,[6 7],[6 6 6 6 6 6 6 7 6 6 6 6 6 6 6 6 6]
