p,k,db,cp,sp,gyh_db,gyh_cp,gyh_sp,zb,exemplars,labels
-15.1,2,1.27459095621379,6.520767796828279,10.231937964158183,1.0,1.0,1.0,1.0,[2 4],[4 2 2 2 2 2]
