p,k,db,cp,sp,gyh_db,gyh_cp,gyh_sp,zb,exemplars,labels
-17.4,3,0.3708385524240574,2.898113410081382,23.749535700097514,0.340387227602807,0.05842942637416567,0.0,0.18480097039494492,[0 2 4],[0 0 2 0 4 0 0 0 0 0]
-18.4,3,0.3708385524240574,2.898113410081382,23.749535700097514,0.340387227602807,0.05842942637416567,0.0,0.18480097039494492,[0 2 4],[0 0 2 0 4 0 0 0 0 0]
-19.4,3,0.3708385524240574,2.898113410081382,23.749535700097514,0.340387227602807,0.05842942637416567,0.0,0.18480097039494492,[0 2 4],[0 0 2 0 4 0 0 0 0 0]
-20.4,3,0.3708385524240574,2.898113410081382,23.749535700097514,0.340387227602807,0.05842942637416567,0.0,0.18480097039494492,[0 2 4],[0 0 2 0 4 0 0 0 0 0]
-21.4,3,0.3708385524240574,2.898113410081382,23.749535700097514,0.340387227602807,0.05842942637416567,0.0,0.18480097039494492,[0 2 4],[0 0 2 0 4 0 0 0 0 0]
-22.4,3,0.3708385524240574,2.898113410081382,23.749535700097514,0.340387227602807,0.05842942637416567,0.0,0.18480097039494492,[0 2 4],[0 0 2 0 4 0 0 0 0 0]
-23.4,3,1.0894608326984103,6.3338726132130425,20.07674000356331,1.0,0.41908490513502983,0.1546470525956061,0.643432989432659,[0 1 4],[0 0 1 0 4 0 0 0 0 0]
-24.4,3,1.0894608326984103,6.3338726132130425,20.07674000356331,1.0,0.41908490513502983,0.1546470525956061,0.643432989432659,[0 1 4],[0 0 1 0 4 0 0 0 0 0]
-25.4,1,0.0,11.86791964967526,0.0,0.0,1.0,1.0,0.5,[0],[0 0 0 0 0 0 0 0 0 0]
