p,k,db,cp,sp,gyh_db,gyh_cp,gyh_sp,zb,exemplars,labels
-15.9,3,0.5553395864286078,3.471314890693897,15.806817724409276,0.33986301899591426,0.47491298638615126,0.252902719436049,0.3518854359535072,[ 2 16 18],[ 2  2  2  2  2  2  2  2  2  2  2  2  2 18  2  2 16  2 18  2]
-16.9,4,0.9532307749253577,3.543714711031429,18.12911530258666,0.5833689815800569,0.484818055782908,0.0,0.41288900473575546,[ 2  4 16 18],[ 2  4  2  2  2  4  2  2  2  2  2  2  2 18  2  2 16  2 18  2]
-17.9,3,1.0906630767241186,4.658947378412564,16.443211791148673,0.6674763604493806,0.6373938068336853,0.1835981687945779,0.5389861741317561,[ 2  4 18],[ 4  4  2  2  4  4  4  2  2  2  2  2  2 18  2  2  2  2 18  2]
-18.9,3,1.0906630767241186,4.658947378412564,16.443211791148673,0.6674763604493806,0.6373938068336853,0.1835981687945779,0.5389861741317561,[ 2  4 18],[ 4  4  2  2  4  4  4  2  2  2  2  2  2 18  2  2  2  2 18  2]
-19.9,3,1.190278469467213,5.481440500128752,16.443211791148673,0.7284401183796541,0.7499196585688535,0.1835981687945779,0.5975995160306848,[ 2  4 18],[ 4  4  2  2  4  4  4  2  2  2  2  2  2 18  2  2  2  2  2  2]
-20.9,3,1.1279511087913494,4.831649179505029,16.443211791148673,0.6902963132503047,0.6610212594542958,0.1835981687945779,0.5563030136873708,[ 2  4 18],[ 4  4  2  4  4  4  4  4  2  2  2  2  2 18  2  2  2  2 18  2]
-21.9,3,1.2395704106239007,5.697410301123784,16.443211791148673,0.7586063596184901,0.7794666361233072,0.1835981687945779,0.6200693810387163,[ 2  4 18],[ 4  4  2  4  4  4  4  4  2  2  2  2  2 18  2  2  2  2  2  2]
-22.9,2,1.6340100434265958,7.309370327202159,8.94654271753932,1.0,1.0,1.0,1.0,[2 4],[4 4 2 4 4 4 4 4 2 2 2 2 2 2 2 2 2 2 2 2]
