p,k,db,cp,sp,gyh_db,gyh_cp,gyh_sp,zb,exemplars,labels
-34.0,3,0.7087908702689464,8.298077211625321,37.651002602810614,0.49962084686982894,0.5784815344823692,0.0,0.39443080705550676,[1 7 8],[1 1 1 8 1 1 1 7 8 1 8 1]
-35.0,3,0.7087908702689464,8.298077211625321,37.651002602810614,0.49962084686982894,0.5784815344823692,0.0,0.39443080705550676,[1 7 8],[1 1 1 8 1 1 1 7 8 1 8 1]
-36.0,3,0.7087908702689464,8.298077211625321,37.651002602810614,0.49962084686982894,0.5784815344823692,0.0,0.39443080705550676,[1 7 8],[1 1 1 8 1 1 1 7 8 1 8 1]
-37.0,3,0.7087908702689464,8.298077211625321,37.651002602810614,0.49962084686982894,0.5784815344823692,0.0,0.39443080705550676,[1 7 8],[1 1 1 8 1 1 1 7 8 1 8 1]
-38.0,3,0.7087908702689464,8.298077211625321,37.651002602810614,0.49962084686982894,0.5784815344823692,0.0,0.39443080705550676,[1 7 8],[1 1 1 8 1 1 1 7 8 1 8 1]
-39.0,2,1.0054627657294632,14.344584428352618,28.533298133512922,0.7087424225981087,1.0,1.0,0.8543712112990544,[1 8],[1 1 1 8 1 1 1 8 8 1 8 1]
