p,k,db,cp,sp,gyh_db,gyh_cp,gyh_sp,zb,exemplars,labels
-28.9,2,0.4337784954688515,6.247115687892163,28.80325213512458,0.3477189233196759,1.0,0.0,0.42385946165983795,[0 5],[0 0 0 0 0 5 0]
