p,k,db,cp,sp,gyh_db,gyh_cp,gyh_sp,zb,exemplars,labels
-31.0,4,1.4910622891058298,8.293224437789597,30.18416195843307,1.0,0.9028511181781996,0.2431529118674539,0.7865010075114134,[ 8 11 13 14],[11 11 11 11 11 14 11 11 13 11 11 11 11  8 11 11 11 11]
-32.0,4,1.4910622891058298,8.293224437789597,30.18416195843307,1.0,0.9028511181781996,0.2431529118674539,0.7865010075114134,[ 8 11 13 14],[11 11 11 11 11 14 11 11 13 11 11 11 11  8 11 11 11 11]
-33.0,4,1.4910622891058298,8.293224437789597,30.18416195843307,1.0,0.9028511181781996,0.2431529118674539,0.7865010075114134,[ 8 11 13 14],[11 11 11 11 11 14 11 11 13 11 11 11 11  8 11 11 11 11]
-34.0,2,0.5544036874013138,9.185594690876517,33.13684558604813,0.37181792568423305,1.0,0.0,0.43590896284211655,[ 8 11],[11 11 11 11 11 11 11 11 11 11 11 11 11  8 11 11 11 11]
