p,k,db,cp,sp,gyh_db,gyh_cp,gyh_sp,zb,exemplars,labels
-3.8,4,0.5225110712988762,0.5357397903322342,24.481388296486198,1.0,0.47325140034485486,0.4713922234929473,0.7361609059594505,[ 1  2  9 13],[ 9  1  2  9  9  9  9  9  9  9  9  9  9 13  9  9  9  9]
-4.8,2,0.0572219907450482,1.1320405812678938,39.566626974293335,0.1095134512706186,1.0,0.0,0.3047567256353093,[ 9 13],[ 9  9  9  9  9  9  9  9  9  9  9  9  9 13  9  9  9  9]
