p,k,db,cp,sp,gyh_db,gyh_cp,gyh_sp,zb,exemplars,labels
-20.1,4,0.7692087153676804,4.2972774229526545,21.549127489730594,0.6264170853572083,0.47487150234468595,0.5452822100811613,0.5682469707850659,[ 0  9 10 12],[ 0 10 10 10  9 10 10 10 10  9 10  9 12  9 10 10]
-21.1,4,0.7514230030486165,4.204658453568827,21.549127489730594,0.5865908949663402,0.45336425059293073,0.5452822100811613,0.5429570626516931,[ 0  9 10 12],[ 0 10 10 10 10 10 10 10 10  9 10  9 12  9 10 10]
-22.1,4,0.7692087153676804,4.2972774229526545,21.549127489730594,0.6264170853572083,0.47487150234468595,0.5452822100811613,0.5682469707850659,[ 0  9 10 12],[ 0 10 10 10  9 10 10 10 10  9 10  9 12  9 10 10]
-23.1,3,0.9360446136030692,6.274491247929585,19.78663922452959,1.0,0.9340046128050479,0.7283220107762065,0.9155816558953136,[ 0  9 10],[ 0 10 10 10  9 10 10 10 10  9 10  9  9  9 10 10]
-24.1,3,0.9360446136030692,6.274491247929585,19.78663922452959,1.0,0.9340046128050479,0.7283220107762065,0.9155816558953136,[ 0  9 10],[ 0 10 10 10  9 10 10 10 10  9 10  9  9  9 10 10]
-25.1,3,0.8153397652895834,5.7769131219309315,19.676407115946713,0.7297148304326807,0.8184609170242108,0.7397699526340794,0.7544151326309129,[ 9 10 12],[10 10 10 10 10 10 10 10 10  9 10  9 12  9 10 10]
-26.1,2,0.4894612938200645,6.558694214288793,26.799644004945147,0.0,1.0,0.0,0.25,[10 12],[10 10 10 10 10 10 10 10 10 10 10 10 12 10 10 10]
