p,k,db,cp,sp,gyh_db,gyh_cp,gyh_sp,zb,exemplars,labels
-10.2,8,1.1480949393805648,2.2716560835840562,14.862239285925995,0.620815908007767,0.1472809921618852,0.3087557105464685,0.4244171296809719,[16 20 36 40 42 61 64 71],"[42 20 20 20 42 20 20 20 20 20 20 20 20 42 42 42 16 20 64 20 20 64 42 64
 42 61 42 20 42 42 42 42 42 61 42 20 36 42 64 64 40 42 42 42 42 42 42 42
 42 42 42 42 42 42 61 61 61 61 61 64 61 61 61 61 64 64 42 64 64 64 42 71]"
-11.2,6,1.1445472670988524,3.09116341504953,14.772578680093456,0.6146843484476487,0.31404217768854586,0.32696236888135843,0.4675933108663004,[20 36 47 61 64 71],"[47 20 20 20 47 20 20 20 20 20 20 20 20 47 47 47 64 20 64 20 20 47 47 64
 47 47 47 20 47 47 47 47 47 64 47 47 36 47 64 64 20 20 20 20 20 47 47 47
 47 47 47 47 47 47 61 61 61 61 61 64 61 61 61 61 64 64 20 64 64 64 64 71]"
-12.2,5,1.323400002653761,3.769974247149984,13.882609856319693,0.9238014577697227,0.45217309459807914,0.507681182374726,0.7018642981280627,[20 47 61 64 71],"[20 20 20 20 47 20 20 20 20 20 20 20 20 47 47 47 64 20 64 20 20 47 47 64
 47 47 47 20 47 47 47 47 47 64 47 47 20 47 64 64 20 20 20 20 20 47 47 47
 47 47 47 47 47 47 61 61 61 61 61 64 61 61 61 61 64 64 20 64 64 64 64 71]"
-13.2,5,1.323400002653761,3.769974247149984,13.882609856319693,0.9238014577697227,0.45217309459807914,0.507681182374726,0.7018642981280627,[20 47 61 64 71],"[20 20 20 20 47 20 20 20 20 20 20 20 20 47 47 47 64 20 64 20 20 47 47 64
 47 47 47 20 47 47 47 47 47 64 47 47 20 47 64 64 20 20 20 20 20 47 47 47
 47 47 47 47 47 47 61 61 61 61 61 64 61 61 61 61 64 64 20 64 64 64 64 71]"
-14.2,3,1.3674878816879226,5.367652551056285,11.458134005830916,1.0,0.7772839481803133,1.0,0.9443209870450784,[20 61 64],"[20 20 20 20 64 20 20 20 20 20 20 20 20 20 64 20 64 20 64 20 20 64 20 64
 64 61 20 20 20 20 20 64 64 64 20 20 20 20 64 64 20 20 20 20 20 20 20 20
 64 20 20 20 64 20 61 61 61 61 61 64 61 61 61 61 64 64 20 64 64 64 64 20]"
-15.2,2,0.788895723048916,6.462136478625257,16.382739289422076,0.0,1.0,0.0,0.25,[20 61],"[20 20 20 20 61 20 20 20 20 20 20 20 20 20 20 20 61 20 20 20 20 61 20 61
 61 61 20 20 20 20 20 20 20 61 20 20 20 20 61 61 20 20 20 20 20 20 20 20
 20 20 20 20 20 20 61 61 61 61 61 61 61 61 61 61 61 61 20 61 61 20 20 20]"
