p,k,db,cp,sp,gyh_db,gyh_cp,gyh_sp,zb,exemplars,labels
-13.0,4,0.5645174482066844,2.5958395823883333,30.324787441501332,0.8588724830412298,1.0,0.4558562083484369,0.7934002936077241,[ 3  7  8 16],[ 8  8  8  3  7  8  8  8  8  8  8  8  8  8  8  8 16  8]
-14.0,4,0.5645174482066844,2.5958395823883333,30.324787441501332,0.8588724830412298,1.0,0.4558562083484369,0.7934002936077241,[ 3  7  8 16],[ 8  8  8  3  7  8  8  8  8  8  8  8  8  8  8  8 16  8]
-15.0,3,0.2705481292648167,1.541266343736446,37.9198112921762,0.41161941814552633,0.5937448346936699,0.22526983106953533,0.4105633755135645,[ 3  8 16],[ 8  8  8  3  8  8  8  8  8  8  8  8  8  8  8  8 16  8]
-16.0,2,0.11288862011709756,2.5591691821030382,45.33971944113504,0.171751873702177,0.985873395053343,0.0,0.33234428561442425,[3 8],[8 8 8 3 8 8 8 8 8 8 8 8 8 8 8 8 8 8]
