p,k,db,cp,sp,gyh_db,gyh_cp,gyh_sp,zb,exemplars,labels
-15.0,4,0.45340477414656644,2.038771976048435,25.078363294178782,0.6027324715334684,0.4387846892567755,0.0,0.4110624080809281,[ 3  7 15 16],[15 15 15  3 15 15 15  7 15 15 15 15 15 15 15 15 16 15]
-16.0,4,0.45340477414656644,2.038771976048435,25.078363294178782,0.6027324715334684,0.4387846892567755,0.0,0.4110624080809281,[ 3  7 15 16],[15 15 15  3 15 15 15  7 15 15 15 15 15 15 15 15 16 15]
-17.0,4,0.45340477414656644,2.038771976048435,25.078363294178782,0.6027324715334684,0.4387846892567755,0.0,0.4110624080809281,[ 3  7 15 16],[15 15 15  3 15 15 15  7 15 15 15 15 15 15 15 15 16 15]
-18.0,4,0.45340477414656644,2.038771976048435,25.078363294178782,0.6027324715334684,0.4387846892567755,0.0,0.4110624080809281,[ 3  7 15 16],[15 15 15  3 15 15 15  7 15 15 15 15 15 15 15 15 16 15]
-19.0,4,0.45340477414656644,2.038771976048435,25.078363294178782,0.6027324715334684,0.4387846892567755,0.0,0.4110624080809281,[ 3  7 15 16],[15 15 15  3 15 15 15  7 15 15 15 15 15 15 15 15 16 15]
-20.0,4,0.45340477414656644,2.038771976048435,25.078363294178782,0.6027324715334684,0.4387846892567755,0.0,0.4110624080809281,[ 3  7 15 16],[15 15 15  3 15 15 15  7 15 15 15 15 15 15 15 15 16 15]
-21.0,4,0.45340477414656644,2.038771976048435,25.078363294178782,0.6027324715334684,0.4387846892567755,0.0,0.4110624080809281,[ 3  7 15 16],[15 15 15  3 15 15 15  7 15 15 15 15 15 15 15 15 16 15]
-22.0,3,0.47116030080829036,2.910227237498877,24.711549729481472,0.6263357352801792,0.6263393695196702,0.03485632182696145,0.4784667904767475,[ 7 15 16],[15 15 15 15 15 15 15  7 15 15 15 15 15 15 15 15 16 15]
-23.0,2,0.48815387907900837,4.646406371885396,19.036646315918627,0.6489261048910566,1.0,0.5741118967490503,0.7179910266327909,[ 7 15],[15 15 15 15 15 15 15  7 15 15 15 15 15 15 15 15 15 15]
