p,k,db,cp,sp,gyh_db,gyh_cp,gyh_sp,zb,exemplars,labels
-24.0,3,0.5502670945473931,3.5862402197342385,24.676871549988718,0.8910778938762307,0.5829155626042902,0.0,0.5912678375891879,[1 3 6],[6 1 6 3 6 6 6 6 6 6]
-25.0,2,0.5448818933005024,5.823435290676859,21.375036910853026,0.8704065625403753,1.0,0.6558258111016815,0.849159734045608,[1 6],[6 1 6 6 6 6 6 6 6 6]
