p,k,db,cp,sp,gyh_db,gyh_cp,gyh_sp,zb,exemplars,labels
-21.6,4,0.6408313696840233,4.1595081576305475,24.37623233053613,0.6547670192387274,0.42600966332616214,0.16543993478102523,0.4752459091461605,[ 1 10 15 21],"[ 1  1  1  1 15 15  1 15 15 15 10 15 15 15 15 15 15 15 15 15 15 21 15 15
 15 15 15 15 15 15]"
-22.6,2,0.9787166287469602,9.763882173832144,19.952419090565023,1.0,1.0,0.5769265411552557,0.8942316352888139,[ 1 15],"[ 1  1  1  1 15 15  1 15 15 15 15 15 15 15 15 15 15 15 15 15 15  1 15 15
 15 15 15 15 15 15]"
