p,k,db,cp,sp,gyh_db,gyh_cp,gyh_sp,zb,exemplars,labels
-19.0,6,0.4601865224951996,2.849554046639943,26.946649323172537,0.0,0.0,0.7554986619354059,0.18887466548385148,[ 0  1  8 10 12 36],"[ 0  1 10 10 10 10 10 10  8 10 10 10 12 10 10 10 36 36 36 36 36 36 36 36
 36 36 36 36 36 36 36 36 36 36 36 36 36 36]"
-20.0,6,0.6931216016942149,4.481334680922508,26.710089514270692,0.5762458315730091,0.22049626500305414,0.7881175955821048,0.5402763809327943,[ 0  8  9 10 12 36],"[ 0  9 10 10 10 10 10 10  8 10 10 10 12 10 10 10 36 36 36 36 36 36 36 36
 36 36 36 36 36 36 36 36 36 36 36 36 36 36]"
-21.0,6,0.6931216016942149,4.481334680922508,26.710089514270692,0.5762458315730091,0.22049626500305414,0.7881175955821048,0.5402763809327943,[ 0  8  9 10 12 36],"[ 0  9 10 10 10 10 10 10  8 10 10 10 12 10 10 10 36 36 36 36 36 36 36 36
 36 36 36 36 36 36 36 36 36 36 36 36 36 36]"
-22.0,6,0.6931216016942149,4.481334680922508,26.710089514270692,0.5762458315730091,0.22049626500305414,0.7881175955821048,0.5402763809327943,[ 0  8  9 10 12 36],"[ 0  9 10 10 10 10 10 10  8 10 10 10 12 10 10 10 36 36 36 36 36 36 36 36
 36 36 36 36 36 36 36 36 36 36 36 36 36 36]"
-23.0,6,0.6931216016942149,4.481334680922508,26.710089514270692,0.5762458315730091,0.22049626500305414,0.7881175955821048,0.5402763809327943,[ 0  8  9 10 12 36],"[ 0  9 10 10 10 10 10 10  8 10 10 10 12 10 10 10 36 36 36 36 36 36 36 36
 36 36 36 36 36 36 36 36 36 36 36 36 36 36]"
-24.0,5,0.7532503798544662,5.548664651604012,25.173470885297412,0.7249952509029315,0.36472047450567663,1.0,0.703677744077885,[ 0  8  9 10 36],"[ 0  9 10 10 10 10 10 10  8 10 10 10 10 10 10 10 36 36 36 36 36 36 36 36
 36 36 36 36 36 36 36 36 36 36 36 36 36 36]"
-25.0,4,0.8644151805371327,7.156010496184849,27.744552419535058,1.0,0.5819149599973352,0.6454768104739693,0.8068479426178261,[ 0  9 10 36],"[ 0  9 10 10 10 10 10 10 10 10 10 10 10 10 10 10 36 36 36 36 36 36 36 36
 36 36 36 36 36 36 36 36 36 36 36 36 36 36]"
-26.0,2,0.6322174541181345,10.250045090150195,32.425694745956505,0.42557826665789994,1.0,0.0,0.46278913332895,[10 36],"[10 10 10 10 10 10 10 10 10 10 10 10 10 10 10 10 36 36 36 36 36 36 36 36
 36 36 36 36 36 36 36 36 36 36 36 36 36 36]"
