p,k,db,cp,sp,gyh_db,gyh_cp,gyh_sp,zb,exemplars,labels
-23.2,3,1.1972965905204145,8.807859178719063,18.668729052618943,0.8170264385385346,1.0,1.0,0.9085132192692673,[ 5  9 12],[ 5  9  9  5  5  5  5  9 12  9 12 12 12]
-24.2,3,1.356241104215919,7.3728507289302465,25.872737535210003,1.0,0.799171658868981,0.2988249042356071,0.774499140776147,[ 0  5 11],[ 0  5  0  5  5  5  0  0  5  0  5 11  5]
-25.2,3,1.356241104215919,7.3728507289302465,25.872737535210003,1.0,0.799171658868981,0.2988249042356071,0.774499140776147,[ 0  5 11],[ 0  5  0  5  5  5  0  0  5  0  5 11  5]
-26.2,3,1.356241104215919,7.3728507289302465,25.872737535210003,1.0,0.799171658868981,0.2988249042356071,0.774499140776147,[ 0  5 11],[ 0  5  0  5  5  5  0  0  5  0  5 11  5]
-27.2,2,0.551685631290034,7.983697199289881,28.942922369107944,0.07381276112126443,0.8846591578074835,0.0,0.25807117001250307,[ 5 11],[ 5  5  5  5  5  5  5  5  5  5  5 11  5]
