p,k,db,cp,sp,gyh_db,gyh_cp,gyh_sp,zb,exemplars,labels
-17.1,3,0.7701119437192663,4.496446855577121,14.246513568200863,0.0,0.3349249778692065,0.8238350266972692,0.2896900011416189,[ 5 17 19],[17 19 17 17  5  5 17 17 17 17 17 17 17 17 17  5 17 17 17 19]
-18.1,2,0.9484713479244854,6.625331028842584,13.970545432586066,0.47438221479304643,1.0,1.0,0.7371911073965232,[ 5 17],[17  5 17 17  5  5 17 17 17 17 17 17 17 17 17  5 17 17 17  5]
