p,k,db,cp,sp,gyh_db,gyh_cp,gyh_sp,zb,exemplars,labels
-10.6,5,0.765835045167713,1.778361530777388,18.756677534386135,1.0,0.3823436280122019,0.4525383012816028,0.7087204823234512,[ 4  5 22 25 26],"[ 4  4 22 22  4  5  4  4 22 22 22  4  4  4 22  4  4  4  4 22 22 22 22 22
 22 25 26  4 22 22]"
-11.6,4,0.550090106318039,2.8572668865528517,23.086280347147255,0.4233877814463698,0.7942747355138814,0.0,0.41026257460165527,[ 5 22 25 26],"[22 22 22 22 22  5 22 22 22 22 22 22 26 22 22 22 22 22 22 22 22 22 22 22
 22 25 26 22 22 22]"
-12.6,4,0.4421425753848349,1.5602161727463781,23.086280347147255,0.13488105850464874,0.2990547107322643,0.0,0.14220420693539043,[ 5 22 25 26],"[22 22 22 22 22  5 22 22 22 22 22 22 22 22 22 22 22 22 22 22 22 22 22 22
 22 25 26 22 22 22]"
-13.6,3,0.39167554610117056,2.1519879619546978,20.72607058123937,0.0,0.5249959457181861,0.24669360316011374,0.19292238721957494,[ 5 22 26],"[22 22 22 22 22  5 22 22 22 22 22 22 22 22 22 22 22 22 22 22 22 22 22 22
 22 22 26 22 22 22]"
-14.6,3,0.39167554610117056,2.1519879619546978,20.72607058123937,0.0,0.5249959457181861,0.24669360316011374,0.19292238721957494,[ 5 22 26],"[22 22 22 22 22  5 22 22 22 22 22 22 22 22 22 22 22 22 22 22 22 22 22 22
 22 22 26 22 22 22]"
-15.6,2,0.39800245467637785,3.3960902131487734,17.06567471253507,0.016909656419232276,1.0,0.6292851248487416,0.41577610942180154,[22 26],"[22 22 22 22 22 22 22 22 22 22 22 22 22 22 22 22 22 22 22 22 22 22 22 22
 22 22 26 22 22 22]"
