p,k,db,cp,sp,gyh_db,gyh_cp,gyh_sp,zb,exemplars,labels
-15.9,3,0.5988689035406839,2.51570383165059,13.899411328270988,1.0,0.24049097418408147,0.03764410998663516,0.5695337710426791,[5 6 8],[6 6 6 6 6 5 6 6 8 6]
-16.9,3,0.5988689035406839,2.51570383165059,13.899411328270988,1.0,0.24049097418408147,0.03764410998663516,0.5695337710426791,[5 6 8],[6 6 6 6 6 5 6 6 8 6]
-17.9,1,0.0,8.652388844481044,0.0,0.0,1.0,1.0,0.5,[6],[6 6 6 6 6 6 6 6 6 6]
