p,k,db,cp,sp,gyh_db,gyh_cp,gyh_sp,zb,exemplars,labels
-13.5,3,0.43887480838935505,2.202016069721815,16.08666559984717,0.5108396476084686,0.4838373307461781,0.5249392177704709,0.5076139609333965,[ 1  9 10],[ 9  1  9  9  9  9  9  9  9  9 10]
-14.5,3,0.43887480838935505,2.202016069721815,16.08666559984717,0.5108396476084686,0.4838373307461781,0.5249392177704709,0.5076139609333965,[ 1  9 10],[ 9  1  9  9  9  9  9  9  9  9 10]
-15.5,2,0.38205555695137805,3.652939898683166,19.122558655248426,0.0,1.0,0.0,0.25,[1 9],[9 1 9 9 9 9 9 9 9 9 9]
