p,k,db,cp,sp,gyh_db,gyh_cp,gyh_sp,zb,exemplars,labels
-22.5,3,0.34424408005936513,2.706426124237794,28.574799062347207,1.0,0.5303128559605971,0.3048712509275088,0.7087960267220265,[ 6 11 12],[ 6  6  6  6  6  6  6  6  6  6  6 11 12]
-23.5,3,0.34424408005936513,2.706426124237794,28.574799062347207,1.0,0.5303128559605971,0.3048712509275088,0.7087960267220265,[ 6 11 12],[ 6  6  6  6  6  6  6  6  6  6  6 11 12]
-24.5,3,0.34424408005936513,2.706426124237794,28.574799062347207,1.0,0.5303128559605971,0.3048712509275088,0.7087960267220265,[ 6 11 12],[ 6  6  6  6  6  6  6  6  6  6  6 11 12]
-25.5,3,0.34424408005936513,2.706426124237794,28.574799062347207,1.0,0.5303128559605971,0.3048712509275088,0.7087960267220265,[ 6 11 12],[ 6  6  6  6  6  6  6  6  6  6  6 11 12]
-26.5,2,0.307769806815253,4.609639314050999,29.95511068321304,0.580619765373245,1.0,0.0,0.5403098826866225,[ 6 12],[ 6  6  6  6  6  6  6  6  6  6  6  6 12]
