avg,cen
0.0,0.0
0.0,0.0
0.0,0.0
0.0,0.0
0.0,0.0
0.0053125,0.0
1.2478125000000002,0.4
17.862031250000005,15.08
62.039062499999964,62.7
104.32343750000001,105.19
135.16859375,137.72
154.36140624999996,155.98
158.89828125,160.47
153.32625,154.75
138.20421875000002,139.52
111.05531249999999,107.49
70.90859375000002,62.12
28.68296875000001,16.67
5.461874999999998,0.57
0.4401562500000001,0.0
0.0,0.0
0.0,0.0
0.0,0.0
0.0,0.0
