p,k,db,cp,sp,gyh_db,gyh_cp,gyh_sp,zb,exemplars,labels
-14.1,4,0.3946836850736949,2.7533403447941023,18.7756793860933,0.0,0.2971172998143254,0.4593457131748215,0.18911575324728672,[ 0 11 12 14],[ 0 14 14 14 14 14 14  0 14 14 14 11 12 14 14 14 14 14 14 14 14 14]
-15.1,4,0.3946836850736949,2.7533403447941023,18.7756793860933,0.0,0.2971172998143254,0.4593457131748215,0.18911575324728672,[ 0 11 12 14],[ 0 14 14 14 14 14 14  0 14 14 14 11 12 14 14 14 14 14 14 14 14 14]
-16.1,4,0.3946836850736949,2.7533403447941023,18.7756793860933,0.0,0.2971172998143254,0.4593457131748215,0.18911575324728672,[ 0 11 12 14],[ 0 14 14 14 14 14 14  0 14 14 14 11 12 14 14 14 14 14 14 14 14 14]
-17.1,4,0.3946836850736949,2.7533403447941023,18.7756793860933,0.0,0.2971172998143254,0.4593457131748215,0.18911575324728672,[ 0 11 12 14],[ 0 14 14 14 14 14 14  0 14 14 14 11 12 14 14 14 14 14 14 14 14 14]
-18.1,3,0.5499853073028574,5.322852796094961,22.34083656833475,0.4673438986644772,0.7677836677805824,0.0,0.4256178662773842,[ 0 11 14],[ 0 14 14 14 14 14 14  0 14 14 14 11 11 14 14 14 14 14 14 14 14 14]
-19.1,3,0.5499853073028574,5.322852796094961,22.34083656833475,0.4673438986644772,0.7677836677805824,0.0,0.4256178662773842,[ 0 11 14],[ 0 14 14 14 14 14 14  0 14 14 14 11 11 14 14 14 14 14 14 14 14 14]
-20.1,2,0.6614434439975861,6.590593169411772,19.92791138598336,0.8027510849714559,1.0,0.3108886318520869,0.7290977004487497,[ 7 14],[ 7 14 14 14 14 14 14  7 14 14 14 14  7 14 14 14 14 14 14 14 14 14]
