p,k,db,cp,sp,gyh_db,gyh_cp,gyh_sp,zb,exemplars,labels
-2.2,3,0.61953938781166,0.3561500859797713,16.95881870934811,1.0,0.7104239705029439,0.385802833811325,0.7740567010785672,[ 1  9 18],[ 1  1  1  1  1  9  1  1  9  9  9  1  1  9  9  9  9  1 18]
-3.2,3,0.61953938781166,0.3561500859797713,16.95881870934811,1.0,0.7104239705029439,0.385802833811325,0.7740567010785672,[ 1  9 18],[ 1  1  1  1  1  9  1  1  9  9  9  1  1  9  9  9  9  1 18]
-4.2,2,0.040269952889306446,0.5013204801178587,24.897991884712766,0.06499982677703216,1.0,0.0,0.2824999133885161,[ 9 18],[ 9  9  9  9  9  9  9  9  9  9  9  9  9  9  9  9  9  9 18]
