p,k,db,cp,sp,gyh_db,gyh_cp,gyh_sp,zb,exemplars,labels
-11.3,4,0.6020399825610737,2.3215920649873967,17.025266544885934,0.6609073615332244,0.42267010433610636,0.42202819592075747,0.5416282558308281,[10 12 13 18],[13 13 13 13 13 10 10 10 13 10 10 10 12 13 10 10 10 13 18]
-12.3,3,0.6389803252981163,3.2328588237711577,15.715166076334464,0.7014597254287488,0.5885757437556866,0.5745127145643824,0.6415019772943916,[10 13 18],[13 13 13 13 13 10 10 10 13 10 10 10 13 13 10 10 10 13 18]
-13.3,3,0.6389803252981163,3.2328588237711577,15.715166076334464,0.7014597254287488,0.5885757437556866,0.5745127145643824,0.6415019772943916,[10 13 18],[13 13 13 13 13 10 10 10 13 10 10 10 13 13 10 10 10 13 18]
-14.3,3,0.6389803252981163,3.2328588237711577,15.715166076334464,0.7014597254287488,0.5885757437556866,0.5745127145643824,0.6415019772943916,[10 13 18],[13 13 13 13 13 10 10 10 13 10 10 10 13 13 10 10 10 13 18]
-15.3,3,0.6389803252981163,3.2328588237711577,15.715166076334464,0.7014597254287488,0.5885757437556866,0.5745127145643824,0.6415019772943916,[10 13 18],[13 13 13 13 13 10 10 10 13 10 10 10 13 13 10 10 10 13 18]
-16.3,3,0.6389803252981163,3.2328588237711577,15.715166076334464,0.7014597254287488,0.5885757437556866,0.5745127145643824,0.6415019772943916,[10 13 18],[13 13 13 13 13 10 10 10 13 10 10 10 13 13 10 10 10 13 18]
-17.3,3,0.6389803252981163,3.2328588237711577,15.715166076334464,0.7014597254287488,0.5885757437556866,0.5745127145643824,0.6415019772943916,[10 13 18],[13 13 13 13 13 10 10 10 13 10 10 10 13 13 10 10 10 13 18]
-18.3,3,0.6389803252981163,3.2328588237711577,15.715166076334464,0.7014597254287488,0.5885757437556866,0.5745127145643824,0.6415019772943916,[10 13 18],[13 13 13 13 13 10 10 10 13 10 10 10 13 13 10 10 10 13 18]
-19.3,2,0.910929454870066,5.492681032253163,12.059509115415821,1.0,1.0,1.0,1.0,[10 13],[13 13 13 13 13 10 10 10 13 10 10 10 13 13 10 10 10 13 10]
