p,k,db,cp,sp,gyh_db,gyh_cp,gyh_sp,zb,exemplars,labels
-9.4,5,0.6420452453241395,1.364284967715912,22.600434710790783,0.7994581706094257,0.3602723172072135,0.682388953941242,0.6603944030918267,[ 7 14 16 25 32],"[32  7  7  7  7  7  7  7  7 32 32 32 32  7 14  7 16  7  7  7  7  7  7 32
 32 25 32 32 32 32 32 32 32 32 32]"
-10.4,5,0.6420452453241395,1.364284967715912,22.600434710790783,0.7994581706094257,0.3602723172072135,0.682388953941242,0.6603944030918267,[ 7 14 16 25 32],"[32  7  7  7  7  7  7  7  7 32 32 32 32  7 14  7 16  7  7  7  7  7  7 32
 32 25 32 32 32 32 32 32 32 32 32]"
-11.4,4,0.7630280131524457,1.7959032474232315,24.66072677480831,0.9947372213859068,0.558469158481903,0.5885323556073959,0.7841189892152781,[ 7 14 25 32],"[32  7  7  7  7  7  7  7  7 32 32  7 32  7 14  7  7  7  7  7  7  7  7 32
 32 25 32 32 32 32 32 32 32 32 32]"
-12.4,4,0.7630280131524457,1.7959032474232315,24.66072677480831,0.9947372213859068,0.558469158481903,0.5885323556073959,0.7841189892152781,[ 7 14 25 32],"[32  7  7  7  7  7  7  7  7 32 32  7 32  7 14  7  7  7  7  7  7  7  7 32
 32 25 32 32 32 32 32 32 32 32 32]"
-13.4,4,0.7662885038229446,1.8075388801934604,24.66072677480831,1.0,0.5638121797803879,0.5885323556073959,0.7880861338469459,[ 7 14 25 32],"[32  7  7  7  7  7  7  7  7 32 32 32 32  7 14  7  7  7  7  7  7  7  7 32
 32 25 32 32 32 32 32 32 32 32 32]"
-14.4,4,0.7662885038229446,1.8075388801934604,24.66072677480831,1.0,0.5638121797803879,0.5885323556073959,0.7880861338469459,[ 7 14 25 32],"[32  7  7  7  7  7  7  7  7 32 32 32 32  7 14  7  7  7  7  7  7  7  7 32
 32 25 32 32 32 32 32 32 32 32 32]"
-15.4,3,0.2984531972003884,1.7533250043188886,29.3428120860692,0.2448640724881664,0.5389174534521044,0.3752399743481554,0.35097139319414816,[14 25 32],"[32 32 32 32 32 32 32 32 32 32 32 32 32 32 14 32 32 32 32 32 32 32 32 32
 32 25 32 32 32 32 32 32 32 32 32]"
-16.4,3,0.2984531972003884,1.7533250043188886,29.3428120860692,0.2448640724881664,0.5389174534521044,0.3752399743481554,0.35097139319414816,[14 25 32],"[32 32 32 32 32 32 32 32 32 32 32 32 32 32 14 32 32 32 32 32 32 32 32 32
 32 25 32 32 32 32 32 32 32 32 32]"
-17.4,2,0.14675063047069986,2.757436140824107,37.57988816783523,0.0,1.0,0.0,0.25,[14 32],"[32 32 32 32 32 32 32 32 32 32 32 32 32 32 14 32 32 32 32 32 32 32 32 32
 32 32 32 32 32 32 32 32 32 32 32]"
