p,k,db,cp,sp,gyh_db,gyh_cp,gyh_sp,zb,exemplars,labels
-8.1,3,0.5201049498196034,1.3410615309717269,9.62579529957082,0.09130009513059695,0.30361124928426275,0.0,0.12155285988636416,[ 4  7 10],[ 4  4  4  4  4  4  4  7  4  4 10  4]
-9.1,2,0.47533953335585816,2.1561973519809725,9.072240790739183,0.0,1.0,0.27451120682253877,0.3186278017056347,[4 7],[4 4 4 4 4 4 4 7 4 4 4 4]
