p,k,db,cp,sp,gyh_db,gyh_cp,gyh_sp,zb,exemplars,labels
-32.9,3,0.8113447255750676,6.678429119254034,37.321606092906684,1.0,0.6161764632107692,0.7152561371148565,0.8328581500814064,[ 4  7 11],[ 4 11  4  4  4  4  4  7 11 11 11 11 11]
-33.9,3,0.8113447255750676,6.678429119254034,37.321606092906684,1.0,0.6161764632107692,0.7152561371148565,0.8328581500814064,[ 4  7 11],[ 4 11  4  4  4  4  4  7 11 11 11 11 11]
-34.9,3,0.8113447255750676,6.678429119254034,37.321606092906684,1.0,0.6161764632107692,0.7152561371148565,0.8328581500814064,[ 4  7 11],[ 4 11  4  4  4  4  4  7 11 11 11 11 11]
-35.9,3,0.8113447255750676,6.678429119254034,37.321606092906684,1.0,0.6161764632107692,0.7152561371148565,0.8328581500814064,[ 4  7 11],[ 4 11  4  4  4  4  4  7 11 11 11 11 11]
-36.9,2,0.46808307932305476,8.286920444302798,35.40790432453745,0.0,1.0,1.0,0.5,[ 7 11],[11 11 11 11 11 11 11  7 11 11 11 11 11]
