p,k,db,cp,sp,gyh_db,gyh_cp,gyh_sp,zb,exemplars,labels
-34.0,4,0.6652727123148778,5.583258660884109,31.796249043920344,0.5027408004964233,0.7635830398690161,0.12112736627676371,0.47254800178465667,[ 8 11 12 14],[12 12 12 12 12 12 12  8 12 12 12 11 12 12 14 12 12 12]
-35.0,4,0.6652727123148778,5.583258660884109,31.796249043920344,0.5027408004964233,0.7635830398690161,0.12112736627676371,0.47254800178465667,[ 8 11 12 14],[12 12 12 12 12 12 12  8 12 12 12 11 12 12 14 12 12 12]
-36.0,4,0.6652727123148778,5.583258660884109,31.796249043920344,0.5027408004964233,0.7635830398690161,0.12112736627676371,0.47254800178465667,[ 8 11 12 14],[12 12 12 12 12 12 12  8 12 12 12 11 12 12 14 12 12 12]
-37.0,3,0.4255872122328935,4.526866598613417,31.412949794838244,0.32161255346625045,0.6191077233565581,0.15492946657239445,0.35431557421536336,[11 12 14],[12 12 12 12 12 12 12 12 12 12 12 11 12 12 14 12 12 12]
-38.0,2,0.4408785379122967,7.311920733391162,33.16977400630788,0.33316807524011827,1.0,0.0,0.41658403762005913,[12 14],[12 12 12 12 12 12 12 12 12 12 12 12 12 12 14 12 12 12]
