p,k,db,cp,sp,gyh_db,gyh_cp,gyh_sp,zb,exemplars,labels
-52.7,2,0.8225541378146164,14.049609566435052,34.160935847365444,0.6059128460879345,1.0,0.465829756050792,0.6694138620566652,[0 5],[0 5 0 0 5 5 5]
