p,k,db,cp,sp,gyh_db,gyh_cp,gyh_sp,zb,exemplars,labels
-22.6,2,0.4382597993481775,5.878691308761679,26.827426642849925,0.0,1.0,0.025496474390959065,0.2563741185977398,[3 6],[6 6 6 3 6 6 6 6 6 6 6 6 6 6 6]
