p,k,db,cp,sp,gyh_db,gyh_cp,gyh_sp,zb,exemplars,labels
-15.1,3,0.44369498282869807,2.1802833783782627,23.227270028333294,0.7464229947844766,0.4151498121441879,0.0,0.4769989504282853,[1 2 9],[2 1 2 2 2 2 2 2 2 9 2 2 2 2]
-16.1,3,0.44369498282869807,2.1802833783782627,23.227270028333294,0.7464229947844766,0.4151498121441879,0.0,0.4769989504282853,[1 2 9],[2 1 2 2 2 2 2 2 2 9 2 2 2 2]
-17.1,2,0.3580488425788876,3.5226642430662163,19.677003939986655,0.0,1.0,1.0,0.5,[1 2],[2 1 2 2 2 2 2 2 2 2 2 2 2 2]
