p,k,db,cp,sp,gyh_db,gyh_cp,gyh_sp,zb,exemplars,labels
-21.2,2,0.4309866487577664,4.8024505931653465,22.28584392118623,0.6743354359471325,1.0,0.0,0.5871677179735663,[1 7],[7 1 7 7 7 7 7 7]
