p,k,db,cp,sp,gyh_db,gyh_cp,gyh_sp,zb,exemplars,labels
-37.3,2,0.42589504267249073,7.488501249810832,35.165947003376694,0.4711940217008816,1.0,0.39884046665523465,0.5853071275142495,[4 5],[5 5 5 5 4 5 5 5]
