p,k,db,cp,sp,gyh_db,gyh_cp,gyh_sp,zb,exemplars,labels
-62.5,2,0.19585429673597782,6.785659597823828,69.29293572733064,0.176364875748623,1.0,0.0,0.3381824378743115,[1 3],[1 1 1 3]
