p,k,db,cp,sp,gyh_db,gyh_cp,gyh_sp,zb,exemplars,labels
-13.6,4,0.40801397163057357,1.531331355099968,17.307840251272275,0.7703406089341731,0.40840916137193534,0.7790000996155892,0.6820226197139677,[ 5  8  9 12],[ 5  5  5  5  5  5  5  5  8  9  5  5 12  5  5  5  5  5  5  5  5  5  5]
-14.6,4,0.40801397163057357,1.531331355099968,17.307840251272275,0.7703406089341731,0.40840916137193534,0.7790000996155892,0.6820226197139677,[ 5  8  9 12],[ 5  5  5  5  5  5  5  5  8  9  5  5 12  5  5  5  5  5  5  5  5  5  5]
-15.6,4,0.40801397163057357,1.531331355099968,17.307840251272275,0.7703406089341731,0.40840916137193534,0.7790000996155892,0.6820226197139677,[ 5  8  9 12],[ 5  5  5  5  5  5  5  5  8  9  5  5 12  5  5  5  5  5  5  5  5  5  5]
-16.6,3,0.28071467571756675,1.874527284909665,18.883039676911583,0.17391183541523167,0.538195879647324,0.6276711899031916,0.3784226850952447,[ 8  9 16],[16 16 16 16 16 16 16 16  8  9 16 16 16 16 16 16 16 16 16 16 16 16 16]
-17.6,3,0.28071467571756675,1.874527284909665,18.883039676911583,0.17391183541523167,0.538195879647324,0.6276711899031916,0.3784226850952447,[ 8  9 16],[16 16 16 16 16 16 16 16  8  9 16 16 16 16 16 16 16 16 16 16 16 16 16]
-18.6,3,0.28071467571756675,1.874527284909665,18.883039676911583,0.17391183541523167,0.538195879647324,0.6276711899031916,0.3784226850952447,[ 8  9 16],[16 16 16 16 16 16 16 16  8  9 16 16 16 16 16 16 16 16 16 16 16 16 16]
-19.6,3,0.28071467571756675,1.874527284909665,18.883039676911583,0.17391183541523167,0.538195879647324,0.6276711899031916,0.3784226850952447,[ 8  9 16],[16 16 16 16 16 16 16 16  8  9 16 16 16 16 16 16 16 16 16 16 16 16 16]
-20.6,2,0.2435956513139015,3.0956791606978684,25.41653879287626,0.0,1.0,0.0,0.25,[ 9 16],[16 16 16 16 16 16 16 16 16  9 16 16 16 16 16 16 16 16 16 16 16 16 16]
