avg,cen
0.0,0.0
0.0,0.0
0.0,0.0
0.0,0.0
0.0,0.0
0.4041304347826088,0.0
3.074565217391305,3.66
15.601956521739131,18.46
45.56195652173913,52.74
75.46391304347827,80.19
95.17086956521739,99.69
108.4026086956522,112.43
115.99695652173912,116.47
111.6132608695652,114.33
101.6195652173913,105.3
84.95934782608697,88.26
59.252826086956524,62.98
29.405434782608687,31.26
6.925652173913043,6.69
1.4480434782608695,1.45
0.0,0.0
0.0,0.0
0.0,0.0
0.0,0.0
