p,k,db,cp,sp,gyh_db,gyh_cp,gyh_sp,zb,exemplars,labels
-13.5,3,0.5166914934182673,2.1003192653890412,22.90934883404513,1.0,0.5672687221206084,0.0,0.6418171805301521,[2 3 7],[7 7 2 3 7 7 7 7 7 7 7 7 7 7 7 7]
-14.5,3,0.5166914934182673,2.1003192653890412,22.90934883404513,1.0,0.5672687221206084,0.0,0.6418171805301521,[2 3 7],[7 7 2 3 7 7 7 7 7 7 7 7 7 7 7 7]
-15.5,2,0.32746410231691836,3.2804195549956927,20.035292612445907,0.0,1.0,0.30772071103487403,0.3269301777587185,[3 7],[7 7 7 3 7 7 7 7 7 7 7 7 7 7 7 7]
