p,k,db,cp,sp,gyh_db,gyh_cp,gyh_sp,zb,exemplars,labels
-25.9,3,1.5151160948292868,11.008889493216182,32.61435273633263,1.0,1.0,0.4066523838831175,0.8516630959707794,[0 1 8],[1 0 8 8 8 8 8 8 8 8]
-26.9,3,1.5151160948292868,11.008889493216182,32.61435273633263,1.0,1.0,0.4066523838831175,0.8516630959707794,[0 1 8],[1 0 8 8 8 8 8 8 8 8]
-27.9,3,1.5151160948292868,11.008889493216182,32.61435273633263,1.0,1.0,0.4066523838831175,0.8516630959707794,[0 1 8],[1 0 8 8 8 8 8 8 8 8]
-28.9,2,0.4077120750568575,8.204382050736257,40.245960581825365,0.2690962603118514,0.7452506500126013,0.0,0.320860792659076,[0 8],[0 0 8 8 8 8 8 8 8 8]
