p,k,db,cp,sp,gyh_db,gyh_cp,gyh_sp,zb,exemplars,labels
-47.6,2,0.6385565031305831,14.813650770008177,46.39730610332168,0.4270682467106213,1.0,0.0,0.46353412335531063,[0 5],[0 0 5 0 0 0 0]
