p,k,db,cp,sp,gyh_db,gyh_cp,gyh_sp,zb,exemplars,labels
-10.4,4,0.5714991424196572,2.539364031162152,16.295038974696386,0.8105713433762544,0.46405405244735387,0.02727846593870827,0.5281188012846427,[ 5  6  7 19],"[ 6  6  6 19 19  5  6  7  6  6 19 19 19 19  6 19 19 19 19 19 19  6  6  6
  6  6 19]"
-11.4,2,0.7050571761385059,5.472129847309627,15.522513726559524,1.0,1.0,0.18457019878038466,0.7961425496950961,[ 6 19],"[ 6  6  6 19 19 19  6  6  6  6 19 19 19 19  6 19 19 19 19 19 19  6  6  6
  6  6 19]"
