p,k,db,cp,sp,gyh_db,gyh_cp,gyh_sp,zb,exemplars,labels
-8.0,5,0.75371565724902,1.8506524066233894,15.207931331710535,0.572172527940339,0.33304019175499594,0.1071662530349623,0.3961378751676591,[ 4  7 12 19 20],"[ 7  7  7  7  4  7  7  7  7  4  7  7  4  7  7  7  7  4  7 19 20  7 12  7
  7  7  7]"
-9.0,3,0.9166908774107112,2.8040576724558974,17.033329422645647,0.695892849808005,0.5046133469389114,0.0,0.47409976163873035,[ 4  7 20],"[ 7  7  7  7  4  7  7  7  7  4  7  7  4  7  7  7  7  4  7  7 20  7  4  7
  7  7  7]"
-10.0,5,0.9376028119922772,2.2501970044513993,13.8385211558689,0.7117678477048637,0.40494154340757127,0.18756217222742608,0.5040098527611812,[ 4  7 12 16 20],"[ 7  7  7  7  4  7  7  7  7  4 16 16  4  7 16 16 16  4 16 16 20 16 12  7
 16 16 16]"
-11.0,3,1.3172873922524477,2.7574677712785913,8.215468211031133,1.0,0.4962291092687772,0.5176827731571523,0.7534779706064824,[ 7 16 20],"[ 7  7  7  7  7  7  7  7  7  7 16 16 16 16 16 16 16 16 16 16 20 16 16  7
 16 16 16]"
-12.0,3,1.3172873922524477,2.7574677712785913,8.215468211031133,1.0,0.4962291092687772,0.5176827731571523,0.7534779706064824,[ 7 16 20],"[ 7  7  7  7  7  7  7  7  7  7 16 16 16 16 16 16 16 16 16 16 20 16 16  7
 16 16 16]"
-13.0,3,1.3172873922524477,2.7574677712785913,8.215468211031133,1.0,0.4962291092687772,0.5176827731571523,0.7534779706064824,[ 7 16 20],"[ 7  7  7  7  7  7  7  7  7  7 16 16 16 16 16 16 16 16 16 16 20 16 16  7
 16 16 16]"
-14.0,1,0.0,5.5568440459728015,0.0,0.0,1.0,1.0,0.5,[16],"[16 16 16 16 16 16 16 16 16 16 16 16 16 16 16 16 16 16 16 16 16 16 16 16
 16 16 16]"
