p,k,db,cp,sp,gyh_db,gyh_cp,gyh_sp,zb,exemplars,labels
-14.0,2,0.33458627996768564,3.364195007902991,20.10958135060353,0.28368891743511865,1.0,0.0,0.39184445871755935,[0 6],[0 6 6 6 6 6 6]
