p,k,db,cp,sp,gyh_db,gyh_cp,gyh_sp,zb,exemplars,labels
-19.0,2,0.3794642359127921,6.61224611160513,34.85043113852103,0.40471927094222304,1.0,0.0,0.4523596354711115,[1 5],[5 1 5 5 5 5 1]
