p,k,db,cp,sp,gyh_db,gyh_cp,gyh_sp,zb,exemplars,labels
-27.9,2,1.4140027418005587,10.721899304772286,15.165316145171353,1.0,1.0,1.0,1.0,[2 4],[2 2 2 2 4 4 2 4 4 4 4 4 2 2]
