p,k,db,cp,sp,gyh_db,gyh_cp,gyh_sp,zb,exemplars,labels
-17.7,4,0.6174734487020518,2.6121260385533698,21.605126836209312,0.3344349248484291,0.240668016994617,0.95468108553478,0.46605473805656383,[ 0  3 15 24],"[ 0 15 15  3 15 15 15 15 15 15 15 15 15 15 15 15 15 15 15 15 15 15 15 15
 24 15 15 15 15]"
-18.7,2,0.5026171473481783,5.424359047275597,21.584456781447518,0.0,1.0,1.0,0.5,[ 0 15],"[ 0 15 15 15 15 15 15 15 15 15 15 15 15 15 15 15 15 15 15 15 15 15 15 15
 15 15 15 15 15]"
