p,k,db,cp,sp,gyh_db,gyh_cp,gyh_sp,zb,exemplars,labels
-33.1,2,0.35041970705083847,4.589961898238045,26.196939303828245,0.3740132946508816,1.0,0.16972376767448194,0.4794375892440613,[0 4],[0 4 4 4 4]
