p,k,db,cp,sp,gyh_db,gyh_cp,gyh_sp,zb,exemplars,labels
-12.4,3,0.3960784724853373,2.050595874351041,28.065756389440025,0.3280644072522474,0.5999133921656475,0.5825552393595151,0.4596493615074143,[4 7 8],[4 4 4 4 4 4 4 7 8]
-13.4,2,0.1446105830376835,3.4181531886603262,47.27390093945756,0.11977824724724422,1.0,0.0,0.3098891236236221,[4 8],[4 4 4 4 4 4 4 4 8]
