p,k,db,cp,sp,gyh_db,gyh_cp,gyh_sp,zb,exemplars,labels
-26.1,2,0.5381227495099203,6.527274791922485,24.259427046587458,0.27060783641800384,1.0,1.0,0.6353039182090019,[0 5],[0 0 0 0 0 5 0 0 0]
