p,k,db,cp,sp,gyh_db,gyh_cp,gyh_sp,zb,exemplars,labels
-14.6,4,0.3713288580581575,2.028936728731813,18.986760249748997,0.6735956468613046,0.418435008528678,0.5274920986934448,0.5732796002361831,[ 1  5  6 16],[16  1 16 16 16  5  6 16 16 16 16 16 16 16 16 16 16 16]
-15.6,4,0.3713288580581575,2.028936728731813,18.986760249748997,0.6735956468613046,0.418435008528678,0.5274920986934448,0.5732796002361831,[ 1  5  6 16],[16  1 16 16 16  5  6 16 16 16 16 16 16 16 16 16 16 16]
-16.6,4,0.3713288580581575,2.028936728731813,18.986760249748997,0.6735956468613046,0.418435008528678,0.5274920986934448,0.5732796002361831,[ 1  5  6 16],[16  1 16 16 16  5  6 16 16 16 16 16 16 16 16 16 16 16]
-17.6,4,0.3713288580581575,2.028936728731813,18.986760249748997,0.6735956468613046,0.418435008528678,0.5274920986934448,0.5732796002361831,[ 1  5  6 16],[16  1 16 16 16  5  6 16 16 16 16 16 16 16 16 16 16 16]
-18.6,4,0.3713288580581575,2.028936728731813,18.986760249748997,0.6735956468613046,0.418435008528678,0.5274920986934448,0.5732796002361831,[ 1  5  6 16],[16  1 16 16 16  5  6 16 16 16 16 16 16 16 16 16 16 16]
-19.6,3,0.5160441305910438,4.510807943546522,22.09351595201584,0.936111138176101,0.9302803451682234,0.19262066694751845,0.7487808221169859,[ 1  5 16],[16  1 16 16 16  5  1 16 16 16 16 16 16 16 16 16 16 16]
-20.6,3,0.5160441305910438,4.510807943546522,22.09351595201584,0.936111138176101,0.9302803451682234,0.19262066694751845,0.7487808221169859,[ 1  5 16],[16  1 16 16 16  5  1 16 16 16 16 16 16 16 16 16 16 16]
-21.6,3,0.38928741237130887,2.9679617976485813,22.09351595201584,0.7061727109562435,0.6120935672982388,0.19262066694751845,0.554264914039561,[ 1  5 16],[16  1 16 16 16  5 16 16 16 16 16 16 16 16 16 16 16 16]
-22.6,2,0.4060936814998022,4.8488694477693475,23.88054613340104,0.7366595139053415,1.0,0.0,0.6183297569526707,[ 5 16],[16 16 16 16 16  5 16 16 16 16 16 16 16 16 16 16 16 16]
