p,k,db,cp,sp,gyh_db,gyh_cp,gyh_sp,zb,exemplars,labels
-13.3,4,0.5217964534546138,2.341297387366649,12.076644239388843,0.7047761871968103,0.4599942660593338,0.8825834428153112,0.6880325208170663,[ 2  7  8 12],[12  8  2  8  8  8  8  7  8  8  8  8 12  8  8  8  8  8]
-14.3,3,0.559707069401648,3.2744721545859328,12.954544464482154,0.7559810184764032,0.6433349405367971,0.7504033117340237,0.7264250723059068,[ 2  8 12],[12  8  2  8  8  8  8  8  8  8  8  8 12  8  8  8  8  8]
-15.3,2,0.5674768559796901,5.0898403743681655,17.93849500903815,0.7664754565346751,1.0,0.0,0.6332377282673376,[ 8 12],[12  8  8  8  8  8  8  8  8  8  8  8 12  8  8  8  8  8]
