p,k,db,cp,sp,gyh_db,gyh_cp,gyh_sp,zb,exemplars,labels
-12.1,3,0.6908982210888693,3.478709669544284,22.109583223573612,0.6852773684207742,0.6800630089502191,0.3758120283085689,0.6066074435250842,[ 4  5 10],[ 4  4  4 10  4  5  4  4  4 10 10  4 10 10 10 10 10  4]
-13.1,3,0.7095041070010332,3.586631287058831,22.109583223573612,0.7037318847964716,0.7011609179192456,0.3758120283085689,0.6211091789551895,[ 4  5 10],[ 4  4  4 10  4  5  4  4 10 10 10  4 10 10 10 10 10  4]
-14.1,3,0.7095041070010332,3.586631287058831,22.109583223573612,0.7037318847964716,0.7011609179192456,0.3758120283085689,0.6211091789551895,[ 4  5 10],[ 4  4  4 10  4  5  4  4 10 10 10  4 10 10 10 10 10  4]
-15.1,3,0.7095041070010332,3.586631287058831,22.109583223573612,0.7037318847964716,0.7011609179192456,0.3758120283085689,0.6211091789551895,[ 4  5 10],[ 4  4  4 10  4  5  4  4 10 10 10  4 10 10 10 10 10  4]
-16.1,3,0.7095041070010332,3.586631287058831,22.109583223573612,0.7037318847964716,0.7011609179192456,0.3758120283085689,0.6211091789551895,[ 4  5 10],[ 4  4  4 10  4  5  4  4 10 10 10  4 10 10 10 10 10  4]
-17.1,3,0.8839980667678788,4.477632344058301,22.109583223573612,0.8768062362774889,0.8753452901035055,0.3758120283085689,0.7511924477417631,[ 4  5 10],[ 4  4  4 10 10  5 10 10 10 10 10 10 10 10 10 10 10 10]
-18.1,3,1.008202303077728,5.115275531474947,22.109583223573612,1.0,1.0,0.3758120283085689,0.8439530070771423,[ 4  5 10],[ 4  4 10 10 10  5 10 10 10 10 10 10 10 10 10 10 10 10]
-19.1,2,0.3072367896716116,4.341021440269011,28.25847415544791,0.3047372424499659,0.848638829630613,0.0,0.3645283286326362,[ 5 10],[10 10 10 10 10  5 10 10 10 10 10 10 10 10 10 10 10 10]
