p,k,db,cp,sp,gyh_db,gyh_cp,gyh_sp,zb,exemplars,labels
-19.6,3,0.5359548318640436,5.50395852065774,22.862356992759388,0.43215740023949883,0.6096210055344954,0.6124272450443521,0.5215907627644613,[ 0  2 11],[ 0  2  2  2 11 11  2 11 11 11 11 11 11 11 11 11 11]
-20.6,3,0.5359548318640436,5.50395852065774,22.862356992759388,0.43215740023949883,0.6096210055344954,0.6124272450443521,0.5215907627644613,[ 0  2 11],[ 0  2  2  2 11 11  2 11 11 11 11 11 11 11 11 11 11]
-21.6,2,0.6118086516844305,9.028492244672659,29.514104515571756,0.4933207439074767,1.0,0.0,0.49666037195373836,[ 2 11],[ 2  2  2  2 11 11  2 11 11 11 11 11 11 11 11 11 11]
