p,k,db,cp,sp,gyh_db,gyh_cp,gyh_sp,zb,exemplars,labels
-23.2,4,0.9814470188122417,7.137056382474816,26.049292802863878,0.6583627071755889,0.5509175768358545,0.0,0.46691074779675806,[ 3  4  6 14],[ 3  3  3  3  4  3  6  3  6  3  3 14  3  3  3  3  3]
-24.2,2,1.4907390836621075,12.954853289426445,17.380443608685592,1.0,1.0,1.0,1.0,[3 5],[3 3 3 3 3 3 5 3 3 3 3 3 3 3 3 3 3]
