p,k,db,cp,sp,gyh_db,gyh_cp,gyh_sp,zb,exemplars,labels
-5.1,2,0.03343832565819558,0.8281826683882311,49.534936459071616,0.0,1.0,0.0,0.25,[ 1 10],[10  1 10 10 10 10 10 10 10 10 10 10 10 10 10 10 10 10]
