p,k,db,cp,sp,gyh_db,gyh_cp,gyh_sp,zb,exemplars,labels
-31.3,2,0.25216128589231046,5.22978085592893,41.479649323825164,0.0,1.0,0.0,0.25,[0 5],[0 0 0 0 0 5 0 0]
