p,k,db,cp,sp,gyh_db,gyh_cp,gyh_sp,zb,exemplars,labels
-20.5,3,0.41072493225784346,3.68381123397934,29.616986851626802,0.5594610091022533,0.5952663296412565,0.02646572699424271,0.4351635187100014,[3 5 7],[7 7 7 3 7 5 7 7 7 7 7 7]
-21.5,3,0.41072493225784346,3.68381123397934,29.616986851626802,0.5594610091022533,0.5952663296412565,0.02646572699424271,0.4351635187100014,[3 5 7],[7 7 7 3 7 5 7 7 7 7 7 7]
-22.5,3,0.41072493225784346,3.68381123397934,29.616986851626802,0.5594610091022533,0.5952663296412565,0.02646572699424271,0.4351635187100014,[3 5 7],[7 7 7 3 7 5 7 7 7 7 7 7]
-23.5,3,0.41072493225784346,3.68381123397934,29.616986851626802,0.5594610091022533,0.5952663296412565,0.02646572699424271,0.4351635187100014,[3 5 7],[7 7 7 3 7 5 7 7 7 7 7 7]
-24.5,2,0.4142556275905511,6.188509328588142,29.877732088191905,0.5642702773461135,1.0,0.0,0.5321351386730567,[3 7],[7 7 7 3 7 7 7 7 7 7 7 7]
