p,k,db,cp,sp,gyh_db,gyh_cp,gyh_sp,zb,exemplars,labels
-36.9,3,1.4475323912773126,5.557952099512978,27.432749486861933,0.9877858916024521,0.6939872257488174,0.668786213775326,0.834586305682262,[2 7 8],[7 7 8 7 7 7 7 7 2 7 7 7]
-37.9,3,1.4475323912773126,5.557952099512978,27.432749486861933,0.9877858916024521,0.6939872257488174,0.668786213775326,0.834586305682262,[2 7 8],[7 7 8 7 7 7 7 7 2 7 7 7]
-38.9,3,1.4475323912773126,5.557952099512978,27.432749486861933,0.9877858916024521,0.6939872257488174,0.668786213775326,0.834586305682262,[2 7 8],[7 7 8 7 7 7 7 7 2 7 7 7]
-39.9,2,0.41001774354683923,8.00872392646119,39.06525535788818,0.27979321555965786,1.0,0.0,0.38989660777982893,[7 8],[7 7 8 7 7 7 7 7 7 7 7 7]
