p,k,db,cp,sp,gyh_db,gyh_cp,gyh_sp,zb,exemplars,labels
-11.4,4,0.5673789439791626,1.5372785502452533,15.155079907320491,0.8139851506144304,0.4571478331029202,0.27623791820394855,0.5903390131339323,[ 5  6 11 20],[20 20 20 20 20  5  6 20 20 20 20 11 20 20 20 20 20 20 20 20 20]
-12.4,3,0.543159029870916,2.1124884655683682,17.27268851381635,0.7568425065287672,0.6366028014885673,0.0,0.5375719536365254,[ 5 11 20],[20 20 20 20 20  5 20 20 20 20 20 11 20 20 20 20 20 20 20 20 20]
-13.4,2,0.4578304506451818,3.2772913889135467,14.316616049872334,0.5555246731442437,1.0,0.3856138953133352,0.6241658104004556,[11 20],[20 20 20 20 20 20 20 20 20 20 20 11 20 20 20 20 20 20 20 20 20]
