p,k,db,cp,sp,gyh_db,gyh_cp,gyh_sp,zb,exemplars,labels
-32.8,4,0.24505709028917846,1.8759783305452928,37.23670150145557,0.3017351119059452,0.35879019697033226,0.12246769863027474,0.27118202985312434,[ 4 10 11 14],[10 10 10 10  4 10 10 10 10 10 10 11 10 10 14 10 10]
-33.8,4,0.24505709028917846,1.8759783305452928,37.23670150145557,0.3017351119059452,0.35879019697033226,0.12246769863027474,0.27118202985312434,[ 4 10 11 14],[10 10 10 10  4 10 10 10 10 10 10 11 10 10 14 10 10]
-34.8,4,0.24505709028917846,1.8759783305452928,37.23670150145557,0.3017351119059452,0.35879019697033226,0.12246769863027474,0.27118202985312434,[ 4 10 11 14],[10 10 10 10  4 10 10 10 10 10 10 11 10 10 14 10 10]
-35.8,4,0.24505709028917846,1.8759783305452928,37.23670150145557,0.3017351119059452,0.35879019697033226,0.12246769863027474,0.27118202985312434,[ 4 10 11 14],[10 10 10 10  4 10 10 10 10 10 10 11 10 10 14 10 10]
-36.8,4,0.24505709028917846,1.8759783305452928,37.23670150145557,0.3017351119059452,0.35879019697033226,0.12246769863027474,0.27118202985312434,[ 4 10 11 14],[10 10 10 10  4 10 10 10 10 10 10 11 10 10 14 10 10]
-37.8,4,0.24505709028917846,1.8759783305452928,37.23670150145557,0.3017351119059452,0.35879019697033226,0.12246769863027474,0.27118202985312434,[ 4 10 11 14],[10 10 10 10  4 10 10 10 10 10 10 11 10 10 14 10 10]
-38.8,4,0.24505709028917846,1.8759783305452928,37.23670150145557,0.3017351119059452,0.35879019697033226,0.12246769863027474,0.27118202985312434,[ 4 10 11 14],[10 10 10 10  4 10 10 10 10 10 10 11 10 10 14 10 10]
-39.8,4,0.24505709028917846,1.8759783305452928,37.23670150145557,0.3017351119059452,0.35879019697033226,0.12246769863027474,0.27118202985312434,[ 4 10 11 14],[10 10 10 10  4 10 10 10 10 10 10 11 10 10 14 10 10]
-40.8,2,0.33259881420353177,5.228622037018515,31.441014301505554,0.40952392075275945,1.0,0.42585959708023186,0.5612268596464377,[ 4 10],[10 10 10 10  4 10 10 10 10 10 10 10 10 10 10 10 10]
