avg,cen
28.774,32.92
29.252,32.71
28.502,32.75
26.204,30.07
23.921999999999997,24.82
22.738,20.21
21.740000000000002,17.96
22.156,22.36
27.556,40.56
26.647999999999996,32.54
25.360000000000003,32.22
27.598000000000003,32.04
31.606,32.11
31.1,32.57
30.779999999999994,32.46
31.212,33.06
31.798000000000002,33.35
32.592,33.63
33.548,34.19
34.268,34.15
34.465999999999994,34.37
33.803999999999995,34.72
32.248000000000005,34.3
32.162,34.82
