p,k,db,cp,sp,gyh_db,gyh_cp,gyh_sp,zb,exemplars,labels
-25.8,3,0.3710385572827491,5.290040923043091,40.57249164072459,0.46168931953788506,0.566956685967619,0.0,0.37258383126084726,[4 6 7],[4 4 7 7 4 4 6 7 7 4]
-26.8,3,0.3710385572827491,5.290040923043091,40.57249164072459,0.46168931953788506,0.566956685967619,0.0,0.37258383126084726,[4 6 7],[4 4 7 7 4 4 6 7 7 4]
-27.8,3,0.3710385572827491,5.290040923043091,40.57249164072459,0.46168931953788506,0.566956685967619,0.0,0.37258383126084726,[4 6 7],[4 4 7 7 4 4 6 7 7 4]
-28.8,2,0.4779056948268079,9.33059094984414,39.047833289475776,0.5946658392155397,1.0,0.15190209894745854,0.5853084443446345,[4 7],[4 4 7 7 4 4 4 7 7 4]
