p,k,db,cp,sp,gyh_db,gyh_cp,gyh_sp,zb,exemplars,labels
-16.2,4,0.6197509135908351,3.847320408204282,22.60242579289842,0.35082983144191165,0.4179272833128055,0.08011982596439685,0.29992669304025643,[ 1 11 18 20],[11  1  1  1  1  1  1  1  1  1  1 11 11 11  1  1  1 18 18  1 20  1  1]
-17.2,3,0.7645527268037293,5.691622094459478,22.854365067897703,0.6361259532650494,0.7808922266576048,0.048081580802395586,0.5253064284975248,[ 1 13 20],[13  1  1  1  1  1  1  1  1  1  1 13 13 13  1  1  1 20  1  1 20  1  1]
-18.2,3,0.9492367015161437,6.653556894342735,19.980751545959563,1.0,0.9702043184607381,0.4135090613607868,0.8459283449553812,[ 1 13 18],[13  1  1  1  1  1  1  1  1  1  1 13 13 13  1  1  1 18  1  1 18  1  1]
-19.2,3,0.8073982178948129,5.508247810930914,19.980751545959563,0.7205423854537968,0.7448035341579611,0.4135090613607868,0.6498493416065854,[ 1 13 18],[13  1  1  1  1  1  1  1  1  1  1 13 13 13  1 18  1 18 18  1 18  1  1]
-20.2,3,0.8073982178948129,5.508247810930914,19.980751545959563,0.7205423854537968,0.7448035341579611,0.4135090613607868,0.6498493416065854,[ 1 13 18],[13  1  1  1  1  1  1  1  1  1  1 13 13 13  1 18  1 18 18  1 18  1  1]
-21.2,3,0.7942893542887935,5.590989311919692,19.980751545959563,0.6947146153083551,0.761087347398752,0.4135090613607868,0.6410064098440622,[ 1 13 18],[13  1  1  1  1  1  1  1  1  1  1 13 13 13  1 18  1 18 18 18 18  1  1]
-22.2,3,0.8073982178948129,5.508247810930914,19.980751545959563,0.7205423854537968,0.7448035341579611,0.4135090613607868,0.6498493416065854,[ 1 13 18],[13  1  1  1  1  1  1  1  1  1  1 13 13 13  1 18  1 18 18  1 18  1  1]
-23.2,2,0.8855567872161302,6.80495505748099,15.368760435732879,0.8745344952199408,1.0,1.0,0.9372672476099704,[ 1 18],[ 1  1  1  1  1  1  1  1  1  1  1  1  1  1  1 18  1 18 18  1 18  1  1]
