p,k,db,cp,sp,gyh_db,gyh_cp,gyh_sp,zb,exemplars,labels
-7.7,3,0.2271596419776781,1.1857404678513859,26.77239068787344,0.3489682397149624,0.2810751601611635,0.7334358236458332,0.42811186580923033,[ 9 11 20],[11 11 11 11 11 11 11 11 11  9 11 11 11 11 11 11 11 11 11 11 20 11 11]
-8.7,3,0.2271596419776781,1.1857404678513859,26.77239068787344,0.3489682397149624,0.2810751601611635,0.7334358236458332,0.42811186580923033,[ 9 11 20],[11 11 11 11 11 11 11 11 11  9 11 11 11 11 11 11 11 11 11 11 20 11 11]
-9.7,3,0.2271596419776781,1.1857404678513859,26.77239068787344,0.3489682397149624,0.2810751601611635,0.7334358236458332,0.42811186580923033,[ 9 11 20],[11 11 11 11 11 11 11 11 11  9 11 11 11 11 11 11 11 11 11 11 20 11 11]
-10.7,3,0.2271596419776781,1.1857404678513859,26.77239068787344,0.3489682397149624,0.2810751601611635,0.7334358236458332,0.42811186580923033,[ 9 11 20],[11 11 11 11 11 11 11 11 11  9 11 11 11 11 11 11 11 11 11 11 20 11 11]
-11.7,3,0.2271596419776781,1.1857404678513859,26.77239068787344,0.3489682397149624,0.2810751601611635,0.7334358236458332,0.42811186580923033,[ 9 11 20],[11 11 11 11 11 11 11 11 11  9 11 11 11 11 11 11 11 11 11 11 20 11 11]
-12.7,3,0.2271596419776781,1.1857404678513859,26.77239068787344,0.3489682397149624,0.2810751601611635,0.7334358236458332,0.42811186580923033,[ 9 11 20],[11 11 11 11 11 11 11 11 11  9 11 11 11 11 11 11 11 11 11 11 20 11 11]
-13.7,2,0.0942962383538826,1.968924625899683,41.76040657126836,0.0,1.0,0.0,0.25,[ 9 11],[11 11 11 11 11 11 11 11 11  9 11 11 11 11 11 11 11 11 11 11 11 11 11]
