p,k,db,cp,sp,gyh_db,gyh_cp,gyh_sp,zb,exemplars,labels
-23.4,4,0.6871031217605416,4.598051657470838,21.417600481698614,0.9422717939067865,0.3682161666694943,1.0,0.8131899386207668,[ 2  9 18 19],[ 2  2  2  2  2  2 19 19 19  9  9  9 19 19  9  9  9  2 18 19  9 19 19  9]
-24.4,4,0.6871031217605416,4.598051657470838,21.417600481698614,0.9422717939067865,0.3682161666694943,1.0,0.8131899386207668,[ 2  9 18 19],[ 2  2  2  2  2  2 19 19 19  9  9  9 19 19  9  9  9  2 18 19  9 19 19  9]
-26.4,3,0.6287988189351226,5.993426205414007,22.89109352402514,0.7604918198405118,0.5571689907966495,0.6955066293793295,0.6934148149642506,[ 2  9 18],[ 2  2  2  2  2  2  9  9  9  9  9  9  9  9  9  9  9  2 18  9  9  9  9  9]
-27.4,2,0.7056189281738475,9.263634640438607,26.256763447128705,1.0,1.0,0.0,0.75,[2 9],[2 2 2 2 2 2 9 9 9 9 9 9 9 9 9 9 9 2 9 9 9 9 9 9]
