p,k,db,cp,sp,gyh_db,gyh_cp,gyh_sp,zb,exemplars,labels
-12.4,4,1.0627710640719876,4.114692121117069,14.456819261594008,0.5697898222752318,0.48086306588392336,0.0,0.40511067760859676,[ 0  2 13 17],[13 17  2 13 13 13 17 13 13 13 13  0  0 13 17 17 17 17]
-13.4,4,0.931883440230644,3.6097649206916254,14.456819261594008,0.3727149020558834,0.38479933776638675,0.0,0.2825572854695384,[ 0  2 13 17],[ 0 17  2 13 13 13 17 13 13 13 13  0  0 13 17 17 17 17]
-14.4,3,1.1655412425009128,5.180963300731118,10.143598694248404,0.7245288581015599,0.6837239626858844,1.0,0.783195419722251,[ 0 13 17],[ 0 17 17 13 13 13 17 13 13 13 13  0  0 13 17 17 17 17]
-15.4,3,1.1655412425009128,5.180963300731118,10.143598694248404,0.7245288581015599,0.6837239626858844,1.0,0.783195419722251,[ 0 13 17],[ 0 17 17 13 13 13 17 13 13 13 13  0  0 13 17 17 17 17]
-16.4,2,1.348495842506929,6.843363638632606,10.149625119956486,1.0,1.0,0.9986028014069794,0.9996507003517449,[13 17],[13 17 17 13 13 13 17 13 13 13 13 13 13 13 17 17 17 17]
