p,k,db,cp,sp,gyh_db,gyh_cp,gyh_sp,zb,exemplars,labels
-34.8,2,0.22899946951005,7.140461705975658,62.36225543450254,0.24907689663451826,1.0,0.0,0.37453844831725913,[0 6],[0 6 6 6 6 6 6 6]
