p,k,db,cp,sp,gyh_db,gyh_cp,gyh_sp,zb,exemplars,labels
-39.4,2,0.7582385089067354,14.435887647802819,38.077432043427,0.48841905559698845,1.0,0.0,0.49420952779849425,[1 7],[1 7 7 7 7 7 7 7]
