p,k,db,cp,sp,gyh_db,gyh_cp,gyh_sp,zb,exemplars,labels
-15.7,5,0.7039502821266885,2.5057142408966775,16.61981216619922,0.5532942748324923,0.35855411424668576,0.1109632327661526,0.3940264741694557,[ 2 12 13 16 29],"[29 29  2 29 12 29 29 12 12 12 12 12 12 13 12 12 16 12 12 12 12 29 29 29
 29 29 29 29 29 29 29 12 12 12 12 12 12 12 12 12 12 12 12 12]"
-16.7,3,0.8619032453150778,4.494998445345569,17.323043104056257,0.6774429149338042,0.6432098919365834,0.0,0.4995239304510479,[ 2 12 24],"[24 24  2 24 12 24 24 12 12 12 12 12 12 12 12 12 12 12 12 12 12 24 24 24
 24 24 24 24 24 24 24 12 12 12 12 12 12 12 12 12 12 12 12 12]"
-17.7,3,0.8619032453150778,4.494998445345569,17.323043104056257,0.6774429149338042,0.6432098919365834,0.0,0.4995239304510479,[ 2 12 24],"[24 24  2 24 12 24 24 12 12 12 12 12 12 12 12 12 12 12 12 12 12 24 24 24
 24 24 24 24 24 24 24 12 12 12 12 12 12 12 12 12 12 12 12 12]"
-18.7,2,1.2722891129495362,6.988385131658934,10.985530034848486,1.0,1.0,1.0,1.0,[12 29],"[29 29 29 29 12 29 29 12 12 12 12 12 12 12 12 12 12 12 12 12 12 29 29 29
 29 29 29 29 29 29 29 12 12 12 12 12 12 12 12 12 12 12 12 12]"
