p,k,db,cp,sp,gyh_db,gyh_cp,gyh_sp,zb,exemplars,labels
-9.4,2,0.31023406524588654,2.183394274460503,14.075786762681782,0.0,1.0,0.0,0.25,[0 2],[0 0 2 0 0 0 0 0]
