p,k,db,cp,sp,gyh_db,gyh_cp,gyh_sp,zb,exemplars,labels
-13.8,2,0.16786255379912868,2.597729281388273,30.95067032635312,0.5423171105300809,1.0,0.0,0.5211585552650404,[0 6],[0 6 6 6 6 6 6 6]
