p,k,db,cp,sp,gyh_db,gyh_cp,gyh_sp,zb,exemplars,labels
-21.0,2,0.5435153793229537,4.536563204107213,16.693412465193973,1.0,1.0,0.9820029080047745,0.9955007270011936,[0 5],[0 5 5 5 5 5 5 5]
