p,k,db,cp,sp,gyh_db,gyh_cp,gyh_sp,zb,exemplars,labels
-15.8,4,0.5898188315317167,1.8516134179572983,18.660639345168015,0.6652427913821489,0.4676559686083782,0.04906131838704147,0.4618007174399294,[ 1  5 10 11],[11  1 11 11 11  5 11 11 11 11 10 11 11 11 11 11 11 11 11 11]
-16.8,3,0.5612871698988774,2.5440458698791235,19.02061563798581,0.6330626011055686,0.6425413771169287,0.0,0.47716664483201643,[ 1 10 11],[11  1 11 11 11 11 11 11 11 11 10 11 11 11 11 11 11 11 11 11]
-17.8,2,0.5359786848290379,3.959349483910609,14.77427963454752,0.6045177558862478,1.0,0.5787348967130227,0.6969426021213796,[10 11],[11 11 11 11 11 11 11 11 11 11 10 11 11 11 11 11 11 11 11 11]
