p,k,db,cp,sp,gyh_db,gyh_cp,gyh_sp,zb,exemplars,labels
-7.9,4,0.5844199322766553,1.599270962487699,17.974330966926583,0.47481841309848144,0.18858758177280507,0.5949471381634762,0.433292886533311,[ 0  3  7 13],[ 0 13 13  3  0  0  0  7 13  0  0 13 13 13 13 13  0  0 13]
-8.9,4,0.5844199322766553,1.599270962487699,17.974330966926583,0.47481841309848144,0.18858758177280507,0.5949471381634762,0.433292886533311,[ 0  3  7 13],[ 0 13 13  3  0  0  0  7 13  0  0 13 13 13 13 13  0  0 13]
-9.9,3,0.2552442100162136,1.4138323610256769,23.591710444012957,0.07867611495245304,0.0,0.13563560704204253,0.07324695923673716,[1 3 7],[1 1 1 3 1 1 1 7 1 1 1 1 1 1 1 1 1 1 1]
-10.9,3,0.2552442100162136,1.4138323610256769,23.591710444012957,0.07867611495245304,0.0,0.13563560704204253,0.07324695923673716,[1 3 7],[1 1 1 3 1 1 1 7 1 1 1 1 1 1 1 1 1 1 1]
-11.9,3,0.2552442100162136,1.4138323610256769,23.591710444012957,0.07867611495245304,0.0,0.13563560704204253,0.07324695923673716,[1 3 7],[1 1 1 3 1 1 1 7 1 1 1 1 1 1 1 1 1 1 1]
-12.9,3,0.2552442100162136,1.4138323610256769,23.591710444012957,0.07867611495245304,0.0,0.13563560704204253,0.07324695923673716,[1 3 7],[1 1 1 3 1 1 1 7 1 1 1 1 1 1 1 1 1 1 1]
-13.9,3,0.2552442100162136,1.4138323610256769,23.591710444012957,0.07867611495245304,0.0,0.13563560704204253,0.07324695923673716,[1 3 7],[1 1 1 3 1 1 1 7 1 1 1 1 1 1 1 1 1 1 1]
-14.9,2,0.18986803815745268,2.39713465335489,25.250533756155505,0.0,1.0,0.0,0.25,[1 3],[1 1 1 3 1 1 1 1 1 1 1 1 1 1 1 1 1 1 1]
