p,k,db,cp,sp,gyh_db,gyh_cp,gyh_sp,zb,exemplars,labels
-18.7,4,0.5883116014300126,3.0895705217459186,21.7883033088592,1.0,0.3780271214218406,0.9330819159460674,0.827777259341977,[ 2  9 11 17],[ 9  9  2  9 11 11 11  9  9  9  9 11 11  9 11 11  9 17  9 11 11 11]
-19.7,4,0.5883116014300126,3.0895705217459186,21.7883033088592,1.0,0.3780271214218406,0.9330819159460674,0.827777259341977,[ 2  9 11 17],[ 9  9  2  9 11 11 11  9  9  9  9 11 11  9 11 11  9 17  9 11 11 11]
-20.7,4,0.5883116014300126,3.0895705217459186,21.7883033088592,1.0,0.3780271214218406,0.9330819159460674,0.827777259341977,[ 2  9 11 17],[ 9  9  2  9 11 11 11  9  9  9  9 11 11  9 11 11  9 17  9 11 11 11]
-21.7,4,0.4758933829084531,2.360660420289653,26.615207468535477,0.3816879349079288,0.16378987548297716,0.0,0.2317914363247087,[ 2  9 17 21],[ 9  9  2  9  9  9  9  9  9  9  9  9  9  9  9  9  9 17  9  9  9 21]
-22.7,2,0.4064969080602179,5.205739967635954,25.61269158221879,0.0,1.0,0.1937949072586267,0.2984487268146567,[2 9],[9 9 2 9 9 9 9 9 9 9 9 9 9 9 9 9 9 9 9 9 9 9]
