p,k,db,cp,sp,gyh_db,gyh_cp,gyh_sp,zb,exemplars,labels
-9.9,2,0.5937241718774404,2.704572225103319,9.110534329606544,0.4458461429725326,1.0,0.0,0.47292307148626633,[0 3],[0 3 0 3 3 3]
