p,k,db,cp,sp,gyh_db,gyh_cp,gyh_sp,zb,exemplars,labels
-27.9,3,0.5298032610958032,5.607463284221819,27.944511505959994,0.4442195005031021,0.6021258527317912,0.5539730469098476,0.5111344751619608,[1 2 4],[1 4 2 4 4 4 4 4 4]
-28.9,3,0.5298032610958032,5.607463284221819,27.944511505959994,0.4442195005031021,0.6021258527317912,0.5539730469098476,0.5111344751619608,[1 2 4],[1 4 2 4 4 4 4 4 4]
-29.9,3,0.5298032610958032,5.607463284221819,27.944511505959994,0.4442195005031021,0.6021258527317912,0.5539730469098476,0.5111344751619608,[1 2 4],[1 4 2 4 4 4 4 4 4]
-30.9,3,0.5298032610958032,5.607463284221819,27.944511505959994,0.4442195005031021,0.6021258527317912,0.5539730469098476,0.5111344751619608,[1 2 4],[1 4 2 4 4 4 4 4 4]
-31.9,2,0.6908072212235089,9.312776155983435,26.962011599963606,0.5792150809361523,1.0,0.6648662426885215,0.7058241011402064,[1 4],[1 4 4 4 4 4 4 4 4]
