p,k,db,cp,sp,gyh_db,gyh_cp,gyh_sp,zb,exemplars,labels
-22.8,4,1.2580723126883004,5.466088528818382,26.806009514587018,0.8287178673009868,0.621868444694944,0.2656294274394801,0.6362334016840994,[ 2  7 10 11],[11 11 10 11 11 11 11  7 11 11  2 11 11 11 11 11]
-23.8,4,1.2580723126883004,5.466088528818382,26.806009514587018,0.8287178673009868,0.621868444694944,0.2656294274394801,0.6362334016840994,[ 2  7 10 11],[11 11 10 11 11 11 11  7 11 11  2 11 11 11 11 11]
-24.8,4,1.2580723126883004,5.466088528818382,26.806009514587018,0.8287178673009868,0.621868444694944,0.2656294274394801,0.6362334016840994,[ 2  7 10 11],[11 11 10 11 11 11 11  7 11 11  2 11 11 11 11 11]
-25.8,3,1.518094833390836,7.510792418965285,22.939935580138524,1.0,0.8544912464156889,0.6631366495561861,0.8794069739929689,[ 2 10 11],[11 11 10 11 11 11 11 11 11 11  2 11 11 11 11 11]
-26.8,3,1.518094833390836,7.510792418965285,22.939935580138524,1.0,0.8544912464156889,0.6631366495561861,0.8794069739929689,[ 2 10 11],[11 11 10 11 11 11 11 11 11 11  2 11 11 11 11 11]
-27.8,3,1.518094833390836,7.510792418965285,22.939935580138524,1.0,0.8544912464156889,0.6631366495561861,0.8794069739929689,[ 2 10 11],[11 11 10 11 11 11 11 11 11 11  2 11 11 11 11 11]
-28.8,3,1.518094833390836,7.510792418965285,22.939935580138524,1.0,0.8544912464156889,0.6631366495561861,0.8794069739929689,[ 2 10 11],[11 11 10 11 11 11 11 11 11 11  2 11 11 11 11 11]
-29.8,3,1.518094833390836,7.510792418965285,22.939935580138524,1.0,0.8544912464156889,0.6631366495561861,0.8794069739929689,[ 2 10 11],[11 11 10 11 11 11 11 11 11 11  2 11 11 11 11 11]
-30.8,2,0.5981587045135951,8.7897827513981,29.38946699286334,0.39401932695966047,1.0,0.0,0.44700966347983023,[ 2 11],[11 11 11 11 11 11 11 11 11 11  2 11 11 11 11 11]
