p,k,db,cp,sp,gyh_db,gyh_cp,gyh_sp,zb,exemplars,labels
-25.0,4,0.8033245856624369,6.304110136757713,24.871869422901398,0.33511597129333337,0.25756832195420787,0.7476055170655774,0.418851445401613,[ 2  6 13 14],[14  2  2  2 14 14  6 14 14  2  2  2  2 13 14 14 14 14]
-26.0,3,0.8694158706992995,8.628010920763659,23.93003340184839,0.5786936413263595,0.4938609626189181,1.0,0.6628120613179093,[ 2  6 14],[14  2  2  2 14 14  6 14 14  2  2  2  2 14 14 14 14 14]
-27.0,3,0.8770986968156783,8.869059273715967,23.93003340184839,0.6070084922730868,0.5183705941139408,1.0,0.6830968946650287,[ 2  6 14],[14  2  2  2 14 14  6  2 14  2  2  2  2 14 14 14 14 14]
-28.0,3,0.8770986968156783,8.869059273715967,23.93003340184839,0.6070084922730868,0.5183705941139408,1.0,0.6830968946650287,[ 2  6 14],[14  2  2  2 14 14  6  2 14  2  2  2  2 14 14 14 14 14]
-29.0,2,0.9837312701165237,13.605808377667598,27.66163644682349,1.0,1.0,0.0,0.75,[ 2 14],[14  2  2  2 14 14 14  2 14  2  2  2  2 14 14 14 14 14]
