p,k,db,cp,sp,gyh_db,gyh_cp,gyh_sp,zb,exemplars,labels
-15.0,5,1.1101614509301052,3.419693858863858,24.72959089534876,0.8942637271642774,0.7917193928980146,0.3905546354922801,0.7427003706797124,[ 4  9 12 23 24],"[12 12 12 12  9 12 12 12 12  4 12 12 12 12 12 12 12 12 12 12 12 12 12 23
 24 12 12 12]"
-16.0,4,1.2414251156651992,4.319325621602357,27.87966050351024,1.0,1.0,0.2026624628708927,0.8006656157177232,[ 4  9 12 23],"[12 12 12 12  9 12 12 12 12  4 12 12 12 12 12 12 12 12 12 12 12 12 12 23
 12 12 12 12]"
-17.0,4,1.2414251156651992,4.319325621602357,27.87966050351024,1.0,1.0,0.2026624628708927,0.8006656157177232,[ 4  9 12 23],"[12 12 12 12  9 12 12 12 12  4 12 12 12 12 12 12 12 12 12 12 12 12 12 23
 12 12 12 12]"
-18.0,3,0.5789696724671506,4.166360079898067,31.277358534769718,0.4663750275077352,0.9645857814147515,0.0,0.4743339591075555,[ 4 12 23],"[12 12 12 12 12 12 12 12 12  4 12 12 12 12 12 12 12 12 12 12 12 12 12 23
 12 12 12 12]"
-19.0,3,0.5789696724671506,4.166360079898067,31.277358534769718,0.4663750275077352,0.9645857814147515,0.0,0.4743339591075555,[ 4 12 23],"[12 12 12 12 12 12 12 12 12  4 12 12 12 12 12 12 12 12 12 12 12 12 12 23
 12 12 12 12]"
-20.0,3,0.5789696724671506,4.166360079898067,31.277358534769718,0.4663750275077352,0.9645857814147515,0.0,0.4743339591075555,[ 4 12 23],"[12 12 12 12 12 12 12 12 12  4 12 12 12 12 12 12 12 12 12 12 12 12 12 23
 12 12 12 12]"
-21.0,3,0.5789696724671506,4.166360079898067,31.277358534769718,0.4663750275077352,0.9645857814147515,0.0,0.4743339591075555,[ 4 12 23],"[12 12 12 12 12 12 12 12 12  4 12 12 12 12 12 12 12 12 12 12 12 12 12 23
 12 12 12 12]"
-22.0,2,0.28686465940078476,3.9188888118271046,27.32221403649406,0.23107689362887796,0.9072918217203775,0.2359124671045825,0.401339519020679,[12 23],"[12 12 12 12 12 12 12 12 12 12 12 12 12 12 12 12 12 12 12 12 12 12 12 23
 12 12 12 12]"
