p,k,db,cp,sp,gyh_db,gyh_cp,gyh_sp,zb,exemplars,labels
-24.7,4,0.37158885011882337,2.0113115831360577,26.281110689262686,0.8566270007512659,0.44520825687067683,0.1416038692384162,0.5750165319029062,[ 4  5 13 23],"[13 13 13 13  4  5 13 13 13 13 13 13 13 13 13 13 13 13 13 13 13 13 13 23
 13 13 13 13]"
-25.7,4,0.37158885011882337,2.0113115831360577,26.281110689262686,0.8566270007512659,0.44520825687067683,0.1416038692384162,0.5750165319029062,[ 4  5 13 23],"[13 13 13 13  4  5 13 13 13 13 13 13 13 13 13 13 13 13 13 13 13 13 13 23
 13 13 13 13]"
-26.7,3,0.3991265989511208,2.861744229323412,28.154224403951883,0.9201100121013356,0.6334533995773287,0.0,0.6184183559449999,[ 5 13 23],"[13 13 13 13 13  5 13 13 13 13 13 13 13 13 13 13 13 13 13 13 13 13 13 23
 13 13 13 13]"
-27.7,2,0.3888217050757416,4.517687064641075,23.23783372001334,0.8963540508266541,1.0,0.3716698767799674,0.7910944946083189,[13 23],"[13 13 13 13 13 13 13 13 13 13 13 13 13 13 13 13 13 13 13 13 13 13 13 23
 13 13 13 13]"
