p,k,db,cp,sp,gyh_db,gyh_cp,gyh_sp,zb,exemplars,labels
-13.5,5,0.8013815850428321,2.169502368672827,12.487599861087945,0.7134867062406791,0.026377447092733836,0.14378729962047768,0.3992845397986424,[ 1  5  7 14 31],"[14  1 14 14 14  5 14  7 31 14 31 14 14 31 14 31 31 14 14 14 14 14 14 14
 31 31 14 14 14 14 14 31 14 14 31 14 14 14 14]"
-14.5,3,1.1231906327523131,3.9825772949599387,12.084525414925537,1.0,0.3761713547454022,0.17142411244614336,0.6368988667978864,[ 5 14 31],"[14 31 14 14 14  5 14 31 31 14 31 14 14 31 14 31 31 14 14 14 14 14 14 14
 31 31 14 14 14 14 14 31 14 14 31 14 14 14 14]"
-15.5,3,1.1231906327523131,3.9825772949599387,12.084525414925537,1.0,0.3761713547454022,0.17142411244614336,0.6368988667978864,[ 5 14 31],"[14 31 14 14 14  5 14 31 31 14 31 14 14 31 14 31 31 14 14 14 14 14 14 14
 31 31 14 14 14 14 14 31 14 14 31 14 14 14 14]"
-16.5,3,1.1200844301516903,3.9837963201737296,12.084525414925537,0.9972344831678206,0.3764065395063168,0.17142411244614336,0.6355749045720254,[ 5 14 31],"[14 31 14 14 14  5 14 31 14 14 14 14 14 31 14 31 31 14 14 14 14 14 14 14
 31 31 14 14 14 14 14 31 14 14 31 14 14 14 14]"
-17.5,1,0.0,7.216047204715642,0.0,0.0,1.0,1.0,0.5,[14],"[14 14 14 14 14 14 14 14 14 14 14 14 14 14 14 14 14 14 14 14 14 14 14 14
 14 14 14 14 14 14 14 14 14 14 14 14 14 14 14]"
