p,k,db,cp,sp,gyh_db,gyh_cp,gyh_sp,zb,exemplars,labels
-31.2,2,0.7277650684743666,9.85020057434945,27.069726209856952,0.5397913921826267,1.0,0.0,0.5198956960913134,[1 7],[7 1 1 1 1 7 1 7]
