p,k,db,cp,sp,gyh_db,gyh_cp,gyh_sp,zb,exemplars,labels
-16.7,2,0.14622965563969856,3.8138981818176765,52.16312881451218,0.121616751683317,1.0,0.0,0.3108083758416585,[2 6],[2 2 2 2 2 2 6 2]
