p,k,db,cp,sp,gyh_db,gyh_cp,gyh_sp,zb,exemplars,labels
-25.5,2,0.722873167092641,6.694912352030959,18.523062293092313,1.0,1.0,1.0,1.0,[0 4],[0 0 0 0 4 0 0 0]
