p,k,db,cp,sp,gyh_db,gyh_cp,gyh_sp,zb,exemplars,labels
-17.1,4,0.615915282240577,3.6926323361496545,17.972507643917222,0.8000867452140364,0.5000433825809846,1.0,0.7750542182522644,[ 0  4  6 17],"[ 0  0  0 17  4 17  6 17 17 17 17 17 17 17 17  0 17 17 17 17 17 17  0  0
  0  0  0  0]"
-18.1,4,0.615915282240577,3.6926323361496545,17.972507643917222,0.8000867452140364,0.5000433825809846,1.0,0.7750542182522644,[ 0  4  6 17],"[ 0  0  0 17  4 17  6 17 17 17 17 17 17 17 17  0 17 17 17 17 17 17  0  0
  0  0  0  0]"
-19.1,4,0.615915282240577,3.6926323361496545,17.972507643917222,0.8000867452140364,0.5000433825809846,1.0,0.7750542182522644,[ 0  4  6 17],"[ 0  0  0 17  4 17  6 17 17 17 17 17 17 17 17  0 17 17 17 17 17 17  0  0
  0  0  0  0]"
-20.1,4,0.6150475736021151,3.4821852128681767,17.972507643917222,0.7989595736689247,0.4715453676689897,1.0,0.7673661287517097,[ 0  4  6 17],"[ 0  0  0 17  4 17  6 17 17 17 17 17 17 17 17  0 17 17 17 17 17 17 17  0
  0 17  0  0]"
-21.1,3,0.6745954426752409,4.788377839670812,19.186556913927685,0.8763134925030723,0.6484254141915147,0.4010303559109458,0.7005206887771513,[ 0  4 17],"[ 0  0  0 17  4 17 17 17 17 17 17 17 17 17 17  0 17 17 17 17 17 17 17  0
  0 17  0  0]"
-22.1,2,0.7698106310657721,7.384623944206708,19.185559788861298,1.0,1.0,0.40152230270493483,0.8503805756762337,[ 0 17],"[ 0  0  0 17 17 17 17 17 17 17 17 17 17 17 17  0 17 17 17 17 17 17 17  0
  0 17  0  0]"
