p,k,db,cp,sp,gyh_db,gyh_cp,gyh_sp,zb,exemplars,labels
-21.0,4,0.8483981457901932,6.091712131962215,24.42242522775837,0.6438808937983768,0.5852810527716409,0.3162667886638918,0.5473274072580715,[ 2 15 17 26],"[26 26  2 26  2 26 26 26 26 26 17 17 17 17 26 15 26 17 17 26 26 26 26 26
 26 26 26 26]"
-22.0,4,0.8483981457901932,6.091712131962215,24.42242522775837,0.6438808937983768,0.5852810527716409,0.3162667886638918,0.5473274072580715,[ 2 15 17 26],"[26 26  2 26  2 26 26 26 26 26 17 17 17 17 26 15 26 17 17 26 26 26 26 26
 26 26 26 26]"
-23.0,4,0.8483981457901932,6.091712131962215,24.42242522775837,0.6438808937983768,0.5852810527716409,0.3162667886638918,0.5473274072580715,[ 2 15 17 26],"[26 26  2 26  2 26 26 26 26 26 17 17 17 17 26 15 26 17 17 26 26 26 26 26
 26 26 26 26]"
-24.0,5,1.1459271427932174,5.192308551276857,26.815713746547907,0.8696867108806519,0.49886792897871657,0.1019312929297373,0.5850431609174395,[ 2 13 15 23 26],"[26 26  2 26  2 26 26 26 26 26 23 23 26 13 26 15 26 26 26 26 26 26 26 26
 26 26 26 26]"
-25.0,4,1.3176321179299637,6.48878245326897,20.95247303578588,1.0,0.62343087512773,0.6270249431451583,0.8126139545682222,[ 4 15 23 26],"[26 26  4 23  4 26 26 26 23 26 23 23 23 23 23 15 26 23 23 26 26 26 26 23
 23 26 26 26]"
-26.0,4,1.3176321179299637,6.48878245326897,20.95247303578588,1.0,0.62343087512773,0.6270249431451583,0.8126139545682222,[ 4 15 23 26],"[26 26  4 23  4 26 26 26 23 26 23 23 23 23 23 15 26 23 23 26 26 26 26 23
 23 26 26 26]"
-27.0,4,0.9613028531071257,7.28893912245528,23.942290088472856,0.7295684736475299,0.7003085291564608,0.3592662023535532,0.6296779197012685,[ 4 15 17 26],"[26 26  4 26 26 26 26 26 26 26 17 17 17 17 26 15 26 17 26 26 26 26 26 26
 26 26 26 26]"
-28.0,3,1.1077320450474775,9.874542515042092,25.547599207235535,0.8406990312195448,0.9487287832461238,0.21549969736460106,0.7114066357624536,[ 4 17 26],"[26 26  4 26 26 26 26 26 26 26 17 17 17 17 26 26 26 17 26 26 26 26 26 26
 26 26 26 26]"
-29.0,2,1.2399697075204008,10.408182706606459,16.787801578507864,0.941059109479228,1.0,1.0,0.970529554739614,[17 26],"[26 26 26 26 26 26 26 26 26 26 17 17 17 17 26 26 26 17 26 26 26 26 26 26
 26 26 26 26]"
