p,k,db,cp,sp,gyh_db,gyh_cp,gyh_sp,zb,exemplars,labels
-9.9,4,0.6568756926369005,2.0909439727582853,15.980200810148823,0.0,0.0,0.02904634325969533,0.0072615858149238325,[14 15 19 25],"[19 19 19 19 19 19 19 19 19 19 25 19 19 19 14 15 19 19 19 19 19 25 19 19
 19 25 19]"
-10.9,3,0.7292119258266091,2.870631781727168,16.14847136264872,0.3667121962865935,0.33442182614444704,0.0,0.2669615546794085,[15 19 25],"[19 19 19 19 19 19 19 19 19 19 25 19 19 19 19 15 19 19 19 19 19 25 19 19
 19 25 19]"
-11.9,2,0.8541318349801355,4.42239409955746,10.355296263276058,1.0,1.0,1.0,1.0,[19 25],"[19 19 19 19 19 19 19 19 19 19 25 19 19 19 19 19 19 19 19 19 19 25 19 19
 19 25 19]"
