p,k,db,cp,sp,gyh_db,gyh_cp,gyh_sp,zb,exemplars,labels
-20.7,4,0.46594505682710174,3.002824165883424,25.02327355752537,0.7969510635491519,0.596156436254003,0.34818556165926157,0.6345610312528921,[ 2  5 11 14],[11 11  2 11 11  5 11 11 11 11 11 11 11 11 14 14 11 11 11 11 11 11 11 11]
-21.7,4,0.5846595583322973,4.05774819550194,25.02327355752537,1.0,0.8055925255066904,0.34818556165926157,0.788444521791488,[ 2  5 11 14],[11 11  2 11 11  5 11 11 11 11 11 11 11 11 11 14 11 11 11 11 11 11 11 11]
-22.7,4,0.5846595583322973,4.05774819550194,25.02327355752537,1.0,0.8055925255066904,0.34818556165926157,0.788444521791488,[ 2  5 11 14],[11 11  2 11 11  5 11 11 11 11 11 11 11 11 11 14 11 11 11 11 11 11 11 11]
-23.7,3,0.36704802274865433,3.1460557721561315,22.93303907690047,0.6277978654717191,0.6245924815358462,0.5002784230810232,0.5951166588900769,[ 2  5 11],[11 11  2 11 11  5 11 11 11 11 11 11 11 11 11 11 11 11 11 11 11 11 11 11]
-24.7,3,0.36704802274865433,3.1460557721561315,22.93303907690047,0.6277978654717191,0.6245924815358462,0.5002784230810232,0.5951166588900769,[ 2  5 11],[11 11  2 11 11  5 11 11 11 11 11 11 11 11 11 11 11 11 11 11 11 11 11 11]
-25.7,3,0.36704802274865433,3.1460557721561315,22.93303907690047,0.6277978654717191,0.6245924815358462,0.5002784230810232,0.5951166588900769,[ 2  5 11],[11 11  2 11 11  5 11 11 11 11 11 11 11 11 11 11 11 11 11 11 11 11 11 11]
-26.7,3,0.36704802274865433,3.1460557721561315,22.93303907690047,0.6277978654717191,0.6245924815358462,0.5002784230810232,0.5951166588900769,[ 2  5 11],[11 11  2 11 11  5 11 11 11 11 11 11 11 11 11 11 11 11 11 11 11 11 11 11]
-27.7,2,0.33795620985480984,5.036973490971449,29.808438750898496,0.578039313714134,1.0,0.0,0.539019656857067,[ 5 11],[11 11 11 11 11  5 11 11 11 11 11 11 11 11 11 11 11 11 11 11 11 11 11 11]
