p,k,db,cp,sp,gyh_db,gyh_cp,gyh_sp,zb,exemplars,labels
-10.5,4,0.3726457893519647,1.2706178973598528,20.688369046646287,0.48897827157847884,0.4330830751586727,0.1557758377635606,0.39170386401979773,[ 2  4  9 17],[ 2  2  2  2  4  2  2  2  2  9  2  2  2  2  2  2  2 17  2  2  2  2  2  2]
-11.5,4,0.3726457893519647,1.2706178973598528,20.688369046646287,0.48897827157847884,0.4330830751586727,0.1557758377635606,0.39170386401979773,[ 2  4  9 17],[ 2  2  2  2  4  2  2  2  2  9  2  2  2  2  2  2  2 17  2  2  2  2  2  2]
-12.5,4,0.3726457893519647,1.2706178973598528,20.688369046646287,0.48897827157847884,0.4330830751586727,0.1557758377635606,0.39170386401979773,[ 2  4  9 17],[ 2  2  2  2  4  2  2  2  2  9  2  2  2  2  2  2  2 17  2  2  2  2  2  2]
-13.5,4,0.3726457893519647,1.2706178973598528,20.688369046646287,0.48897827157847884,0.4330830751586727,0.1557758377635606,0.39170386401979773,[ 2  4  9 17],[ 2  2  2  2  4  2  2  2  2  9  2  2  2  2  2  2  2 17  2  2  2  2  2  2]
-14.5,4,0.762090691983144,2.101312875934003,17.846678938663633,1.0,0.716220859214199,0.37496210320590767,0.7727957406050268,[ 2  4  9 15],[ 2  2  2  2  4  2  2  2  2  9  2  2  2 15 15 15  2 15 15 15 15 15  2  2]
-15.5,2,0.25840185466659754,2.9338895243004464,22.707960266662106,0.3390696899789886,1.0,0.0,0.41953484498949434,[2 4],[2 2 2 2 4 2 2 2 2 2 2 2 2 2 2 2 2 2 2 2 2 2 2 2]
