p,k,db,cp,sp,gyh_db,gyh_cp,gyh_sp,zb,exemplars,labels
-33.2,5,0.2868961877447028,1.7456375837382132,30.086391989907877,0.5684844302612746,0.32412791335178626,0.47669931180707953,0.48444902142035373,[15 24 27 28 30],"[15 15 15 15 15 15 15 15 15 15 15 15 15 15 15 15 15 15 15 15 15 15 15 15
 24 15 15 27 28 15 30 15]"
-34.2,5,0.2868961877447028,1.7456375837382132,30.086391989907877,0.5684844302612746,0.32412791335178626,0.47669931180707953,0.48444902142035373,[15 24 27 28 30],"[15 15 15 15 15 15 15 15 15 15 15 15 15 15 15 15 15 15 15 15 15 15 15 15
 24 15 15 27 28 15 30 15]"
-35.2,5,0.2868961877447028,1.7456375837382132,30.086391989907877,0.5684844302612746,0.32412791335178626,0.47669931180707953,0.48444902142035373,[15 24 27 28 30],"[15 15 15 15 15 15 15 15 15 15 15 15 15 15 15 15 15 15 15 15 15 15 15 15
 24 15 15 27 28 15 30 15]"
-36.2,5,0.2868961877447028,1.7456375837382132,30.086391989907877,0.5684844302612746,0.32412791335178626,0.47669931180707953,0.48444902142035373,[15 24 27 28 30],"[15 15 15 15 15 15 15 15 15 15 15 15 15 15 15 15 15 15 15 15 15 15 15 15
 24 15 15 27 28 15 30 15]"
-37.2,4,0.2887794684989427,2.336227218824459,29.46041580986341,0.5722161486748659,0.4337878953841193,0.5080214275745362,0.5215604050770968,[15 24 28 30],"[15 15 15 15 15 15 15 15 15 15 15 15 15 15 15 15 15 15 15 15 15 15 15 15
 24 15 15 15 28 15 30 15]"
-38.2,4,0.2887794684989427,2.336227218824459,29.46041580986341,0.5722161486748659,0.4337878953841193,0.5080214275745362,0.5215604050770968,[15 24 28 30],"[15 15 15 15 15 15 15 15 15 15 15 15 15 15 15 15 15 15 15 15 15 15 15 15
 24 15 15 15 28 15 30 15]"
-39.2,2,0.27191101346305274,5.38564409861121,39.61328399331652,0.5387913265263086,1.0,0.0,0.5193956632631542,[15 28],"[15 15 15 15 15 15 15 15 15 15 15 15 15 15 15 15 15 15 15 15 15 15 15 15
 15 15 15 15 28 15 15 15]"
