p,k,db,cp,sp,gyh_db,gyh_cp,gyh_sp,zb,exemplars,labels
-7.9,7,0.7655284400795078,1.7904588587127768,17.80496797657823,0.8468417123894395,0.41169812148958856,0.22550525126748383,0.5827216993839879,[ 0  2 11 34 38 44 62],"[ 0  2  2 34  2  2 34 34 62 34 62 11 11 11 11 11 62 34 34 34 62 62 11 11
 11 11 11 62 34 34 11 34 34 34 34 34 34 34 38 62 34 62 11 62 34 44 34 34
 62 62 62 34 62 11 62 34 34 34 34 62 62 62 62]"
-8.9,5,0.8252928381784226,2.322557702164146,16.647099346227318,0.9129541944035012,0.5340489329755359,0.341729573185244,0.6754217237419456,[ 2 11 34 38 62],"[11  2  2 34  2  2 34 34 62 34 62 11 11 11 11 11 62 34 34 34 62 62 11 11
 11 11 11 62 34 34 11 34 34 34 34 34 34 34 38 62 34 62 11 62 34 34 34 34
 62 62 62 34 62 11 62 34 34 34 34 62 62 62 62]"
-9.9,4,0.8789839036329401,2.510559196291918,20.051532655241417,0.972348243571413,0.5772779977446002,0.0,0.6304936212218566,[11 34 38 62],"[11 11 62 34 62 11 34 34 62 34 11 11 11 11 11 11 62 34 34 34 34 62 11 11
 11 11 11 62 34 34 11 34 34 34 34 34 34 34 38 62 34 62 11 62 34 34 34 34
 62 62 62 34 62 11 62 34 34 34 34 62 62 62 62]"
-10.9,4,0.9039805537206014,2.422292143646821,19.698165538621573,1.0,0.5569818710916066,0.035470218676473195,0.6481130224420198,[11 34 38 39],"[11 11 39 34 39 39 34 34 39 34 39 11 11 11 11 11 39 34 34 34 34 39 39 11
 11 11 11 39 34 34 11 34 34 34 34 34 34 34 38 39 39 39 11 39 34 34 34 34
 39 39 39 34 39 11 39 34 34 34 34 39 39 39 39]"
-11.9,4,0.9039805537206014,2.422292143646821,19.698165538621573,1.0,0.5569818710916066,0.035470218676473195,0.6481130224420198,[11 34 38 39],"[11 11 39 34 39 39 34 34 39 34 39 11 11 11 11 11 39 34 34 34 34 39 39 11
 11 11 11 39 34 34 11 34 34 34 34 34 34 34 38 39 39 39 11 39 34 34 34 34
 39 39 39 34 39 11 39 34 34 34 34 39 39 39 39]"
-12.9,2,0.6340589299888894,4.348960476755675,13.717843156414126,0.7014077099106069,1.0,0.6357619059216967,0.7596443314357276,[11 34],"[11 11 34 34 11 11 34 34 34 34 11 11 11 11 11 11 34 34 34 34 34 34 11 11
 11 11 11 11 34 34 11 34 34 34 34 34 34 34 34 11 34 34 11 34 34 34 34 34
 34 34 11 34 34 11 11 34 34 34 34 11 34 11 11]"
