p,k,db,cp,sp,gyh_db,gyh_cp,gyh_sp,zb,exemplars,labels
-19.4,2,0.8746678695028146,6.480616697470298,14.818462923884605,0.8197837852447875,1.0,0.15424955764584838,0.6984542820338558,[4 5],[4 4 5 4 4 5 5 5]
