p,k,db,cp,sp,gyh_db,gyh_cp,gyh_sp,zb,exemplars,labels
-36.5,2,0.5958557872485547,9.23333830647221,30.991855761302265,0.762101851024605,1.0,0.16303528977576917,0.6718097479562447,[2 3],[3 3 2 3 3 3 3 3]
