p,k,db,cp,sp,gyh_db,gyh_cp,gyh_sp,zb,exemplars,labels
-8.4,2,0.399144549775257,2.240027651407024,11.22414249508504,0.3917363434354472,1.0,0.0,0.44586817171772364,[ 8 10],[10 10 10 10 10 10 10 10  8 10 10 10]
