avg,cen
0.0,0.0
0.0,0.0
0.0,0.0
0.0,0.0
0.0,0.0
0.5700000000000001,0.0
1.7277777777777779,0.0
3.76,0.0
8.31111111111111,0.0
7.639999999999999,0.0
11.533333333333335,0.0
13.057777777777778,0.0
12.156666666666666,0.0
12.54,0.0
13.365555555555554,0.0
10.811111111111112,0.0
7.642222222222222,0.0
4.54,0.0
1.7477777777777779,0.0
1.0211111111111113,0.0
0.03222222222222222,0.0
0.0,0.0
0.0,0.0
0.0,0.0
