p,k,db,cp,sp,gyh_db,gyh_cp,gyh_sp,zb,exemplars,labels
-11.5,3,0.8699791575528266,4.1690413512624644,12.104757473923732,0.6716192681617614,0.6242024109285419,0.5476871523805488,0.6287820249081534,[ 8 13 19],[19 19 13 19 19 19 19  8  8  8  8 19 19 13 19 19 19 19 19 19 19 19  8]
-12.5,3,1.0359135193463427,5.33981684351848,12.104757473923732,1.0,1.0,0.5476871523805488,0.8869217880951372,[ 8 13 19],[19 19 13 19 19 19 19  8  8  8  8 19 19 19 19 19 19 19 19 19 19 19  8]
-13.5,2,0.9922984063136877,5.037546013896984,10.153288530636827,0.9136865771376933,0.9029765742708695,1.0,0.932587432136564,[ 8 19],[19 19 19 19 19 19 19  8  8  8  8 19 19 19 19 19 19 19 19 19 19 19  8]
