p,k,db,cp,sp,gyh_db,gyh_cp,gyh_sp,zb,exemplars,labels
-17.2,4,0.8142269142616494,5.311995060255882,21.734058558658145,0.11815135185173407,0.0,1.0,0.30907567592586704,[ 0  7 11 19],[ 0  0  0  0  0  0  0  7  7  7  7 11 19 19 19  0  0 19 19 19 19  0 19 19]
-18.2,4,0.8142269142616494,5.311995060255882,21.734058558658145,0.11815135185173407,0.0,1.0,0.30907567592586704,[ 0  7 11 19],[ 0  0  0  0  0  0  0  7  7  7  7 11 19 19 19  0  0 19 19 19 19  0 19 19]
-19.2,3,0.9381503485844984,7.3312154779642995,21.91903049187629,0.47559450493907496,0.48327042517678187,0.934216755461638,0.5921690476291425,[ 0  7 19],[ 0  0  0  0  0  0  0  7  7  7  7  0 19 19 19  0  0 19 19 19 19  0 19 19]
-20.2,3,0.9381503485844984,7.3312154779642995,21.91903049187629,0.47559450493907496,0.48327042517678187,0.934216755461638,0.5921690476291425,[ 0  7 19],[ 0  0  0  0  0  0  0  7  7  7  7  0 19 19 19  0  0 19 19 19 19  0 19 19]
-21.2,3,1.1199586427549686,8.415654438706662,21.91903049187629,1.0,0.7428147884568423,0.934216755461638,0.91925788597962,[ 0  7 19],[ 0  0  0  0  0  0  0 19  7  7 19  0 19 19 19  0  0 19 19 19 19  0 19 19]
-22.2,2,0.77326453698602,9.490236294384331,24.545898177032026,0.0,1.0,0.0,0.25,[ 0 19],[ 0  0  0  0  0  0  0 19 19 19 19  0 19 19 19  0  0 19 19 19 19  0 19 19]
