p,k,db,cp,sp,gyh_db,gyh_cp,gyh_sp,zb,exemplars,labels
-8.8,5,0.985934521917598,3.128624239984146,11.402038628959632,0.8560947297004815,0.5630547129755508,0.9482527869297248,0.8058742398265597,[ 7 15 20 22 32],"[22 22 22 22 22  7  7  7  7  7  7  7  7 22 22 15 22 22 22 22  7 22 22 22
 22  7 20  7 32 32 32 32 32 32 32 32]"
-9.8,4,0.9663897307474938,3.0658341843098675,12.831465327072557,0.8391238332140908,0.551754462749407,0.7493540673479111,0.7448390491313749,[ 7 15 22 32],"[22 22 22 22 22  7  7  7  7  7  7  7  7 22 22 15 22 22 22 22  7 22 22 22
 22  7  7  7 32 32 32 32 32 32 32 32]"
-10.8,4,0.9663897307474938,3.0658341843098675,12.831465327072557,0.8391238332140908,0.551754462749407,0.7493540673479111,0.7448390491313749,[ 7 15 22 32],"[22 22 22 22 22  7  7  7  7  7  7  7  7 22 22 15 22 22 22 22  7 22 22 22
 22  7  7  7 32 32 32 32 32 32 32 32]"
-11.8,3,1.1516652161409089,4.212205556559844,12.43604736428694,1.0,0.758065529357032,0.8043748155972175,0.8906100862385624,[ 7 22 32],"[22 22 22 22 22  7  7  7  7  7  7  7  7 22 22 22 22 22 22 22  7 22 22 22
 22  7  7  7 32 32 32 32 32 32 32 32]"
-12.8,3,1.0953031320156292,4.154041334739666,12.43604736428694,0.951060357354421,0.7475977848436886,0.8043748155972175,0.863523328787437,[ 7 22 32],"[22 22 22 22 22  7  7  7  7  7  7  7  7 22 22 22 22 22 22 22  7 22 22 22
 22  7 22  7 32 32 32 32 32 32 32 32]"
-13.8,2,0.6100415978211032,5.5565190520303815,18.21685298798214,0.5297039358931748,1.0,0.0,0.5148519679465874,[22 32],"[22 22 22 22 22 32 32 32 32 32 32 32 22 22 22 22 22 22 22 22 32 22 22 22
 22 22 22 32 32 32 32 32 32 32 32 32]"
