p,k,db,cp,sp,gyh_db,gyh_cp,gyh_sp,zb,exemplars,labels
-7.3,5,0.7939276589533313,1.7455410468779622,10.713579033894232,0.6757030625971441,0.4459071653043365,0.0,0.44932832262465616,[ 5  6 13 29 31],"[13 13 13 13 13  5  6  5  5  6 13 13 13 13  5 13 13 13 13  5 13 13 13 13
  6 13 13 13  5 29 13 31  5  5  5  6]"
-8.3,5,0.7939276589533313,1.7455410468779622,10.713579033894232,0.6757030625971441,0.4459071653043365,0.0,0.44932832262465616,[ 5  6 13 29 31],"[13 13 13 13 13  5  6  5  5  6 13 13 13 13  5 13 13 13 13  5 13 13 13 13
  6 13 13 13  5 29 13 31  5  5  5  6]"
-9.3,2,1.1749653108005418,3.9145839822659307,6.663318391244756,1.0,1.0,1.0,1.0,[ 5 13],"[13 13 13 13 13  5  5  5  5  5 13 13 13 13  5 13 13 13 13  5 13 13 13 13
  5  5 13 13  5  5 13 13  5  5  5  5]"
