p,k,db,cp,sp,gyh_db,gyh_cp,gyh_sp,zb,exemplars,labels
-31.8,2,0.38270953864903345,5.839315483685062,30.515651657378985,0.27354075620346147,1.0,0.0,0.38677037810173076,[0 2],[0 0 0 0 0 2]
