p,k,db,cp,sp,gyh_db,gyh_cp,gyh_sp,zb,exemplars,labels
-8.4,4,0.8263210184055352,2.0159966576352515,14.828461523981494,1.0,0.7959320347285871,0.288690535744681,0.771155642618317,[ 1  3  9 15],[ 9  1 15  3 15 15 15 15 15 15 15 15 15 15 15 15 15 15]
-9.4,2,0.284386450095614,2.3618425474299785,16.61009198318626,0.0,1.0,0.0,0.25,[ 3 17],[17 17 17  3 17 17 17 17 17 17 17 17 17 17 17 17 17 17]
