p,k,db,cp,sp,gyh_db,gyh_cp,gyh_sp,zb,exemplars,labels
-31.8,2,1.0119644607821014,11.201013280460502,22.13716729104053,0.8033187026041133,1.0,1.0,0.9016593513020567,[1 3],[3 1 1 1 1 1]
