p,k,db,cp,sp,gyh_db,gyh_cp,gyh_sp,zb,exemplars,labels
-16.2,2,0.49307834756486824,3.6907342186115586,14.970173550871706,0.41251485477692884,1.0,0.5973029315577494,0.6055831602779018,[2 5],[2 2 2 2 2 5]
