p,k,db,cp,sp,gyh_db,gyh_cp,gyh_sp,zb,exemplars,labels
-36.6,2,1.6202857077525388,14.539983778539545,17.94743199791304,1.0,1.0,1.0,1.0,[0 2],[2 2 2 0 2 2]
