p,k,db,cp,sp,gyh_db,gyh_cp,gyh_sp,zb,exemplars,labels
-26.6,2,0.38423513315676955,8.710826339322427,45.34112363831328,0.37731846682086817,1.0,0.0,0.4386592334104341,[3 5],[3 5 3 3 3 5 3 3 3 3 3 5]
