p,k,db,cp,sp,gyh_db,gyh_cp,gyh_sp,zb,exemplars,labels
-15.6,2,0.40998210766052906,3.8162019624380403,18.616431747299124,0.5533715679184772,1.0,0.0,0.5266857839592386,[0 8],[0 8 8 8 8 8 8 8 8 8 8 8]
