p,k,db,cp,sp,gyh_db,gyh_cp,gyh_sp,zb,exemplars,labels
-29.5,2,0.3040124064830964,4.879959820133253,32.10368863946075,0.36386101172746566,0.7480737614600975,0.0,0.3689489462287572,[0 6],[0 6 6 6 6 6 6 6]
