p,k,db,cp,sp,gyh_db,gyh_cp,gyh_sp,zb,exemplars,labels
-23.7,2,0.5321466022292021,4.729453610832128,17.775002568916506,1.0,1.0,0.7443042293002009,0.9360760573250502,[2 7],[2 2 2 2 2 2 2 7]
