p,k,db,cp,sp,gyh_db,gyh_cp,gyh_sp,zb,exemplars,labels
-11.0,4,0.41094466910083194,1.3675017365337152,14.637490238512042,0.4212916589606218,0.42730235243246095,0.46147669175622513,0.4328405905274824,[ 4  6 15 16],[16 16 16 16  4 16  6 16 16 16 16 16 16 16 16 15 16]
-12.0,4,0.41094466910083194,1.3675017365337152,14.637490238512042,0.4212916589606218,0.42730235243246095,0.46147669175622513,0.4328405905274824,[ 4  6 15 16],[16 16 16 16  4 16  6 16 16 16 16 16 16 16 16 15 16]
-13.0,4,0.41094466910083194,1.3675017365337152,14.637490238512042,0.4212916589606218,0.42730235243246095,0.46147669175622513,0.4328405905274824,[ 4  6 15 16],[16 16 16 16  4 16  6 16 16 16 16 16 16 16 16 15 16]
-14.0,4,0.41094466910083194,1.3675017365337152,14.637490238512042,0.4212916589606218,0.42730235243246095,0.46147669175622513,0.4328405905274824,[ 4  6 15 16],[16 16 16 16  4 16  6 16 16 16 16 16 16 16 16 15 16]
-15.0,3,0.3754784826718584,1.9528204370118465,14.825208767102668,0.38493248547295505,0.6101964950541586,0.4377947726558411,0.45446405966397746,[ 6 15 16],[16 16 16 16 16 16  6 16 16 16 16 16 16 16 16 15 16]
-16.0,3,0.3754784826718584,1.9528204370118465,14.825208767102668,0.38493248547295505,0.6101964950541586,0.4377947726558411,0.45446405966397746,[ 6 15 16],[16 16 16 16 16 16  6 16 16 16 16 16 16 16 16 15 16]
-17.0,3,0.3754784826718584,1.9528204370118465,14.825208767102668,0.38493248547295505,0.6101964950541586,0.4377947726558411,0.45446405966397746,[ 6 15 16],[16 16 16 16 16 16  6 16 16 16 16 16 16 16 16 15 16]
-18.0,2,0.34984790978475194,3.2003140838075805,18.29545922270401,0.3586565719896468,1.0,0.0,0.4293282859948234,[15 16],[16 16 16 16 16 16 16 16 16 16 16 16 16 16 16 15 16]
