p,k,db,cp,sp,gyh_db,gyh_cp,gyh_sp,zb,exemplars,labels
-22.5,2,0.7818978833919289,8.110147432124217,20.744773977240655,0.8765623143851264,1.0,0.7097380362804669,0.8657156662626799,[ 2 10],[10  2  2 10  2  2 10  2 10 10 10 10]
