p,k,db,cp,sp,gyh_db,gyh_cp,gyh_sp,zb,exemplars,labels
-16.2,3,0.3464106440126975,2.7562622038893068,42.82644707052725,0.44447509437610266,0.59652756542384,0.22780114335598375,0.42831972438300725,[3 7 8],[7 7 7 3 7 7 7 7 8 7 7 7]
-17.2,3,0.3464106440126975,2.7562622038893068,42.82644707052725,0.44447509437610266,0.59652756542384,0.22780114335598375,0.42831972438300725,[3 7 8],[7 7 7 3 7 7 7 7 8 7 7 7]
-18.2,3,0.3464106440126975,2.7562622038893068,42.82644707052725,0.44447509437610266,0.59652756542384,0.22780114335598375,0.42831972438300725,[3 7 8],[7 7 7 3 7 7 7 7 8 7 7 7]
-19.2,3,0.3464106440126975,2.7562622038893068,42.82644707052725,0.44447509437610266,0.59652756542384,0.22780114335598375,0.42831972438300725,[3 7 8],[7 7 7 3 7 7 7 7 8 7 7 7]
-20.2,3,0.3464106440126975,2.7562622038893068,42.82644707052725,0.44447509437610266,0.59652756542384,0.22780114335598375,0.42831972438300725,[3 7 8],[7 7 7 3 7 7 7 7 8 7 7 7]
-21.2,2,0.18680598357174366,4.620511043661409,49.46855507855702,0.23968838317516597,1.0,0.0,0.36984419158758297,[7 8],[7 7 7 7 7 7 7 7 8 7 7 7]
