p,k,db,cp,sp,gyh_db,gyh_cp,gyh_sp,zb,exemplars,labels
-21.1,4,0.7604944911838699,4.2854290979651095,21.790082573170185,0.596324536726121,0.5357846378505033,0.5437335076675347,0.5680418047425699,[ 0  9 10 12],[ 0 10 10 10 10 10 10 10 10  9 10  9 12  9 10 10]
-23.1,3,0.6756893346037396,4.268746165579964,23.963578577106404,0.41454792495869924,0.5323276861146081,0.3195373261751628,0.42024021555179236,[ 0 10 12],[ 0 10 10 10 10 10 10 10 10 10 10 10 12 10 10 10]
-24.1,3,0.6756893346037396,4.268746165579964,23.963578577106404,0.41454792495869924,0.5323276861146081,0.3195373261751628,0.42024021555179236,[ 0 10 12],[ 0 10 10 10 10 10 10 10 10 10 10 10 12 10 10 10]
-25.1,2,0.4822882070094399,6.5256899088035,27.061370416945614,0.0,1.0,0.0,0.25,[10 12],[10 10 10 10 10 10 10 10 10 10 10 10 12 10 10 10]
