p,k,db,cp,sp,gyh_db,gyh_cp,gyh_sp,zb,exemplars,labels
-12.9,5,0.7706819510719102,2.587317436117611,14.083881568395219,0.4650754488314816,0.3528781257444658,0.0,0.32075725585185727,[11 15 19 23 30],"[15 15 15 15 15 11 15 15 11 11 11 11 11 11 11 15 15 15 15 19 15 15 15 23
 11 11 11 11 11 11 30 11 11]"
-13.9,4,0.8193081513193103,3.2867274585885986,14.050983567277305,0.5302967189911243,0.45918391910351225,0.009099176001588263,0.38221913327183726,[11 15 19 30],"[15 15 15 15 15 11 15 15 11 11 11 11 11 11 11 15 15 15 15 19 15 15 15 11
 11 11 11 11 11 11 30 11 11]"
-14.9,3,0.9242740263862469,4.443003788030526,13.730057126056403,0.6710851758405777,0.6349304320135544,0.09786341920790953,0.5187410507256548,[11 15 19],"[15 15 15 15 15 11 15 15 11 11 11 11 11 11 11 15 15 15 15 19 11 15 15 11
 11 11 11 11 11 11 11 11 11]"
-15.9,3,0.9242740263862469,4.443003788030526,13.730057126056403,0.6710851758405777,0.6349304320135544,0.09786341920790953,0.5187410507256548,[11 15 19],"[15 15 15 15 15 11 15 15 11 11 11 11 11 11 11 15 15 15 15 19 11 15 15 11
 11 11 11 11 11 11 11 11 11]"
-16.9,3,0.9242740263862469,4.443003788030526,13.730057126056403,0.6710851758405777,0.6349304320135544,0.09786341920790953,0.5187410507256548,[11 15 19],"[15 15 15 15 15 11 15 15 11 11 11 11 11 11 11 15 15 15 15 19 11 15 15 11
 11 11 11 11 11 11 11 11 11]"
-17.9,2,1.1694989057050045,6.844879609477893,11.705662273111098,1.0,1.0,0.6577857378203988,0.9144464344550998,[11 15],"[15 15 15 15 15 11 15 15 11 11 11 11 11 11 11 15 15 15 15 11 11 15 15 11
 11 11 11 11 11 11 11 11 11]"
