p,k,db,cp,sp,gyh_db,gyh_cp,gyh_sp,zb,exemplars,labels
-9.5,3,1.0474528054447791,2.7461160002362273,11.342529909190672,1.0,0.5267877014243293,0.7710797799675021,0.8244668703479578,[ 7 15 16],[ 7  7  7  7  7  7  7  7  7  7  7  7  7  7 16 15  7  7]
-10.5,3,1.0474528054447791,2.7461160002362273,11.342529909190672,1.0,0.5267877014243293,0.7710797799675021,0.8244668703479578,[ 7 15 16],[ 7  7  7  7  7  7  7  7  7  7  7  7  7  7 16 15  7  7]
-11.5,2,0.8307394302940221,4.485699400932345,10.799293346036867,0.48148832323131285,1.0,1.0,0.7407441616156565,[ 7 14],[ 7  7  7  7  7  7  7  7  7  7  7  7  7  7  7 14  7  7]
