p,k,db,cp,sp,gyh_db,gyh_cp,gyh_sp,zb,exemplars,labels
-16.7,4,0.9362959520814123,3.4697904392553482,20.22461182471668,1.0,0.8023543157621519,0.0,0.7005885789405379,[ 6  9 13 15],[15 15 15 15 15 15  6  9 15 15 15 15 15 13 15 15 15 15]
-17.7,3,0.55581581782334,2.781495649270616,16.818482364810013,0.593632618604989,0.6431930335668578,0.5494423601154833,0.5949751577230797,[ 6 13 15],[15 15 15 15 15 15  6 15 15 15 15 15 15 13 15 15 15 15]
-18.7,2,0.4490117462675842,4.324511467180698,19.262353393327697,0.479561772396237,1.0,0.1552217993493038,0.5285863360354445,[ 6 15],[15 15 15 15 15 15  6 15 15 15 15 15 15 15 15 15 15 15]
