p,k,db,cp,sp,gyh_db,gyh_cp,gyh_sp,zb,exemplars,labels
-10.2,8,0.906077836432274,2.3543026929992443,13.890747343867645,0.11001716619203693,0.06371543311258353,0.1136596082889961,0.09935234344641336,[ 0 15 20 40 43 50 55 61],"[ 0 15 61 15 61 15 61 50 20 15 15 15 15 15 15 15 15 20 20 20 20 20 15 20
 20 20 20 15 20 15 20 20 20 20 20 20 20 20 20 20 40 50 20 43 20 61 50 50
 50 61 50 50 61 61 61 55 15 50 50 61 61 61 61 61]"
-11.2,6,0.9369293590187441,2.644737893605203,13.141392860558527,0.15489075393572557,0.14649458555869158,0.216464308698997,0.16818510053228494,[15 20 40 50 55 63],"[63 63 63 63 63 63 63 20 20 15 15 15 15 15 15 15 15 20 20 20 20 20 15 20
 20 20 20 15 20 15 20 20 20 20 20 20 20 20 20 20 40 20 20 20 20 20 63 20
 50 20 50 50 63 63 63 55 63 20 20 63 63 63 63 63]"
-12.2,4,1.0844996160890346,3.5449084854862485,14.23748865390471,0.36953192311764627,0.4030590739449373,0.06608981683233092,0.3020531842531402,[15 20 40 63],"[63 63 63 63 63 63 63 20 20 15 15 15 15 15 15 15 15 20 20 20 20 20 15 20
 20 20 20 15 20 15 20 20 20 20 20 20 20 20 20 20 40 20 20 20 20 20 63 20
 63 20 20 20 63 63 63 63 63 20 20 63 63 63 63 63]"
-13.2,3,1.106084812977324,3.6719927588524697,14.719224414496137,0.4009276256738706,0.4392803323066535,0.0,0.3102838959135987,[20 40 63],"[63 63 63 63 63 63 63 20 20 63 63 63 63 63 63 63 20 20 20 20 20 20 20 20
 20 20 20 63 20 20 20 20 20 20 20 20 20 20 20 20 40 20 20 20 20 20 63 20
 63 20 20 20 63 63 63 63 63 20 20 63 63 63 63 63]"
-14.2,3,1.106084812977324,3.6719927588524697,14.719224414496137,0.4009276256738706,0.4392803323066535,0.0,0.3102838959135987,[20 40 63],"[63 63 63 63 63 63 63 20 20 63 63 63 63 63 63 63 20 20 20 20 20 20 20 20
 20 20 20 63 20 20 20 20 20 20 20 20 20 20 20 20 40 20 20 20 20 20 63 20
 63 20 20 20 63 63 63 63 63 20 20 63 63 63 63 63]"
-15.2,3,1.106084812977324,3.6719927588524697,14.719224414496137,0.4009276256738706,0.4392803323066535,0.0,0.3102838959135987,[20 40 63],"[63 63 63 63 63 63 63 20 20 63 63 63 63 63 63 63 20 20 20 20 20 20 20 20
 20 20 20 63 20 20 20 20 20 20 20 20 20 20 20 20 40 20 20 20 20 20 63 20
 63 20 20 20 63 63 63 63 63 20 20 63 63 63 63 63]"
-16.2,2,1.517959499552888,5.6393084942515,7.430117201298911,1.0,1.0,1.0,1.0,[20 63],"[63 63 63 63 63 63 63 20 20 63 63 63 63 63 63 63 20 20 20 20 20 20 20 20
 20 20 20 63 20 20 20 20 20 20 20 20 20 20 20 20 20 20 20 20 20 20 63 20
 63 20 20 20 63 63 63 63 63 20 20 63 63 63 63 63]"
