p,k,db,cp,sp,gyh_db,gyh_cp,gyh_sp,zb,exemplars,labels
-26.1,2,1.217986385068244,11.696178855683378,19.20576288712462,1.0,1.0,1.0,1.0,[3 9],[3 3 3 3 3 3 3 3 9 3 3]
