p,k,db,cp,sp,gyh_db,gyh_cp,gyh_sp,zb,exemplars,labels
-20.5,4,0.41612057167162725,3.6149729243027013,31.36103749353074,0.0,0.0,0.01078039451380496,0.00269509862845124,[ 0  7 14 20],[ 0  0  0  0  7  7  7  7  7  7  7  7  0  0 14  0  0  0 20  0 20  0]
-21.5,3,0.48184340983308815,5.600699069871152,28.823589036176703,0.4413439068266157,0.3780251494988631,1.0,0.5651782407880236,[ 0  7 14],[ 0  0  0  0  7  7  7  7  7  7  7  7  0  0 14  0  0  0  7  0  7  0]
-22.5,3,0.48184340983308815,5.600699069871152,28.823589036176703,0.4413439068266157,0.3780251494988631,1.0,0.5651782407880236,[ 0  7 14],[ 0  0  0  0  7  7  7  7  7  7  7  7  0  0 14  0  0  0  7  0  7  0]
-23.5,3,0.48184340983308815,5.600699069871152,28.823589036176703,0.4413439068266157,0.3780251494988631,1.0,0.5651782407880236,[ 0  7 14],[ 0  0  0  0  7  7  7  7  7  7  7  7  0  0 14  0  0  0  7  0  7  0]
-24.5,3,0.48184340983308815,5.600699069871152,28.823589036176703,0.4413439068266157,0.3780251494988631,1.0,0.5651782407880236,[ 0  7 14],[ 0  0  0  0  7  7  7  7  7  7  7  7  0  0 14  0  0  0  7  0  7  0]
-25.5,2,0.5650358215365823,8.867867204487155,31.38869029709126,1.0,1.0,0.0,0.75,[0 7],[0 0 0 0 7 7 7 7 7 7 7 7 0 0 0 0 0 0 7 0 7 0]
