p,k,db,cp,sp,gyh_db,gyh_cp,gyh_sp,zb,exemplars,labels
-23.4,4,0.9514777220660644,5.708544069711863,28.77308368137618,0.6199661078428185,0.4613723019101286,0.17338273299458656,0.468671812647588,[ 2 23 26 30],"[23  2  2 23  2 23 23 23  2  2  2 23  2 23 23 23 23 23  2  2 23 23 23 23
 23 23 26 23  2  2 30  2]"
-24.4,4,0.9441660972717255,5.775048352611545,28.77308368137618,0.6152019820407867,0.4667472685765167,0.17338273299458656,0.4676334914131691,[ 2 23 26 30],"[23  2  2 23  2 23 23  2  2  2  2 23  2 23 23 23 23 23  2  2 23 23 23 23
 23 23 26  2  2  2 30  2]"
-25.4,4,0.9441660972717255,5.775048352611545,28.77308368137618,0.6152019820407867,0.4667472685765167,0.17338273299458656,0.4676334914131691,[ 2 23 26 30],"[23  2  2 23  2 23 23  2  2  2  2 23  2 23 23 23 23 23  2  2 23 23 23 23
 23 23 26  2  2  2 30  2]"
-26.4,4,0.9441660972717255,5.775048352611545,28.77308368137618,0.6152019820407867,0.4667472685765167,0.17338273299458656,0.4676334914131691,[ 2 23 26 30],"[23  2  2 23  2 23 23  2  2  2  2 23  2 23 23 23 23 23  2  2 23 23 23 23
 23 23 26  2  2  2 30  2]"
-27.4,4,0.9441660972717255,5.775048352611545,28.77308368137618,0.6152019820407867,0.4667472685765167,0.17338273299458656,0.4676334914131691,[ 2 23 26 30],"[23  2  2 23  2 23 23  2  2  2  2 23  2 23 23 23 23 23  2  2 23 23 23 23
 23 23 26  2  2  2 30  2]"
-28.4,3,1.120048751458745,7.919471117956067,25.727471562291964,0.729804018456958,0.6400624353569361,0.3724136164367972,0.6180210221769122,[ 2 23 30],"[23  2  2  2  2 23 23  2  2  2  2 23  2 23 23 23 23 23  2  2 23 23 23 23
 23 23 23  2  2  2 30  2]"
-29.4,2,1.5347253826128426,12.372966574018218,16.124013734565935,1.0,1.0,1.0,1.0,[ 2 23],"[23  2  2  2  2 23 23  2  2  2  2 23  2 23 23 23 23 23  2  2 23 23 23 23
 23 23 23  2  2  2 23  2]"
