p,k,db,cp,sp,gyh_db,gyh_cp,gyh_sp,zb,exemplars,labels
-18.8,3,0.546014010065241,5.03560968132866,21.89173502686045,0.23576124353419486,0.8252037553518039,0.47233700809369966,0.44226581262847336,[0 5 8],[0 8 8 8 8 5 8 8 8 5]
-19.8,3,0.546014010065241,5.03560968132866,21.89173502686045,0.23576124353419486,0.8252037553518039,0.47233700809369966,0.44226581262847336,[0 5 8],[0 8 8 8 8 5 8 8 8 5]
-20.8,3,0.546014010065241,5.03560968132866,21.89173502686045,0.23576124353419486,0.8252037553518039,0.47233700809369966,0.44226581262847336,[0 5 8],[0 8 8 8 8 5 8 8 8 5]
-22.8,3,0.530725676612685,3.5695097339281356,21.89173502686045,0.20429357332595444,0.47063974725977864,0.47233700809369966,0.3378909755013468,[0 5 8],[0 8 8 8 8 5 8 8 8 8]
-23.8,2,0.43147116394769947,5.758381195740288,26.69184722823464,0.0,1.0,0.0,0.25,[5 8],[8 8 8 8 8 5 8 8 8 8]
