p,k,db,cp,sp,gyh_db,gyh_cp,gyh_sp,zb,exemplars,labels
-9.7,4,0.30549176598886346,1.2060090536342336,17.227438364645955,0.2422568050181526,0.3124645641588817,0.26688841062583785,0.2659666462052562,[ 2 10 17 18],[ 2  2  2  2  2  2  2  2  2 10 10 10 10  2 10 10 10 17 18]
-10.7,4,1.2610244982219285,3.859666637337485,17.227438364645955,1.0,1.0,0.26688841062583785,0.8167221026564595,[ 2 10 17 18],[ 2  2  2  2  2  2  2  2  2 10 10 10 10  2 10 10 10 18 17]
-11.7,4,1.2610244982219285,3.859666637337485,17.227438364645955,1.0,1.0,0.26688841062583785,0.8167221026564595,[ 2 10 17 18],[ 2  2  2  2  2  2  2  2  2 10 10 10 10  2 10 10 10 18 17]
-12.7,4,1.2610244982219285,3.859666637337485,17.227438364645955,1.0,1.0,0.26688841062583785,0.8167221026564595,[ 2 10 17 18],[ 2  2  2  2  2  2  2  2  2 10 10 10 10  2 10 10 10 18 17]
-13.7,3,0.652073886886213,3.8299503983708356,16.04545562112095,0.5170985082412365,0.9923008275691011,0.38741539194283925,0.6034783089986033,[ 2 10 17],[ 2  2  2  2  2  2  2  2  2 10 10 10 10  2 10 10 10 10 17]
-14.7,3,0.652073886886213,3.8299503983708356,16.04545562112095,0.5170985082412365,0.9923008275691011,0.38741539194283925,0.6034783089986033,[ 2 10 17],[ 2  2  2  2  2  2  2  2  2 10 10 10 10  2 10 10 10 10 17]
-15.7,3,0.652073886886213,3.8299503983708356,16.04545562112095,0.5170985082412365,0.9923008275691011,0.38741539194283925,0.6034783089986033,[ 2 10 17],[ 2  2  2  2  2  2  2  2  2 10 10 10 10  2 10 10 10 10 17]
-16.7,3,0.652073886886213,3.8299503983708356,16.04545562112095,0.5170985082412365,0.9923008275691011,0.38741539194283925,0.6034783089986033,[ 2 10 17],[ 2  2  2  2  2  2  2  2  2 10 10 10 10  2 10 10 10 10 17]
-17.7,2,0.7620923996400907,3.8249292840011817,10.037967274854232,0.6043438495561801,0.9909999083858014,1.0,0.7999219018745405,[ 2 10],[ 2  2  2  2  2  2  2  2  2 10 10 10 10  2 10 10 10 10 10]
