p,k,db,cp,sp,gyh_db,gyh_cp,gyh_sp,zb,exemplars,labels
-14.4,2,0.24749012527528008,2.2284321534624563,18.008251044228935,0.6815041583876208,1.0,0.44627676667423877,0.7023212708623701,[0 1],[0 1 0 0]
