p,k,db,cp,sp,gyh_db,gyh_cp,gyh_sp,zb,exemplars,labels
-14.7,4,1.0839755107902453,4.787861889876491,19.698994012794383,0.0,0.0,0.0,0.0,[ 0  4  9 12],[ 9  9  9  9  9  9  9  9  9  9  4  9 12  0  9  0]
-15.7,3,1.1240060903953293,5.6951403331626045,15.617372920778415,0.21463565615609442,0.5793995991532859,0.4209218608203452,0.35739819307145493,[0 4 9],[0 9 9 9 9 9 0 9 9 9 4 9 9 0 9 0]
-16.7,3,1.1240060903953293,5.6951403331626045,15.617372920778415,0.21463565615609442,0.5793995991532859,0.4209218608203452,0.35739819307145493,[0 4 9],[0 9 9 9 9 9 0 9 9 9 4 9 9 0 9 0]
-17.7,3,1.1240060903953293,5.6951403331626045,15.617372920778415,0.21463565615609442,0.5793995991532859,0.4209218608203452,0.35739819307145493,[0 4 9],[0 9 9 9 9 9 0 9 9 9 4 9 9 0 9 0]
-18.7,3,1.1240060903953293,5.6951403331626045,15.617372920778415,0.21463565615609442,0.5793995991532859,0.4209218608203452,0.35739819307145493,[0 4 9],[0 9 9 9 9 9 0 9 9 9 4 9 9 0 9 0]
-19.7,2,1.2704803083713685,6.353756040669792,10.002132262584512,1.0,1.0,1.0,1.0,[0 9],[0 9 9 9 9 9 0 9 9 9 9 9 9 0 9 0]
