p,k,db,cp,sp,gyh_db,gyh_cp,gyh_sp,zb,exemplars,labels
-6.6,3,0.20592722501020375,0.8432762474608085,35.268865895931924,0.1946585749894025,0.3511529294656445,0.18923078622680853,0.23242521641781452,[11 12 15],[11 11 11 11 11 11 11 11 11 11 11 11 12 11 11 15]
-7.6,3,0.7392654059685398,1.8404520783315956,34.04421695871659,1.0,1.0,0.25900613120230515,0.8147515328005763,[11 14 15],[11 11 11 11 11 11 11 11 11 11 11 11 14 11 11 15]
-8.6,3,0.7392654059685398,1.8404520783315956,34.04421695871659,1.0,1.0,0.25900613120230515,0.8147515328005763,[11 14 15],[11 11 11 11 11 11 11 11 11 11 11 11 14 11 11 15]
-9.6,2,0.07701438497912794,1.4859969750508817,38.590114702691174,0.0,0.7693614824189966,0.0,0.19234037060474915,[11 15],[11 11 11 11 11 11 11 11 11 11 11 11 11 11 11 15]
