p,k,db,cp,sp,gyh_db,gyh_cp,gyh_sp,zb,exemplars,labels
-15.1,3,0.5613191735317518,3.3444450413746645,17.349203136606818,0.6503338615169256,0.536196447818124,0.11869114548567941,0.48888882908441367,[3 5 8],[5 5 5 3 5 5 3 5 8 5]
-16.1,3,0.8447680025262404,4.680866444473492,17.349203136606818,0.9787323559824087,0.7504575285848055,0.11869114548567941,0.7066533465088256,[3 5 8],[5 5 5 5 5 5 3 5 8 5]
-17.1,3,0.8447680025262404,4.680866444473492,17.349203136606818,0.9787323559824087,0.7504575285848055,0.11869114548567941,0.7066533465088256,[3 5 8],[5 5 5 5 5 5 3 5 8 5]
-18.1,3,0.8447680025262404,4.680866444473492,17.349203136606818,0.9787323559824087,0.7504575285848055,0.11869114548567941,0.7066533465088256,[3 5 8],[5 5 5 5 5 5 3 5 8 5]
-19.1,3,0.8447680025262404,4.680866444473492,17.349203136606818,0.9787323559824087,0.7504575285848055,0.11869114548567941,0.7066533465088256,[3 5 8],[5 5 5 5 5 5 3 5 8 5]
-20.1,2,0.8631246298977203,6.237350237928261,14.452953888402844,1.0,1.0,1.0,1.0,[3 5],[5 5 5 3 5 5 3 5 3 5]
