p,k,db,cp,sp,gyh_db,gyh_cp,gyh_sp,zb,exemplars,labels
-25.9,2,0.5175822305234767,8.157281656156307,31.52071757914149,0.6627651685735932,1.0,0.0,0.5813825842867966,[5 6],[6 5 6 6 5 5 6 5 6 6]
