p,k,db,cp,sp,gyh_db,gyh_cp,gyh_sp,zb,exemplars,labels
-14.8,4,0.4392551736210575,1.6972305409753492,17.250016393563154,0.5546932984967982,0.44356153382037294,0.4326128330698664,0.4963902409709589,[ 5  6  8 14],[14 14 14 14 14  5  6 14  8 14 14 14 14 14 14 14 14 14 14 14]
-15.8,3,0.4025246139554221,2.384156248431952,18.588280567756986,0.508309791778807,0.6230856544769555,0.25476075334889203,0.4736164978458654,[ 6  8 14],[14 14 14 14 14 14  6 14  8 14 14 14 14 14 14 14 14 14 14 14]
-16.8,3,0.4025246139554221,2.384156248431952,18.588280567756986,0.508309791778807,0.6230856544769555,0.25476075334889203,0.4736164978458654,[ 6  8 14],[14 14 14 14 14 14  6 14  8 14 14 14 14 14 14 14 14 14 14 14]
-17.8,3,0.4025246139554221,2.384156248431952,18.588280567756986,0.508309791778807,0.6230856544769555,0.25476075334889203,0.4736164978458654,[ 6  8 14],[14 14 14 14 14 14  6 14  8 14 14 14 14 14 14 14 14 14 14 14]
-18.8,3,0.4025246139554221,2.384156248431952,18.588280567756986,0.508309791778807,0.6230856544769555,0.25476075334889203,0.4736164978458654,[ 6  8 14],[14 14 14 14 14 14  6 14  8 14 14 14 14 14 14 14 14 14 14 14]
-19.8,2,0.3732087919038928,3.8263699883017104,20.505251062183238,0.4712896472057655,1.0,0.0,0.48564482360288275,[ 8 14],[14 14 14 14 14 14 14 14  8 14 14 14 14 14 14 14 14 14 14 14]
