p,k,db,cp,sp,gyh_db,gyh_cp,gyh_sp,zb,exemplars,labels
-45.5,4,0.41907692907093097,5.466284771824173,46.34762896870896,0.44281875994464065,0.4447226007615332,0.27519984283201104,0.40138999087070637,[ 1  9 18 19],[ 1  1  9  1  1  1  1  1  1  9  1  1  1  1  1  1  1  1 18 19]
-46.5,3,0.4562355629057239,7.744619561649121,53.298963210509015,0.4820825299461025,0.6300819472703512,0.0,0.398561751790639,[ 1  9 19],[ 1  1  9  1  1  1  1  1  1  9  1  1  1  1  1  1  1  1  1 19]
-47.5,2,0.5083215743468817,12.291448112742252,48.36091455899723,0.537119353490574,1.0,0.19549487415252903,0.5674333952834193,[1 9],[1 1 9 1 1 1 1 1 1 9 1 1 1 1 1 1 1 1 1 1]
