p,k,db,cp,sp,gyh_db,gyh_cp,gyh_sp,zb,exemplars,labels
-34.0,4,0.5705032716530649,4.787522835800841,33.36685534158704,0.8924250951199686,0.4702058141802708,0.8574086399055572,0.7781161610814413,[ 1  4 10 19],[ 1  1  1  1  4  1  1  1  1  1 10  1  1  1  1  1  1  1  1 19]
-35.0,3,0.58874038601625,6.63677750454517,40.230827220441334,0.9209529920295179,0.6518300751950262,0.5694909830051303,0.765806760564798,[ 1 10 19],[ 1  1  1  1  1  1  1  1  1  1 10  1  1  1  1  1  1  1  1 19]
-36.0,3,0.58874038601625,6.63677750454517,40.230827220441334,0.9209529920295179,0.6518300751950262,0.5694909830051303,0.765806760564798,[ 1 10 19],[ 1  1  1  1  1  1  1  1  1  1 10  1  1  1  1  1  1  1  1 19]
-37.0,2,0.37845118452166265,10.181760181224316,53.807521802809994,0.5920024496378279,1.0,0.0,0.5460012248189139,[ 1 19],[ 1  1  1  1  1  1  1  1  1  1  1  1  1  1  1  1  1  1  1 19]
