p,k,db,cp,sp,gyh_db,gyh_cp,gyh_sp,zb,exemplars,labels
-13.1,3,0.8205053285561087,3.5332581690220812,24.370983199160666,1.0,1.0,0.24616687949241042,0.8115417198731026,[2 5 6],[2 2 2 2 2 5 2 2 2 2 2 2 6]
-14.1,2,0.19976924007543675,2.8399821404433516,28.432626958694133,0.2434709844322186,0.8037856291801594,0.0,0.3226818995111491,[ 5 10],[10 10 10 10 10  5 10 10 10 10 10 10 10]
