p,k,db,cp,sp,gyh_db,gyh_cp,gyh_sp,zb,exemplars,labels
-31.0,4,0.33771613624361374,2.9634283072396306,45.221203335410685,0.0,0.0,0.12460040565210202,0.031150101413025506,[ 5 11 12 14],[ 5  5  5  5  5  5  5  5  5  5  5 11 12 14 14  5  5  5  5]
-32.0,4,0.33771613624361374,2.9634283072396306,45.221203335410685,0.0,0.0,0.12460040565210202,0.031150101413025506,[ 5 11 12 14],[ 5  5  5  5  5  5  5  5  5  5  5 11 12 14 14  5  5  5  5]
-33.0,4,0.33771613624361374,2.9634283072396306,45.221203335410685,0.0,0.0,0.12460040565210202,0.031150101413025506,[ 5 11 12 14],[ 5  5  5  5  5  5  5  5  5  5  5 11 12 14 14  5  5  5  5]
-34.0,4,0.43244599710170095,4.0719522446795775,45.221203335410685,0.14028455696715947,0.34934955551596036,0.12460040565210202,0.18862976877559534,[ 5 11 12 14],[ 5  5  5  5  5  5  5  5  5  5  5 11 12 14  5  5  5  5  5]
-35.0,3,0.3822093839120142,3.861269116551672,27.848276326492538,0.0658896305837738,0.2829531028275553,0.969435881687146,0.34604206142056226,[ 5 11 12],[ 5  5  5  5  5  5  5  5  5  5  5 11 12  5  5  5  5  5  5]
-36.0,3,0.3928086047834776,3.781810095486348,27.21976555533841,0.0815859167461468,0.2579117187370939,1.0,0.35527088805734686,[ 2 11 12],[ 2  2  2  2  2  2  2  2  2  2  2 11 12  2  2  2  2  2  2]
-37.0,2,0.399474218689857,6.136536501989582,30.723066545397533,0.09145696147586932,1.0,0.8296364822052545,0.5031376012892483,[ 2 11],[ 2  2  2  2  2  2  2  2  2  2  2 11  2  2  2  2  2  2  2]
