p,k,db,cp,sp,gyh_db,gyh_cp,gyh_sp,zb,exemplars,labels
-19.8,2,0.8951782151290544,8.486113099255576,18.959605932841352,0.676146252214838,1.0,0.0,0.588073126107419,[2 7],[7 2 2 2 2 2 2 7 7 7 7 7]
