p,k,db,cp,sp,gyh_db,gyh_cp,gyh_sp,zb,exemplars,labels
-13.1,4,0.6088875022066352,3.1881817078188766,13.5844458070257,0.0,0.09635141574693544,0.8589327150446832,0.23882103269790464,[11 24 25 26],"[24 24 24 24 11 24 11 11 24 24 24 11 11 24 24 24 24 24 11 24 24 24 24 24
 24 25 26 24]"
-14.1,2,0.7185903878662171,6.9650857168343645,19.385412981981283,0.2319092791950082,1.0,0.0,0.36595463959750407,[11 24],"[24 24 24 24 11 24 11 11 24 24 24 11 11 24 24 24 24 24 11 24 24 24 24 24
 24 11 11 24]"
