p,k,db,cp,sp,gyh_db,gyh_cp,gyh_sp,zb,exemplars,labels
-23.7,2,0.713301371296481,6.430592181967197,18.03050559198868,0.7389735715506891,1.0,1.0,0.8694867857753446,[4 7],[7 7 7 7 4 7 7 7 7 7 7]
