p,k,db,cp,sp,gyh_db,gyh_cp,gyh_sp,zb,exemplars,labels
-21.9,5,0.8334063272906505,4.000458415353745,23.33107402280877,0.7381145479678397,0.5618761481731066,0.4204547719946406,0.6146400040258566,[ 8 17 19 22 27],"[17 19 17 17 19 17 19 17  8 19 19 19 17 17 17 19 17 17 17 19 19 17 22 19
 17 19 19 27]"
-22.9,4,0.97045368513951,5.213213277857525,23.506823656618014,0.8594918944989747,0.7322111348352724,0.4006134210191192,0.7129520862130851,[17 19 22 27],"[17 19 17 17 19 17 19 17 19 19 19 19 17 17 17 19 17 17 17 19 19 17 22 19
 17 19 19 27]"
-23.9,4,0.97045368513951,5.213213277857525,23.506823656618014,0.8594918944989747,0.7322111348352724,0.4006134210191192,0.7129520862130851,[17 19 22 27],"[17 19 17 17 19 17 19 17 19 19 19 19 17 17 17 19 17 17 17 19 19 17 22 19
 17 19 19 27]"
-24.9,4,0.9657999701666653,5.190710673057281,23.506823656618014,0.8553702858537424,0.7290505778199824,0.4006134210191192,0.7101011426366466,[17 19 22 27],"[17 19 17 17 19 17 19 17 19 19 19 19 17 17 17 17 17 17 17 19 19 17 22 19
 17 19 19 27]"
-25.9,4,0.9393827711921285,4.938885071414686,23.506823656618014,0.8319736325753153,0.6936809315516297,0.4006134210191192,0.6895604044303448,[17 19 22 27],"[17 19 17 17 19 17 19 17 19 19 19 17 17 17 17 17 17 17 17 19 19 17 22 19
 17 17 17 27]"
-26.9,3,1.1291016138147743,7.119822452618609,22.923898978892584,1.0,1.0,0.4664230211437862,0.8666057552859465,[17 19 27],"[17 19 17 17 19 17 19 17 19 19 19 19 17 17 17 17 17 17 17 19 19 17 19 19
 17 19 19 27]"
-27.9,3,1.1291016138147743,7.119822452618609,22.923898978892584,1.0,1.0,0.4664230211437862,0.8666057552859465,[17 19 27],"[17 19 17 17 19 17 19 17 19 19 19 19 17 17 17 17 17 17 17 19 19 17 19 19
 17 19 19 27]"
-28.9,3,1.111094904518139,6.90952752881924,22.923898978892584,0.9840521800019417,0.9704634595597219,0.4664230211437862,0.8512477101768479,[17 19 27],"[17 19 17 17 19 17 19 17 19 19 19 17 17 17 17 17 17 17 17 19 19 17 19 19
 17 17 17 27]"
-29.9,2,0.5230423737072604,6.9801839498960465,26.690701559880726,0.46323764602559847,0.9803873616720309,0.041167784788609066,0.48700760962795925,[19 27],"[19 19 19 19 19 19 19 19 19 19 19 19 19 19 19 19 19 19 19 19 19 19 19 19
 19 19 19 27]"
