p,k,db,cp,sp,gyh_db,gyh_cp,gyh_sp,zb,exemplars,labels
-10.7,3,0.4726477542672353,2.378785300560803,21.85738894093535,0.44387870563143045,0.8174432970182021,0.0,0.42630017707026574,[ 1 18 22],"[18  1 18 18 18 18 18 18 18 18 18 18 18 18 18 18 18 18 18 18 18 18 22 18
 18 22 18 18]"
-11.7,3,0.4726477542672353,2.378785300560803,21.85738894093535,0.44387870563143045,0.8174432970182021,0.0,0.42630017707026574,[ 1 18 22],"[18  1 18 18 18 18 18 18 18 18 18 18 18 18 18 18 18 18 18 18 18 18 22 18
 18 22 18 18]"
-12.7,3,0.4726477542672353,2.378785300560803,21.85738894093535,0.44387870563143045,0.8174432970182021,0.0,0.42630017707026574,[ 1 18 22],"[18  1 18 18 18 18 18 18 18 18 18 18 18 18 18 18 18 18 18 18 18 18 22 18
 18 22 18 18]"
-13.7,3,0.4726477542672353,2.378785300560803,21.85738894093535,0.44387870563143045,0.8174432970182021,0.0,0.42630017707026574,[ 1 18 22],"[18  1 18 18 18 18 18 18 18 18 18 18 18 18 18 18 18 18 18 18 18 18 22 18
 18 22 18 18]"
-14.7,3,0.4726477542672353,2.378785300560803,21.85738894093535,0.44387870563143045,0.8174432970182021,0.0,0.42630017707026574,[ 1 18 22],"[18  1 18 18 18 18 18 18 18 18 18 18 18 18 18 18 18 18 18 18 18 18 22 18
 18 22 18 18]"
-15.7,2,0.2926955758828991,2.9100309577898886,19.88435219092021,0.27487982793522336,1.0,0.15667174830702485,0.4266078510443679,[ 1 18],"[18  1 18 18 18 18 18 18 18 18 18 18 18 18 18 18 18 18 18 18 18 18 18 18
 18 18 18 18]"
