p,k,db,cp,sp,gyh_db,gyh_cp,gyh_sp,zb,exemplars,labels
-12.0,3,0.30258262358337856,1.7642267698914733,32.07946723511084,0.31211495537564976,0.5804227379717596,0.15530121681581172,0.3399884663847177,[0 8 9],[0 8 8 8 8 8 8 8 8 9 8 8]
-13.0,3,0.30258262358337856,1.7642267698914733,32.07946723511084,0.31211495537564976,0.5804227379717596,0.15530121681581172,0.3399884663847177,[0 8 9],[0 8 8 8 8 8 8 8 8 9 8 8]
-14.0,3,0.30258262358337856,1.7642267698914733,32.07946723511084,0.31211495537564976,0.5804227379717596,0.15530121681581172,0.3399884663847177,[0 8 9],[0 8 8 8 8 8 8 8 8 9 8 8]
-15.0,2,0.17065920350597882,3.039554887281676,35.62134153726071,0.17603552066510167,1.0,0.0,0.3380177603325508,[8 9],[8 8 8 8 8 8 8 8 8 9 8 8]
