p,k,db,cp,sp,gyh_db,gyh_cp,gyh_sp,zb,exemplars,labels
-7.6,4,0.7848636905536716,1.6276022504566143,14.314952468932768,1.0,0.5616929227586136,0.6795591352426202,0.8103130145003083,[ 3  4  6 19],[ 3 19  3  3  4  3  6  3  3  3  3  3  3  3  3  3  3  3  3  3]
-8.6,3,0.4137110686674559,1.5665124726043718,17.674525348514265,0.37096209317427514,0.5295459788256772,0.4709315401527393,0.4356004263317417,[3 4 6],[3 3 3 3 4 3 6 3 3 3 3 3 3 3 3 3 3 3 3 3]
-9.6,3,0.4137110686674559,1.5665124726043718,17.674525348514265,0.37096209317427514,0.5295459788256772,0.4709315401527393,0.4356004263317417,[3 4 6],[3 3 3 3 4 3 6 3 3 3 3 3 3 3 3 3 3 3 3 3]
-10.6,2,0.19483148763105246,2.460530009798253,25.258032361357294,0.0,1.0,0.0,0.25,[3 6],[3 3 3 3 3 3 6 3 3 3 3 3 3 3 3 3 3 3 3 3]
