p,k,db,cp,sp,gyh_db,gyh_cp,gyh_sp,zb,exemplars,labels
-21.1,3,1.4075373780613043,8.480402106733097,20.682363964625804,1.0,1.0,0.0,0.75,[ 1  5 13],[ 1  1  1  1  1  1  1  1  1  1  1 13  5 13  1  1  5  1  5]
-22.1,2,1.305601532908615,8.084078004128331,12.383683383273375,0.9275785874382303,0.9532658831955504,1.0,0.9521057645180028,[1 5],[5 1 1 5 1 5 1 1 5 5 1 5 5 5 1 1 5 1 5]
