p,k,db,cp,sp,gyh_db,gyh_cp,gyh_sp,zb,exemplars,labels
-9.1,4,0.4913071755494953,2.240669019376627,14.80376077501304,0.7173941072343529,0.6427271827829998,0.059537828088738885,0.5342633063351112,[ 0  8  9 11],[ 0 11  0  0 11 11 11 11  8  9 11 11 11 11 11 11  9 11 11]
-10.1,4,0.4913071755494953,2.240669019376627,14.80376077501304,0.7173941072343529,0.6427271827829998,0.059537828088738885,0.5342633063351112,[ 0  8  9 11],[ 0 11  0  0 11 11 11 11  8  9 11 11 11 11 11 11  9 11 11]
-11.1,4,0.41525268979220564,1.5475923067295736,14.80376077501304,0.6063413023368961,0.4439208266813414,0.059537828088738885,0.42903531486096813,[ 0  8  9 11],[ 0 11  0  0 11 11 11 11  8  9 11 11 11 11 11 11 11 11 11]
-12.1,3,0.5238908067780333,2.2946613908849485,15.194244484645969,0.7649718878957215,0.6582146842976014,0.0,0.5470396150222611,[0 5 9],[0 0 0 0 5 5 5 5 5 9 5 5 5 5 5 5 5 5 5]
-13.1,3,0.48228082128835875,2.0454265157143516,15.194244484645969,0.7042140567913552,0.5867226309044428,0.0,0.49878768612178825,[0 5 9],[0 5 0 0 5 5 5 5 5 9 5 5 5 5 5 5 5 5 5]
-14.1,2,0.6474670867712579,3.4861899098067726,10.768701548032203,0.9454147950483174,1.0,0.6747713363180571,0.891400231603673,[0 5],[0 5 0 5 5 5 5 5 5 5 5 5 5 5 5 5 5 5 5]
