p,k,db,cp,sp,gyh_db,gyh_cp,gyh_sp,zb,exemplars,labels
-18.7,3,0.8128735615242394,5.283158965715916,21.792026372091573,0.6681566016891054,0.5939514685951333,0.603820627404468,0.633521324844453,[1 3 9],[9 1 9 3 3 3 9 3 9 9 3 3 3 9]
-19.7,3,0.583821506964973,5.368190129725885,32.71884168809489,0.4798829886351233,0.603510973631384,0.0,0.3908192377254076,[ 1  9 10],[ 9  1  9  9  9  9  9  9  9  9 10 10  9  9]
-21.7,3,0.8305139899721302,5.1865511608027814,19.742662532225605,0.6826564812300038,0.5830904765299185,0.7170693758989669,0.6663682037222233,[1 4 9],[9 1 4 4 4 4 9 4 9 9 4 4 4 9]
-22.7,3,0.8305139899721302,5.1865511608027814,19.742662532225605,0.6826564812300038,0.5830904765299185,0.7170693758989669,0.6663682037222233,[1 4 9],[9 1 4 4 4 4 9 4 9 9 4 4 4 9]
-23.7,2,1.2165913791307132,8.894933753109683,14.622713765184411,1.0,1.0,1.0,1.0,[4 9],[9 9 4 4 4 4 9 4 9 9 4 4 4 9]
