p,k,db,cp,sp,gyh_db,gyh_cp,gyh_sp,zb,exemplars,labels
-24.5,3,0.3658317361254062,3.7986737149683143,36.56987501309627,0.5353802721496081,0.5992777902304385,0.1648210083567159,0.45871483572159266,[ 1  8 12],[12  1 12 12 12 12 12 12  8 12 12 12 12 12]
-25.5,3,0.3658317361254062,3.7986737149683143,36.56987501309627,0.5353802721496081,0.5992777902304385,0.1648210083567159,0.45871483572159266,[ 1  8 12],[12  1 12 12 12 12 12 12  8 12 12 12 12 12]
-26.5,3,0.3658317361254062,3.7986737149683143,36.56987501309627,0.5353802721496081,0.5992777902304385,0.1648210083567159,0.45871483572159266,[ 1  8 12],[12  1 12 12 12 12 12 12  8 12 12 12 12 12]
-27.5,2,0.31715805102954675,6.3387527068333736,39.9722011549557,0.4641482597246046,1.0,0.0,0.4820741298623023,[ 8 12],[12 12 12 12 12 12 12 12  8 12 12 12 12 12]
