p,k,db,cp,sp,gyh_db,gyh_cp,gyh_sp,zb,exemplars,labels
-21.4,4,0.6817006738779052,3.46898406036193,23.70386705161087,0.5614121905364059,0.41134681274752943,0.20875879832996785,0.4357324980375773,[ 2  6 14 22],[ 2  2  2  2  2 22  6  2 22 22 22  2  2 22 14 22 22 22 22 22 22 22 22]
-22.4,4,0.6817006738779052,3.46898406036193,23.70386705161087,0.5614121905364059,0.41134681274752943,0.20875879832996785,0.4357324980375773,[ 2  6 14 22],[ 2  2  2  2  2 22  6  2 22 22 22  2  2 22 14 22 22 22 22 22 22 22 22]
-23.4,4,0.6817006738779052,3.46898406036193,23.70386705161087,0.5614121905364059,0.41134681274752943,0.20875879832996785,0.4357324980375773,[ 2  6 14 22],[ 2  2  2  2  2 22  6  2 22 22 22  2  2 22 14 22 22 22 22 22 22 22 22]
-24.4,3,0.8628877676758758,5.098797553794846,23.160288969113665,0.7106281838951897,0.6046075986810916,0.25258611294869077,0.5696125198550405,[ 2 14 22],[ 2  2  2  2  2 22  2  2 22 22 22  2  2 22 14 22 22 22 22 22 22 22 22]
-25.4,2,1.21426054754274,8.43323432407649,13.890320888943572,1.0,1.0,1.0,1.0,[ 2 22],[ 2  2  2  2  2 22  2  2 22 22 22  2  2 22  2 22 22 22 22 22 22 22 22]
