p,k,db,cp,sp,gyh_db,gyh_cp,gyh_sp,zb,exemplars,labels
-8.8,3,0.4309926408329237,1.810477663648257,14.767839064430682,0.9667270445795256,0.6193779817903812,0.525897091830013,0.7696822906948614,[2 7 9],[2 2 2 2 2 2 9 7 9 9 9 9 2 2 9 9 9 9 9 9 9 9 9]
-9.8,3,0.29809674205124986,1.7735858728947924,16.477612206036504,0.6686382901690973,0.606757023597796,0.3463019467945408,0.5725838876826329,[ 2  7 21],[ 2  2  2  2  2  2 21  7 21 21 21 21  2  2 21 21 21 21 21 21 21 21 21]
-10.8,3,0.29809674205124986,1.7735858728947924,16.477612206036504,0.6686382901690973,0.606757023597796,0.3463019467945408,0.5725838876826329,[ 2  7 21],[ 2  2  2  2  2  2 21  7 21 21 21 21  2  2 21 21 21 21 21 21 21 21 21]
-11.8,2,0.3944486321432271,2.923057836855726,14.820980977793544,0.8847579384495349,1.0,0.5203150474022347,0.8224577310753262,[ 2 21],[ 2  2  2  2  2  2 21 21 21 21 21 21  2  2 21 21 21 21 21 21 21 21 21]
