p,k,db,cp,sp,gyh_db,gyh_cp,gyh_sp,zb,exemplars,labels
-15.3,4,0.9378742526920818,5.461745337007779,18.632663812843493,0.8807954199376804,0.6200583380044651,0.5022027947603623,0.7209629931600471,[ 2 10 12 17],[ 2  2  2  2  2  2  2  2  2  2 10 17 17 12 17 17 17 17]
-16.3,4,0.9378742526920818,5.461745337007779,18.632663812843493,0.8807954199376804,0.6200583380044651,0.5022027947603623,0.7209629931600471,[ 2 10 12 17],[ 2  2  2  2  2  2  2  2  2  2 10 17 17 12 17 17 17 17]
-17.3,4,0.9080875728650044,5.344773156661587,18.632663812843493,0.8528215512750832,0.6067787778523702,0.5022027947603623,0.7036561687907248,[ 2 10 12 17],[ 2  2  2  2  2  2  2  2  2  2 10  2 17 12 17 17 17 17]
-18.3,4,0.5812549857112522,3.897545443311628,18.632663812843493,0.5458799276777878,0.44247862189793674,0.5022027947603623,0.5091103180034687,[ 2 10 12 17],[ 2  2  2  2  2  2  2  2  2  2 10  2 12 12 17 12 17 17]
-19.3,4,0.5812549857112522,3.897545443311628,18.632663812843493,0.5458799276777878,0.44247862189793674,0.5022027947603623,0.5091103180034687,[ 2 10 12 17],[ 2  2  2  2  2  2  2  2  2  2 10  2 12 12 17 12 17 17]
-20.3,3,1.0648037347406278,7.268713107314842,17.126028989393898,1.0,0.825198886190122,1.0,0.9562997215475305,[ 2 12 17],[ 2  2  2  2  2  2  2  2  2  2 12  2 12 12 17 12 12 12]
-21.3,2,0.8741724246201332,8.808437855356198,20.15263260948515,0.8209704719274582,1.0,0.0,0.6604852359637291,[ 2 12],[ 2  2  2  2  2  2  2  2  2  2 12  2 12 12 12 12 12 12]
