p,k,db,cp,sp,gyh_db,gyh_cp,gyh_sp,zb,exemplars,labels
-7.3,3,0.5483292186994526,1.2258657599891831,7.3706023688390365,0.5292891800473447,0.6396184686972677,0.5940517521544275,0.5730621452365962,[10 13 17],[17 17 17 17 17 17 17 17 17 17 10 17 17 13 17 17 17 17]
-8.3,3,0.5483292186994526,1.2258657599891831,7.3706023688390365,0.5292891800473447,0.6396184686972677,0.5940517521544275,0.5730621452365962,[10 13 17],[17 17 17 17 17 17 17 17 17 17 10 17 17 13 17 17 17 17]
-9.3,2,0.501809930046951,1.9165577918441674,7.638580574381412,0.4843852148607583,1.0,0.5235789700181074,0.623087349934906,[13 17],[17 17 17 17 17 17 17 17 17 17 17 17 17 13 17 17 17 17]
