avg,cen
30.227999999999998,29.33
29.619999999999997,29.75
28.404000000000003,26.8
30.006,27.82
30.344,30.09
29.314,28.03
29.524,26.19
29.736,28.5
28.684000000000005,29.15
28.006,26.02
29.016000000000002,27.6
28.421999999999997,28.79
27.744,27.34
29.091999999999995,27.48
29.252,28.94
27.154000000000003,26.18
29.240000000000002,29.74
29.262,28.11
27.547999999999995,26.31
30.894,30.19
34.321999999999996,33.72
29.508,28.9
29.862000000000002,29.86
31.462,29.97
