p,k,db,cp,sp,gyh_db,gyh_cp,gyh_sp,zb,exemplars,labels
-36.8,2,0.861083474554572,13.887202307220697,32.25518249413479,0.7873423482104892,1.0,0.0,0.6436711741052445,[3 5],[5 3 5 5 5 5]
