p,k,db,cp,sp,gyh_db,gyh_cp,gyh_sp,zb,exemplars,labels
-12.3,4,0.7813418035250682,2.65460928723137,16.793601779528636,0.7460019277704226,0.20887896708331416,0.0002913088485895412,0.4252935328681873,[ 0  7 11 14],[ 0 14 11 11 11 14 11  7 14 14 14 11 11 11 14 11 11 11]
-13.3,3,1.047372365189814,3.75101489146112,16.798495329861215,1.0,0.352947730546587,0.0,0.5882369326366468,[ 2  7 11],[11  2  2 11 11  2  2  7  2  2 11 11 11 11 11 11 11 11]
-14.3,3,0.9636569766355495,3.5516455318588704,16.798495329861215,0.9200710355394065,0.32675040266030797,0.0,0.5417231184347803,[ 2  7 11],[ 2  2  2 11 11  2  2  7  2  2  2 11 11 11  2 11 11 11]
-15.3,3,0.9636569766355495,3.5516455318588704,16.798495329861215,0.9200710355394065,0.32675040266030797,0.0,0.5417231184347803,[ 2  7 11],[ 2  2  2 11 11  2  2  7  2  2  2 11 11 11  2 11 11 11]
-16.3,3,0.9636569766355495,3.5516455318588704,16.798495329861215,0.9200710355394065,0.32675040266030797,0.0,0.5417231184347803,[ 2  7 11],[ 2  2  2 11 11  2  2  7  2  2  2 11 11 11  2 11 11 11]
-17.3,1,0.0,8.67527270699484,0.0,0.0,1.0,1.0,0.5,[11],[11 11 11 11 11 11 11 11 11 11 11 11 11 11 11 11 11 11]
