p,k,db,cp,sp,gyh_db,gyh_cp,gyh_sp,zb,exemplars,labels
-29.4,6,0.46362908828815924,3.105843900694579,44.49945400772756,0.09523535133537282,0.11004228361007862,0.12358945376055044,0.10602561001034366,[ 2 20 23 24 28 31],"[20 20  2 20 20 20 20 20 20 20 20 20 20 20 20 20 20 20 20 20 20 20 20 23
 24 20 20 28 28 28 31 31 31 31 20 20 20 20 20]"
-30.4,6,0.46362908828815924,3.105843900694579,44.49945400772756,0.09523535133537282,0.11004228361007862,0.12358945376055044,0.10602561001034366,[ 2 20 23 24 28 31],"[20 20  2 20 20 20 20 20 20 20 20 20 20 20 20 20 20 20 20 20 20 20 20 23
 24 20 20 28 28 28 31 31 31 31 20 20 20 20 20]"
-31.4,5,0.4567944565764959,3.79370832931001,43.722539027923894,0.07141513782789649,0.19591498151841757,0.16562840787335786,0.1260934162618921,[20 23 24 28 31],"[20 20 20 20 20 20 20 20 20 20 20 20 20 20 20 20 20 20 20 20 20 20 20 23
 24 20 20 28 28 28 31 31 31 31 20 20 20 20 20]"
-32.4,5,0.4567944565764959,3.79370832931001,43.722539027923894,0.07141513782789649,0.19591498151841757,0.16562840787335786,0.1260934162618921,[20 23 24 28 31],"[20 20 20 20 20 20 20 20 20 20 20 20 20 20 20 20 20 20 20 20 20 20 20 23
 24 20 20 28 28 28 31 31 31 31 20 20 20 20 20]"
-33.4,5,0.5088575354398375,3.8307437937617324,42.82249119719402,0.2528665615037396,0.20053847289034288,0.2143300939509606,0.23015042246219566,[ 2 21 24 28 31],"[21 21  2 21 21 21 21 21 21 21 21 21 21 21 21 21 21 21 21 21 21 21 21 21
 24 21 21 28 28 28 31 31 31 31 21 21 21 21 21]"
-34.4,4,0.5471193924634812,4.909889516013765,39.77144753429983,0.38621765369798466,0.3352585583475227,0.3794223986108531,0.3717790660885863,[21 24 28 31],"[21 21 21 21 21 21 21 21 21 21 21 21 21 21 21 21 21 21 21 21 21 21 21 21
 24 21 21 28 28 28 31 31 31 31 21 21 21 21 21]"
-35.4,3,0.6038475756006126,6.708050097586096,28.340892509996298,0.5839280046319978,0.5597401480160772,0.9979309750216883,0.6813817830754403,[21 28 31],"[21 21 21 21 21 21 21 21 21 21 21 21 21 21 21 21 21 21 21 21 21 21 21 21
 21 21 21 28 28 28 31 31 31 31 21 21 21 21 21]"
-36.4,2,0.7232293289583079,10.234655164198625,28.302655200501754,1.0,1.0,1.0,1.0,[21 31],"[21 21 21 21 21 21 21 21 21 21 21 21 21 21 21 21 21 21 21 21 21 21 21 21
 21 21 21 21 21 31 31 31 31 31 21 21 21 21 21]"
