p,k,db,cp,sp,gyh_db,gyh_cp,gyh_sp,zb,exemplars,labels
-14.9,3,0.7561169715397034,4.554132059959481,21.674417691281075,0.0,0.0,0.0,0.0,[ 5 12 13],[ 5  5  5  5 12  5  5  5  5 12 12 12 12 13 12 12 12  5 12  5 12]
-15.9,3,0.7561169715397034,4.554132059959481,21.674417691281075,0.0,0.0,0.0,0.0,[ 5 12 13],[ 5  5  5  5 12  5  5  5  5 12 12 12 12 13 12 12 12  5 12  5 12]
-16.9,3,0.7561169715397034,4.554132059959481,21.674417691281075,0.0,0.0,0.0,0.0,[ 5 12 13],[ 5  5  5  5 12  5  5  5  5 12 12 12 12 13 12 12 12  5 12  5 12]
-17.9,2,0.9949495543033621,7.261812526005943,14.5973481662404,1.0,1.0,1.0,1.0,[ 5 12],[ 5  5  5  5 12  5  5  5  5 12 12 12 12 12 12 12 12  5 12  5 12]
