p,k,db,cp,sp,gyh_db,gyh_cp,gyh_sp,zb,exemplars,labels
-14.0,3,0.2877584008758885,1.8122209478663363,32.62582923632525,0.5088079882031843,0.6221576090885778,0.17544903479115134,0.45380565507152437,[ 0  8 16],"[ 0  0  0  0  0  0  0  0  8  0  0  0  0  0  0  0 16  0  0  0  0  0  0  0
  0  0]"
-15.0,3,0.2877584008758885,1.8122209478663363,32.62582923632525,0.5088079882031843,0.6221576090885778,0.17544903479115134,0.45380565507152437,[ 0  8 16],"[ 0  0  0  0  0  0  0  0  8  0  0  0  0  0  0  0 16  0  0  0  0  0  0  0
  0  0]"
-16.0,2,0.1564905778140016,2.912800424511608,37.22652782295488,0.27670315037870286,1.0,0.0,0.38835157518935143,[ 0 16],"[ 0  0  0  0  0  0  0  0  0  0  0  0  0  0  0  0 16  0  0  0  0  0  0  0
  0  0]"
