p,k,db,cp,sp,gyh_db,gyh_cp,gyh_sp,zb,exemplars,labels
-13.3,5,0.7694424070875361,2.8246756236458843,19.181094711705786,0.8371511236811483,0.3847507302335148,0.7873401083865917,0.7115982714956007,[ 0  2  9 18 24],"[ 0  0  2 18 18  9  9  9  9  9  9  9  0  0  9 18 18 18 18 18 18 18 18 18
 24 18]"
-14.3,5,0.44865799185268485,2.5123414849596033,19.739222569489655,0.48813860344621335,0.34220751326005755,0.7352203709404221,0.5134262727732266,[ 0  2  8 18 24],"[ 0  0  2 18 18  8  8  0  8  0  0  0  0  0  0 18 18 18 18 18 18 18 18 18
 24 18]"
-15.3,5,0.4598967382478186,2.504911414749958,19.739222569489655,0.5003663271676891,0.3411954590210092,0.7352203709404221,0.5192871210742024,[ 0  2  8 18 24],"[ 0  0  2 18 18  0  8  0  8  0  0  0  0  0  0 18 18 18 18 18 18 18 18 18
 24 18]"
-16.3,4,0.4293589278841941,3.1940955231112893,20.302927618004773,0.46714127741063605,0.43506963230222356,0.6825798178557821,0.5129830012448194,[ 0  2 18 24],"[ 0  0  2 18 18  0  0  0  0  0  0  0  0  0  0 18 18 18 18 18 18 18 18 18
 24 18]"
-17.3,4,0.4293589278841941,3.1940955231112893,20.302927618004773,0.46714127741063605,0.43506963230222356,0.6825798178557821,0.5129830012448194,[ 0  2 18 24],"[ 0  0  2 18 18  0  0  0  0  0  0  0  0  0  0 18 18 18 18 18 18 18 18 18
 24 18]"
-18.3,4,0.4293589278841941,3.1940955231112893,20.302927618004773,0.46714127741063605,0.43506963230222356,0.6825798178557821,0.5129830012448194,[ 0  2 18 24],"[ 0  0  2 18 18  0  0  0  0  0  0  0  0  0  0 18 18 18 18 18 18 18 18 18
 24 18]"
-19.3,3,0.48961978048718685,4.66245449639863,20.612725832954553,0.5327049115512745,0.6350756728145991,0.6536498846885201,0.588533845151417,[ 0 18 24],"[ 0  0 18 18 18  0  0  0  0  0  0  0  0  0  0 18 18 18 18 18 18 18 18 18
 24 18]"
-20.3,3,0.48961978048718685,4.66245449639863,20.612725832954553,0.5327049115512745,0.6350756728145991,0.6536498846885201,0.588533845151417,[ 0 18 24],"[ 0  0 18 18 18  0  0  0  0  0  0  0  0  0  0 18 18 18 18 18 18 18 18 18
 24 18]"
-21.3,2,0.5317595051472027,7.341573132119901,27.612381390672432,0.5785528106608087,1.0,0.0,0.5392764053304043,[ 0 18],"[ 0  0 18 18 18  0  0  0  0  0  0  0  0  0  0 18 18 18 18 18 18 18 18 18
  0 18]"
