p,k,db,cp,sp,gyh_db,gyh_cp,gyh_sp,zb,exemplars,labels
-29.5,3,0.2625086005121636,2.7879634182688373,37.96308635035808,0.21202537793848475,0.5563264719691032,0.0,0.24509430696151818,[ 4 12 13],[ 4  4  4  4  4  4  4  4  4  4  4  4 12 13]
-30.5,3,0.2625086005121636,2.7879634182688373,37.96308635035808,0.21202537793848475,0.5563264719691032,0.0,0.24509430696151818,[ 4 12 13],[ 4  4  4  4  4  4  4  4  4  4  4  4 12 13]
-31.5,3,0.2625086005121636,2.7879634182688373,37.96308635035808,0.21202537793848475,0.5563264719691032,0.0,0.24509430696151818,[ 4 12 13],[ 4  4  4  4  4  4  4  4  4  4  4  4 12 13]
-32.5,3,0.2625086005121636,2.7879634182688373,37.96308635035808,0.21202537793848475,0.5563264719691032,0.0,0.24509430696151818,[ 4 12 13],[ 4  4  4  4  4  4  4  4  4  4  4  4 12 13]
-33.5,3,0.2625086005121636,2.7879634182688373,37.96308635035808,0.21202537793848475,0.5563264719691032,0.0,0.24509430696151818,[ 4 12 13],[ 4  4  4  4  4  4  4  4  4  4  4  4 12 13]
-34.5,2,0.27395674516897167,5.011380113552591,36.585192384744246,0.22127192145293886,1.0,0.06793972007248138,0.37762089074458977,[ 4 13],[ 4  4  4  4  4  4  4  4  4  4  4  4  4 13]
