p,k,db,cp,sp,gyh_db,gyh_cp,gyh_sp,zb,exemplars,labels
-9.1,2,0.12935126977739567,1.783596110623467,27.577558592086636,0.0985944327896476,1.0,0.0,0.2992972163948238,[ 4 13],[ 4  4  4  4  4  4  4  4  4  4  4  4  4 13]
