p,k,db,cp,sp,gyh_db,gyh_cp,gyh_sp,zb,exemplars,labels
-15.1,5,1.6193822959268125,4.114929401990542,15.885013464245025,1.0,0.4918381470251148,0.9754464580079282,0.8668211512582608,[ 3 13 20 21 38],"[13 38 38  3 20 20 20 20 20 38 38 38 13 13 38 38 20 20 20 20 20 21 38 38
 38 38 13 13 13 13 13 13 38 13 13 13 38 38 38]"
-16.1,5,1.5965554330599367,4.094746692271627,15.885013464245025,0.9859039691095232,0.4894258027099742,0.9754464580079282,0.8591700497342372,[ 3 13 20 21 38],"[13 38 38  3 20 20 20 20 20 38 38 38 13 13 38 38 20 20 20 20 20 21 38 38
 38 38 13 13 13 13 13 13 38 38 13 13 38 38 38]"
-17.1,3,0.7241277179979733,5.1625698962455955,19.314612870182618,0.44716292120727247,0.6170576852251204,0.6439715467492371,0.5388387685972256,[ 2 13 20],"[13 13  2 20 20 20 20 20 20 13 13 13 13 13 13 13 20 20 20 20 20 13 13 13
 13 13 13 13 13 13 13 13 13 13 13 13 13 13 13]"
-18.1,3,1.2057905952154424,8.366429946273405,15.63097066893991,0.7445990969818147,1.0,1.0,0.8722995484909073,[ 3 13 20],"[13 13  3 13 20 20 20 20 20 13 13 13 13 13 13 13 20 20 20 20 20 13 13 13
 13 13 13 13 13 13 13 13 13 13 13 13 13 13 13]"
-19.1,2,0.8795358314883003,7.71638127037507,17.546485303089586,0.5431304477642941,0.922302740825807,0.8148632046441863,0.7058567102496454,[13 20],"[13 13 13 13 20 20 20 20 20 13 13 13 13 13 13 13 20 20 20 20 20 13 13 13
 13 13 13 13 13 13 13 13 13 13 13 13 13 13 13]"
