p,k,db,cp,sp,gyh_db,gyh_cp,gyh_sp,zb,exemplars,labels
-11.3,3,0.5715401228693012,3.5231746686072305,14.3122214240037,0.0,0.0,1.0,0.25,[ 9 18 25],"[18 18 18 18 18 25 18 25 25  9 25 18 25 25 18 18 18 18 18 25 25 25 25 25
 25 25 25 25 25 25 18 18]"
-12.3,3,0.5715401228693012,3.5231746686072305,14.3122214240037,0.0,0.0,1.0,0.25,[ 9 18 25],"[18 18 18 18 18 25 18 25 25  9 25 18 25 25 18 18 18 18 18 25 25 25 25 25
 25 25 25 25 25 25 18 18]"
-13.3,3,0.5715401228693012,3.5231746686072305,14.3122214240037,0.0,0.0,1.0,0.25,[ 9 18 25],"[18 18 18 18 18 25 18 25 25  9 25 18 25 25 18 18 18 18 18 25 25 25 25 25
 25 25 25 25 25 25 18 18]"
-14.3,2,0.6650979219800923,5.50829215647186,16.563853154353215,1.0,1.0,0.0,0.75,[18 25],"[18 18 18 18 18 25 18 25 25 25 25 18 25 25 18 18 18 18 18 25 25 25 25 25
 25 25 25 25 25 25 18 18]"
