p,k,db,cp,sp,gyh_db,gyh_cp,gyh_sp,zb,exemplars,labels
-10.6,4,0.5302002128404053,1.276900673991249,28.978501788563477,0.681887726623656,0.0,0.6135443366175389,0.4943299474662127,[ 2  3  9 15],[15  2  2  3 15 15 15 15 15  9 15 15 15 15 15 15 15 15 15]
-11.6,4,0.653105666026371,1.6392137045589321,28.978501788563477,0.8989334740633873,0.32715581321521797,0.6135443366175389,0.6846417744898828,[ 2  3  9 15],[15  2 15  3 15 15 15 15 15  9 15 15 15 15 15 15 15 15 15]
-12.6,3,0.2997552447803569,1.4592532959169162,36.12496237004223,0.2749318183236527,0.1646579484721963,0.0,0.17863039627987543,[ 3  9 15],[15 15 15  3 15 15 15 15 15  9 15 15 15 15 15 15 15 15 15]
-13.6,2,0.1440709241940113,2.384363894671779,33.09986255742908,0.0,1.0,0.25971357941045653,0.31492839485261415,[ 3 15],[15 15 15  3 15 15 15 15 15 15 15 15 15 15 15 15 15 15 15]
