p,k,db,cp,sp,gyh_db,gyh_cp,gyh_sp,zb,exemplars,labels
-1.0,6,1.4031263729926788,0.3399763402614367,12.410453770547443,1.0,0.3124369201290637,0.7475467982280081,0.7649959295892679,[ 7 20 30 31 36 37],"[20 20 20 20 20 20 20  7 20 20 20 20 20 20 20 20 20 20 20 20 20 20 20 20
 20 20 20 20 20 20 36 37 20 20 20 20 30 31 20 20 20 20]"
-2.0,3,0.11842840166721354,0.13563400395947148,24.273680411794135,0.08440323262873448,0.12464711641193375,0.3404150179984248,0.15846714991695687,[ 7 10 31],"[10 10 10 10 10 10 10  7 10 10 10 10 10 10 10 10 10 10 10 10 10 10 10 10
 10 10 10 10 10 10 10 31 10 10 10 10 10 31 10 10 10 10]"
-3.0,3,0.2112886813854624,0.239755790537443,24.273680411794135,0.15058421354793025,0.2203346289363079,0.3404150179984248,0.2154795185076483,[ 7 10 31],"[10 10 10 10 10 10 10  7 10 10 10 10 10 10 10 10 10 10 10 10 10 10 10 10
 10 10 10 10 10 10 31 31 10 10 10 10 31 31 10 10 10 10]"
-4.0,3,0.20931652307732274,0.2393438015385209,24.37407635794591,0.14917866779945052,0.21995601266597775,0.33696954894344683,0.21382072430208138,[ 7 20 31],"[20 20 20 20 20 20 20  7 20 20 20 20 20 20 20 20 20 20 20 20 20 20 20 20
 20 20 20 20 20 20 31 31 20 20 20 20 31 31 20 20 20 20]"
-5.0,2,0.06364740292472275,1.0881439367696903,34.1928778478727,0.045361133643986355,1.0,0.0,0.27268056682199315,[ 7 31],"[31 31 31 31 31 31 31  7 31 31 31 31 31 31 31 31 31 31 31 31 31 31 31 31
 31 31 31 31 31 31 31 31 31 31 31 31 31 31 31 31 31 31]"
