p,k,db,cp,sp,gyh_db,gyh_cp,gyh_sp,zb,exemplars,labels
-23.1,5,0.7275024620097479,2.500809448841659,27.857683226730433,0.4496503043389294,0.3255757001033971,0.0,0.30621907719531394,[10 11 15 22 29],"[10 10 10 10 15 10 10 10 10 10 10 11 10 10 15 15 15 15 15 15 10 10 22 15
 15 10 10 15 15 29 15 15 15 15]"
-24.1,4,0.8592026198172976,3.2910871030948674,26.01406046554621,0.5310507381959577,0.42846046834462975,0.10040099646515714,0.3977407353004256,[10 15 22 29],"[10 10 10 10 15 10 10 10 10 10 10 10 10 10 15 15 15 15 15 15 10 10 22 15
 15 10 10 15 15 29 15 15 15 15]"
-25.1,3,1.1338167372777581,4.759635667013584,19.8231232909597,0.70078256446462,0.6196480564494072,0.43755037130928703,0.6146908891719836,[10 15 22],"[10 10 10 10 15 10 10 10 10 10 10 10 10 10 15 15 15 15 15 15 10 10 22 15
 15 10 10 15 15 15 15 15 15 15]"
-26.1,3,1.1338167372777581,4.759635667013584,19.8231232909597,0.70078256446462,0.6196480564494072,0.43755037130928703,0.6146908891719836,[10 15 22],"[10 10 10 10 15 10 10 10 10 10 10 10 10 10 15 15 15 15 15 15 10 10 22 15
 15 10 10 15 15 15 15 15 15 15]"
-27.1,3,1.1338167372777581,4.759635667013584,19.8231232909597,0.70078256446462,0.6196480564494072,0.43755037130928703,0.6146908891719836,[10 15 22],"[10 10 10 10 15 10 10 10 10 10 10 10 10 10 15 15 15 15 15 15 10 10 22 15
 15 10 10 15 15 15 15 15 15 15]"
-28.1,3,1.1338167372777581,4.759635667013584,19.8231232909597,0.70078256446462,0.6196480564494072,0.43755037130928703,0.6146908891719836,[10 15 22],"[10 10 10 10 15 10 10 10 10 10 10 10 10 10 15 15 15 15 15 15 10 10 22 15
 15 10 10 15 15 15 15 15 15 15]"
-29.1,2,1.6179294331387444,7.681191956425021,9.49508896877374,1.0,1.0,1.0,1.0,[10 15],"[10 10 10 10 15 10 10 10 10 10 10 10 10 10 15 15 15 15 15 15 15 10 10 15
 15 10 15 15 15 15 15 15 15 15]"
