p,k,db,cp,sp,gyh_db,gyh_cp,gyh_sp,zb,exemplars,labels
-28.0,2,0.32413027124001026,7.244480382779746,44.70104168342482,1.0,1.0,0.0,0.75,[0 5],[0 0 5 5 5 5 5]
