p,k,db,cp,sp,gyh_db,gyh_cp,gyh_sp,zb,exemplars,labels
-29.5,2,0.16596737515437882,6.411322850506035,77.26003793868979,0.10095984471848861,0.7581605587451832,0.0,0.2400200620455401,[1 6],[1 1 1 1 6 6 6]
