p,k,db,cp,sp,gyh_db,gyh_cp,gyh_sp,zb,exemplars,labels
-32.2,2,0.3114433890485906,6.254600087970915,40.1652454854008,0.25650654030893877,0.8194934969134346,0.0,0.333126644382828,[0 6],[0 6 6 6 6 6 6 6]
