p,k,db,cp,sp,gyh_db,gyh_cp,gyh_sp,zb,exemplars,labels
-13.4,2,0.20377675147000035,2.7829819674742526,27.314028194074517,0.41571940718937067,1.0,0.0,0.4578597035946853,[0 4],[0 4 4 4 4 4 4 4]
