p,k,db,cp,sp,gyh_db,gyh_cp,gyh_sp,zb,exemplars,labels
-24.7,3,0.5657763950403639,3.765431557420222,25.700104622171555,0.9515288086973144,0.6158823491096705,0.0,0.6297349916260748,[3 4 8],[8 8 8 3 4 8 8 8 8 8]
-25.7,2,0.5945972311809846,6.113881267848625,20.564782165921894,1.0,1.0,0.60753690342589,0.9018842258564725,[4 8],[8 8 8 8 4 8 8 8 8 8]
