p,k,db,cp,sp,gyh_db,gyh_cp,gyh_sp,zb,exemplars,labels
-20.2,2,0.728222161402628,7.686265966760674,21.109673322646938,0.0,0.8969404277422084,0.0,0.2242351069355521,[ 3 11],[ 3  3  3  3  3 11 11  3  3  3  3 11]
