avg,cen
0.0,0.0
0.0,0.0
0.0,0.0
0.0,0.0
0.0,0.0
0.2685365853658537,0.0
2.1109756097560974,0.0
11.545853658536585,1.27
35.25365853658536,10.39
63.91951219512197,49.58
85.18341463414635,76.72
100.61097560975608,95.3
103.81390243902439,102.48
103.47268292682925,101.75
92.70512195121952,92.45
75.71195121951219,73.54
50.78439024390244,43.95
23.14634146341463,8.3
5.083414634146341,0.95
0.9641463414634147,0.0
0.004634146341463414,0.0
0.0,0.0
0.0,0.0
0.0,0.0
