p,k,db,cp,sp,gyh_db,gyh_cp,gyh_sp,zb,exemplars,labels
-28.7,4,0.44544291817020243,3.450025348708524,39.243250314636306,0.6068623382981647,0.4404681507944102,0.04887463345898984,0.42576686521243234,[2 4 5 8],[8 8 2 8 4 5 8 8 8 8 8 8 8 8 8 8 8 8]
-29.7,3,0.4715393130704532,4.933716349290404,40.034670232435936,0.6424155339699551,0.6298924492626072,0.0,0.47868087930062936,[4 5 8],[8 8 8 8 4 5 8 8 8 8 8 8 8 8 8 8 8 8]
-30.7,2,0.43483463216564766,7.832632944030574,36.025800912043174,0.5924098260065674,1.0,0.2475702395309082,0.6080974728860108,[5 8],[8 8 8 8 8 5 8 8 8 8 8 8 8 8 8 8 8 8]
