p,k,db,cp,sp,gyh_db,gyh_cp,gyh_sp,zb,exemplars,labels
-12.9,4,0.2979190162675575,1.4062274726777324,20.459357728569998,0.7091357987159966,0.38655529774360864,0.2403789253372214,0.5113014551282058,[ 1  5  7 12],[ 1  1  1  1  1  5  1  7  1  1  1  1 12  1  1  1]
-13.9,4,0.2979190162675575,1.4062274726777324,20.459357728569998,0.7091357987159966,0.38655529774360864,0.2403789253372214,0.5113014551282058,[ 1  5  7 12],[ 1  1  1  1  1  5  1  7  1  1  1  1 12  1  1  1]
-14.9,4,0.2979190162675575,1.4062274726777324,20.459357728569998,0.7091357987159966,0.38655529774360864,0.2403789253372214,0.5113014551282058,[ 1  5  7 12],[ 1  1  1  1  1  5  1  7  1  1  1  1 12  1  1  1]
-15.9,4,0.2979190162675575,1.4062274726777324,20.459357728569998,0.7091357987159966,0.38655529774360864,0.2403789253372214,0.5113014551282058,[ 1  5  7 12],[ 1  1  1  1  1  5  1  7  1  1  1  1 12  1  1  1]
-16.9,4,0.2979190162675575,1.4062274726777324,20.459357728569998,0.7091357987159966,0.38655529774360864,0.2403789253372214,0.5113014551282058,[ 1  5  7 12],[ 1  1  1  1  1  5  1  7  1  1  1  1 12  1  1  1]
-17.9,4,0.2979190162675575,1.4062274726777324,20.459357728569998,0.7091357987159966,0.38655529774360864,0.2403789253372214,0.5113014551282058,[ 1  5  7 12],[ 1  1  1  1  1  5  1  7  1  1  1  1 12  1  1  1]
-18.9,3,0.32948651169489446,2.1600891494884302,20.111948717243212,0.7842758195303239,0.5937829551454051,0.27642989228089976,0.6096911216217381,[ 1  5 12],[ 1  1  1  1  1  5  1  1  1  1  1  1 12  1  1  1]
-19.9,2,0.3194481654707841,3.637842970685255,22.775795035942775,0.7603815721720782,1.0,0.0,0.6301907860860392,[ 1 12],[ 1  1  1  1  1  1  1  1  1  1  1  1 12  1  1  1]
