p,k,db,cp,sp,gyh_db,gyh_cp,gyh_sp,zb,exemplars,labels
-15.9,4,0.5061236086463488,2.630860933230643,18.388984936964505,0.5192069257946507,0.3110776918868337,0.38020413747595877,0.43242392023802345,[ 4  5  8 13],[ 4  4  4  4  4  5  4  5  8  4  5  4  4 13  4  4]
-16.9,4,0.5061236086463488,2.630860933230643,18.388984936964505,0.5192069257946507,0.3110776918868337,0.38020413747595877,0.43242392023802345,[ 4  5  8 13],[ 4  4  4  4  4  5  4  5  8  4  5  4  4 13  4  4]
-17.9,4,0.5061236086463488,2.630860933230643,18.388984936964505,0.5192069257946507,0.3110776918868337,0.38020413747595877,0.43242392023802345,[ 4  5  8 13],[ 4  4  4  4  4  5  4  5  8  4  5  4  4 13  4  4]
-18.9,3,0.48183280779649945,3.3837597911863013,18.761283935733974,0.49428820669345797,0.40010179650549715,0.26706101697378937,0.4139348067165506,[4 5 8],[4 4 4 4 4 5 4 5 8 4 4 4 4 4 4 4]
-19.9,3,0.48183280779649945,3.3837597911863013,18.761283935733974,0.49428820669345797,0.40010179650549715,0.26706101697378937,0.4139348067165506,[4 5 8],[4 4 4 4 4 5 4 5 8 4 4 4 4 4 4 4]
-20.9,3,0.6755717961106233,4.541473910529274,18.761283935733974,0.6930353562251235,0.5369919800804104,0.26706101697378937,0.5475309273761116,[4 5 8],[4 4 4 4 4 4 4 5 8 4 4 4 4 4 4 4]
-21.9,2,0.9748013431672203,8.457247182442508,17.351734774931934,1.0,1.0,0.6954285148222289,0.9238571287055573,[4 5],[4 4 4 4 4 4 4 5 5 4 4 4 4 4 4 4]
