p,k,db,cp,sp,gyh_db,gyh_cp,gyh_sp,zb,exemplars,labels
-17.1,3,0.3792106477672715,2.4613783241985057,29.61002277280964,0.44925712325934897,0.5904023908179723,0.27276316015917734,0.4404199493739619,[0 1 9],[0 1 0 0 0 0 0 0 0 9]
-18.1,3,0.3792106477672715,2.4613783241985057,29.61002277280964,0.44925712325934897,0.5904023908179723,0.27276316015917734,0.4404199493739619,[0 1 9],[0 1 0 0 0 0 0 0 0 9]
-19.1,2,0.24029070965261465,4.168984344369595,34.69950503202263,0.2846763760461005,1.0,0.0,0.39233818802305026,[0 1],[0 1 0 0 0 0 0 0 0 0]
