p,k,db,cp,sp,gyh_db,gyh_cp,gyh_sp,zb,exemplars,labels
-25.0,3,0.5863221860723052,4.588401202322355,22.2013185146967,0.9372800140078541,0.6217794928186452,1.0,0.8740848802085883,[0 6 8],[0 6 0 0 6 0 6 0 8 0]
-26.0,2,0.6255571198676941,7.379466925681733,23.593263320997757,1.0,1.0,0.829038042969282,0.9572595107423205,[0 6],[0 6 0 0 6 0 6 0 0 0]
