p,k,db,cp,sp,gyh_db,gyh_cp,gyh_sp,zb,exemplars,labels
-9.1,4,0.863625941999529,2.091004554530816,8.817287079741458,0.0,0.0,0.25544282329588147,0.06386070582397037,[ 2  6  9 29],"[ 2  2  2  2  2  6  6  6  6  9  2  6  2  2  2  2  2  2  2  2  2  6  6  6
  6  6  2  2  2 29  2  2]"
-10.1,3,0.9955752365480931,2.880335389293199,9.363243184653076,0.3733898858347574,0.3422921149628179,0.0,0.2722679716580832,[ 2  6 29],"[ 2  2  2  2  2  6  6  6  6  6  2  6  2  2  2  2  2  2  2  2  2  6  6  6
  6  6  2  2  2 29  2  2]"
-11.1,2,1.2170080221101773,4.39701979782126,7.225950392992877,1.0,1.0,1.0,1.0,[2 6],[2 2 2 2 2 6 6 6 6 6 2 6 2 2 2 2 2 2 2 2 2 6 6 6 6 6 2 2 2 2 2 2]
