p,k,db,cp,sp,gyh_db,gyh_cp,gyh_sp,zb,exemplars,labels
-37.5,2,0.42010561556610376,9.150622490847372,43.56343810599465,0.311155205054423,1.0,0.0,0.40557760252721153,[2 7],[7 7 2 7 7 7 7 7]
