p,k,db,cp,sp,gyh_db,gyh_cp,gyh_sp,zb,exemplars,labels
-18.1,2,0.40331885619999924,4.337885495136153,21.510948116866953,0.8126172343131329,1.0,0.0,0.6563086171565664,[1 4],[1 1 1 1 4 1 1 1]
