avg,cen
80.192,82.87
82.255,84.97
83.578,86.05
84.71000000000001,85.97
121.39000000000001,126.96
169.55,175.55
162.76500000000001,160.38
143.858,142.76
136.36499999999998,141.82
129.471,125.82
117.53,122.95
103.64399999999998,109.06
96.47299999999998,99.46
93.35199999999999,100.19
93.78999999999999,94.39
92.029,98.35
93.199,97.8
95.361,100.06
105.39099999999999,111.68
108.346,110.84
110.607,111.15
117.60900000000001,117.62
121.599,117.99
94.12,97.95
