p,k,db,cp,sp,gyh_db,gyh_cp,gyh_sp,zb,exemplars,labels
-11.6,2,0.12200908488830985,1.5027146401873186,24.632831916786213,0.0,1.0,0.0,0.25,[0 2],[0 2 2 2 2 2]
