p,k,db,cp,sp,gyh_db,gyh_cp,gyh_sp,zb,exemplars,labels
-14.8,2,0.18682211368139626,2.344103571335542,25.094497917234172,0.5920209605215214,1.0,0.0,0.5460104802607607,[0 2],[0 2 2 2 2]
