p,k,db,cp,sp,gyh_db,gyh_cp,gyh_sp,zb,exemplars,labels
-46.0,2,0.4532765074518101,6.689136875495075,29.51459767063365,0.477575901401663,1.0,0.0,0.4887879507008315,[0 2],[0 2 2 2 2]
