p,k,db,cp,sp,gyh_db,gyh_cp,gyh_sp,zb,exemplars,labels
-17.0,4,0.5889684786488902,2.661617254771401,20.000960149674658,0.6148896887027653,0.4156957737632168,0.16718926519928096,0.4531661040920071,[ 1  3 10 12],[10  1 10  3 10 10 10 10 10 10 10 10 12 10 10 10 10 12 12 12 12 12]
-18.0,4,0.5889684786488902,2.661617254771401,20.000960149674658,0.6148896887027653,0.4156957737632168,0.16718926519928096,0.4531661040920071,[ 1  3 10 12],[10  1 10  3 10 10 10 10 10 10 10 10 12 10 10 10 10 12 12 12 12 12]
-19.0,3,0.6835328591632833,3.751969781563759,21.33230767186106,0.7136159611685771,0.58598883016984,0.0,0.5033051881267485,[ 1 10 12],[10  1 10 10 10 10 10 10 10 10 10 10 12 10 10 10 10 12 12 12 12 12]
-20.0,3,0.7158941154035894,3.9815063975421183,21.33230767186106,0.7474014751595467,0.6218382375236069,0.0,0.529160296960675,[ 1 10 12],[10  1 10 10 10 10 10 10 10 10 10 12 12 10 10 10 10 12 12 12 12 12]
-21.0,3,0.7158941154035894,3.9815063975421183,21.33230767186106,0.7474014751595467,0.6218382375236069,0.0,0.529160296960675,[ 1 10 12],[10  1 10 10 10 10 10 10 10 10 10 12 12 10 10 10 10 12 12 12 12 12]
-22.0,3,0.7158941154035894,3.9815063975421183,21.33230767186106,0.7474014751595467,0.6218382375236069,0.0,0.529160296960675,[ 1 10 12],[10  1 10 10 10 10 10 10 10 10 10 12 12 10 10 10 10 12 12 12 12 12]
-23.0,3,0.7158941154035894,3.9815063975421183,21.33230767186106,0.7474014751595467,0.6218382375236069,0.0,0.529160296960675,[ 1 10 12],[10  1 10 10 10 10 10 10 10 10 10 12 12 10 10 10 10 12 12 12 12 12]
-24.0,2,0.9578441295566997,6.402800852835893,13.369191615339702,1.0,1.0,1.0,1.0,[10 12],[10 10 10 10 10 10 10 10 10 10 10 12 12 10 10 10 10 12 12 12 12 12]
