p,k,db,cp,sp,gyh_db,gyh_cp,gyh_sp,zb,exemplars,labels
-14.5,4,0.8633485252555136,3.486994072219328,18.512778775738365,0.7803513373944617,0.4774662888475002,0.20644818748737565,0.5611542877809499,[2 3 7 8],[7 7 2 3 7 7 7 7 7 7 7 7 7 8 7 7 7 7 7 7 7 7]
-15.5,3,0.6755117130203394,3.731961156126791,18.526434406780755,0.6105720381291393,0.5110090830194008,0.20463800454460723,0.48419779095557164,[2 7 8],[7 7 2 8 7 7 7 7 8 7 7 7 7 8 7 7 7 7 7 7 7 7]
-16.5,3,0.6755117130203394,3.731961156126791,18.526434406780755,0.6105720381291393,0.5110090830194008,0.20463800454460723,0.48419779095557164,[2 7 8],[7 7 2 8 7 7 7 7 8 7 7 7 7 8 7 7 7 7 7 7 7 7]
-17.5,3,0.6755117130203394,3.731961156126791,18.526434406780755,0.6105720381291393,0.5110090830194008,0.20463800454460723,0.48419779095557164,[2 7 8],[7 7 2 8 7 7 7 7 8 7 7 7 7 8 7 7 7 7 7 7 7 7]
-18.5,3,0.6755117130203394,3.731961156126791,18.526434406780755,0.6105720381291393,0.5110090830194008,0.20463800454460723,0.48419779095557164,[2 7 8],[7 7 2 8 7 7 7 7 8 7 7 7 7 8 7 7 7 7 7 7 7 7]
-19.5,2,1.106358743663045,7.30312098187324,13.202084809658256,1.0,1.0,0.9104308596773079,0.977607714919327,[ 8 14],[14 14 14 14 14 14 14 14 14 14 14 14 14  8 14 14 14 14 14 14 14 14]
