p,k,db,cp,sp,gyh_db,gyh_cp,gyh_sp,zb,exemplars,labels
-29.3,2,0.7061593649505258,7.737704995794595,21.91489734427499,0.42545948479091633,0.6943578665213491,1.0,0.6363192090257954,[2 5],[5 2 2 2 2 5]
