p,k,db,cp,sp,gyh_db,gyh_cp,gyh_sp,zb,exemplars,labels
-14.7,2,0.1262902330941739,2.9895839920456537,47.34465870874335,0.10726084946550256,0.9202164580742456,0.0,0.28368453925131265,[1 3],[1 1 1 3 1 1 1]
