p,k,db,cp,sp,gyh_db,gyh_cp,gyh_sp,zb,exemplars,labels
-38.1,2,0.4470292290249328,6.551455435918444,29.311083081563066,0.42527975560207576,1.0,0.5988297090001398,0.6123473050510728,[2 6],[6 6 2 6 6 6 6]
