avg,cen
8.533333333333333,4.65
8.533333333333333,5.04
8.696666666666667,5.14
8.606666666666667,5.11
8.52,5.14
8.04,5.11
7.373333333333334,5.11
7.37,5.18
7.21,5.18
7.536666666666666,5.11
7.760000000000001,5.0
7.453333333333333,4.75
7.3,4.93
6.62,5.14
5.07,5.0
4.3999999999999995,4.82
4.566666666666666,4.93
4.426666666666667,5.11
5.163333333333334,5.28
5.573333333333333,5.6
6.103333333333334,5.28
7.476666666666667,5.35
8.636666666666667,5.49
9.916666666666666,5.56
