p,k,db,cp,sp,gyh_db,gyh_cp,gyh_sp,zb,exemplars,labels
-20.7,2,0.08922203590850844,1.7818346768955369,39.94158301257989,0.08743352522810363,1.0,0.0,0.29371676261405183,[1 2],[2 1 2 2]
