p,k,db,cp,sp,gyh_db,gyh_cp,gyh_sp,zb,exemplars,labels
-35.5,3,0.4910094196457437,5.221753311342563,33.38241965735012,0.9142255990680754,0.5988606462883506,0.3355300112372312,0.6907104639154331,[0 2 5],[0 2 2 2 2 5 2 2 2 2]
-36.5,3,0.4910094196457437,5.221753311342563,33.38241965735012,0.9142255990680754,0.5988606462883506,0.3355300112372312,0.6907104639154331,[0 2 5],[0 2 2 2 2 5 2 2 2 2]
-37.5,3,0.4910094196457437,5.221753311342563,33.38241965735012,0.9142255990680754,0.5988606462883506,0.3355300112372312,0.6907104639154331,[0 2 5],[0 2 2 2 2 5 2 2 2 2]
-38.5,2,0.5370768660889159,8.719479805036807,32.47013735122693,1.0,1.0,0.4239119878280174,0.8559779969570044,[0 2],[0 2 2 2 2 2 2 2 2 2]
