p,k,db,cp,sp,gyh_db,gyh_cp,gyh_sp,zb,exemplars,labels
-27.7,2,0.554421604148983,7.941009432908694,28.64610388008907,0.8473995057466203,1.0,0.0,0.6736997528733102,[3 6],[6 6 6 3 6 6 6 6 6 6]
