p,k,db,cp,sp,gyh_db,gyh_cp,gyh_sp,zb,exemplars,labels
-24.8,3,0.42201579661130184,3.831570652959248,29.23538825583744,0.5736954265140594,0.5719102014012968,0.520936061585735,0.5600592790037876,[4 6 7],[4 4 4 4 4 4 6 7 4 4 4]
-25.8,3,0.42201579661130184,3.831570652959248,29.23538825583744,0.5736954265140594,0.5719102014012968,0.520936061585735,0.5600592790037876,[4 6 7],[4 4 4 4 4 4 6 7 4 4 4]
-26.8,3,0.42201579661130184,3.831570652959248,29.23538825583744,0.5736954265140594,0.5719102014012968,0.520936061585735,0.5600592790037876,[4 6 7],[4 4 4 4 4 4 6 7 4 4 4]
-27.8,2,0.35252162657294417,6.384256131907355,36.22050762656581,0.3696203016001414,1.0,0.0,0.4348101508000707,[4 7],[4 4 4 4 4 4 4 7 4 4 4]
