p,k,db,cp,sp,gyh_db,gyh_cp,gyh_sp,zb,exemplars,labels
-15.8,3,0.6012867908897036,2.4525090474967706,13.591019372716511,0.7213542035145515,0.5133080343034859,0.6114895876981508,0.6418765072576849,[1 4 6],[4 1 4 4 4 4 6 4 4 4]
-16.8,2,0.6483644678539481,3.9541732754715935,12.197378084458258,1.0,1.0,1.0,1.0,[1 4],[4 1 4 4 4 4 4 4 4 4]
