p,k,db,cp,sp,zb,exemplars,labels
0.0,2,0.0,0.0,61.94598394223256,15.48649598555814,[0 1],[0 1 1 1 1 1 1]
