p,k,db,cp,sp,gyh_db,gyh_cp,gyh_sp,zb,exemplars,labels
-21.6,4,1.3634341622897133,6.2660284976847835,21.021181164598815,0.8609742345468845,0.6714133939664872,0.23922778663698907,0.6581474124243113,[14 15 20 22],"[15 22 20 22 22 20 20 22 20 20 22 20 20 15 14 20 20 20 20 20 20 22 22 20
 22 20 20 22]"
-22.6,5,1.4861850677507562,7.05947020221372,24.02777316379583,0.9384883307844127,0.756431741385297,0.027378195412929775,0.6651966495917632,[ 9 13 14 18 22],"[18 22 18 22 22 18 18 22 18 14 22 18 18 13  9 18 18 18 18 18 18 22 22 18
 22 18 18 22]"
-23.6,5,1.4861850677507562,7.05947020221372,24.02777316379583,0.9384883307844127,0.756431741385297,0.027378195412929775,0.6651966495917632,[ 9 13 14 18 22],"[18 22 18 22 22 18 18 22 18 14 22 18 18 13  9 18 18 18 18 18 18 22 22 18
 22 18 18 22]"
-24.6,5,1.5751464629732803,9.332593829663077,21.89529979307222,0.9946652047944541,1.0,0.17763589981866337,0.791741577351893,[ 9 14 15 18 22],"[18 22 18 22 22 18 18 22 18 14 22 18 18 15  9 18 18 18 18 18 18 22 22 18
 22 18 18 22]"
-25.6,3,1.0700696223369923,7.102835192607297,24.416327433857685,0.6757219376520949,0.7610783585192973,0.0,0.5281305584558718,[14 18 22],"[18 22 18 22 22 18 18 22 18 14 22 18 18 14 14 18 18 18 18 18 18 22 22 18
 22 18 18 22]"
-26.6,3,1.0700696223369923,7.102835192607297,24.416327433857685,0.6757219376520949,0.7610783585192973,0.0,0.5281305584558718,[14 18 22],"[18 22 18 22 22 18 18 22 18 14 22 18 18 14 14 18 18 18 18 18 18 22 22 18
 22 18 18 22]"
-27.6,2,1.5835946159379142,8.095510467374826,10.224220751824298,1.0,0.8674448513599448,1.0,0.9668612128399862,[18 22],"[18 22 18 22 22 18 18 22 18 18 22 18 18 18 18 18 18 18 18 18 18 22 22 18
 22 18 18 22]"
