p,k,db,cp,sp,gyh_db,gyh_cp,gyh_sp,zb,exemplars,labels
-13.5,5,0.5666386649564984,2.217899688146722,22.41343304930815,0.8616805468135864,0.6870504354458898,0.12551608004065024,0.6339819022784282,[ 0  6 18 28 30],"[ 0  6  6  6  6  6  6  6  6  6  6  6  6  6  6  6  6  6 18  6  6  6  6  6
  6 30  6 30 28  6  6]"
-14.5,5,0.47568163124778196,1.7610716918577118,22.41343304930815,0.7233632885857427,0.5455364276430832,0.12551608004065024,0.5294447712138047,[ 0  6 18 28 30],"[ 0  6  6  6  6  6  6  6  6  6  6  6  6  6  6  6  6  6 18  6  6  6  6  6
  6 30  6 30 28  6 30]"
-15.5,5,0.47568163124778196,1.7610716918577118,22.41343304930815,0.7233632885857427,0.5455364276430832,0.12551608004065024,0.5294447712138047,[ 0  6 18 28 30],"[ 0  6  6  6  6  6  6  6  6  6  6  6  6  6  6  6  6  6 18  6  6  6  6  6
  6 30  6 30 28  6 30]"
-16.5,5,0.47568163124778196,1.7610716918577118,22.41343304930815,0.7233632885857427,0.5455364276430832,0.12551608004065024,0.5294447712138047,[ 0  6 18 28 30],"[ 0  6  6  6  6  6  6  6  6  6  6  6  6  6  6  6  6  6 18  6  6  6  6  6
  6 30  6 30 28  6 30]"
-17.5,4,0.5494910623155425,2.3071394920742074,23.356983891615343,0.835604395407054,0.714694718221689,0.05618836535824109,0.6105229685985095,[ 0  6 18 30],"[ 0  6  6  6  6  6  6  6  6  6  6  6  6  6  6  6  6  6 18  6  6  6  6  6
  6 30  6 30  6  6 30]"
-18.5,4,0.5494910623155425,2.3071394920742074,23.356983891615343,0.835604395407054,0.714694718221689,0.05618836535824109,0.6105229685985095,[ 0  6 18 30],"[ 0  6  6  6  6  6  6  6  6  6  6  6  6  6  6  6  6  6 18  6  6  6  6  6
  6 30  6 30  6  6 30]"
-19.5,4,0.5494910623155425,2.3071394920742074,23.356983891615343,0.835604395407054,0.714694718221689,0.05618836535824109,0.6105229685985095,[ 0  6 18 30],"[ 0  6  6  6  6  6  6  6  6  6  6  6  6  6  6  6  6  6 18  6  6  6  6  6
  6 30  6 30  6  6 30]"
-20.5,4,0.6575971420636973,2.8720156553233154,23.356983891615343,1.0,0.8896793742038531,0.05618836535824109,0.7364669348905235,[ 0  6 18 30],"[ 0  6  6  6  6  6  6  6  6  6  6  6  6  6  6  6  6  6 18  6  6  6  6  6
  6 30  6 30  6  6  6]"
-21.5,2,0.2708972469884296,3.2281468342383395,23.832998453293385,0.41195015863099577,1.0,0.0212130357448495,0.4612783382517102,[0 6],[0 6 6 6 6 6 6 6 6 6 6 6 6 6 6 6 6 6 6 6 6 6 6 6 6 6 6 6 6 6 6]
