avg,cen
5.308,3.94
4.8027999999999995,3.52
4.904,2.78
4.750799999999999,2.11
4.5524000000000004,1.83
4.959599999999999,7.61
5.3092,8.66
7.026,6.06
9.743999999999998,6.34
10.906,6.2
11.797200000000002,6.62
11.315999999999999,6.51
12.59,6.9
13.134,5.99
14.493999999999998,6.65
15.219199999999999,9.15
14.71,7.99
14.140799999999999,10.11
12.748400000000002,10.42
11.303199999999999,10.32
8.8292,6.58
7.226,4.37
6.532399999999999,3.91
6.039199999999999,3.59
