p,k,db,cp,sp,gyh_db,gyh_cp,gyh_sp,zb,exemplars,labels
-14.8,4,0.7977567874974,3.26759151823048,15.579985855696203,0.8905320956088316,0.5263398894639496,0.8767894852807923,0.7960483914906014,[ 6  7 12 23],"[ 7  7  7  7  7 23  6  7  7 23  7  7 12 23 23 23 23 23 23 23 23 23 23 23
 23 23]"
-15.8,4,0.7977567874974,3.26759151823048,15.579985855696203,0.8905320956088316,0.5263398894639496,0.8767894852807923,0.7960483914906014,[ 6  7 12 23],"[ 7  7  7  7  7 23  6  7  7 23  7  7 12 23 23 23 23 23 23 23 23 23 23 23
 23 23]"
-16.8,3,0.45266075166157416,3.9926050661587316,21.59504127749783,0.5053030373350027,0.643124239205154,0.3721103204010995,0.5064601585690648,[ 1 12 23],"[ 1  1  1 23 23 23 23 23 23 23  1  1 12 23 23 23 23 23 23 23 23 23 23 23
 23 23]"
-17.8,2,0.47699762192536743,6.20813961403981,26.03006526104298,0.532470169493871,1.0,0.0,0.5162350847469355,[ 1 23],"[ 1  1  1 23 23 23 23 23 23 23  1  1 23 23 23 23 23 23 23 23 23 23 23 23
 23 23]"
