p,k,db,cp,sp,gyh_db,gyh_cp,gyh_sp,zb,exemplars,labels
-7.9,5,1.4143920714362739,3.1870821974504517,8.452100982167167,0.5685295706046448,0.7338677975649179,0.5151544397411414,0.5965203446288372,[15 25 35 49 54],"[15 15 15 15 15 15 15 35 35 35 15 15 15 15 15 15 15 15 15 15 15 35 35 35
 15 15 35 15 15 35 35 35 54 54 35 35 35 35 35 35 35 35 35 49 15 35 35 54
 15 49 54 15 15 54 54 54 54 54 54 54 54 54 54 54 54 54 54 25 54 54 54 54
 15 15 15 15 15 15 15 15 15]"
-8.9,3,1.8677393552598398,3.615368637109976,5.62081734839069,1.0,0.8708997956732075,1.0,0.9677249489183019,[15 35 54],"[15 15 15 15 15 15 15 35 35 35 15 15 15 15 15 15 15 15 15 15 15 35 35 35
 15 15 35 15 15 35 35 35 54 54 35 35 35 35 35 35 35 35 35 35 15 35 35 54
 15 35 54 15 15 54 54 54 54 54 54 54 54 54 54 54 54 54 54 15 54 54 54 54
 15 15 15 15 15 15 15 15 15]"
-9.9,3,1.8677393552598398,3.615368637109976,5.62081734839069,1.0,0.8708997956732075,1.0,0.9677249489183019,[15 35 54],"[15 15 15 15 15 15 15 35 35 35 15 15 15 15 15 15 15 15 15 15 15 35 35 35
 15 15 35 15 15 35 35 35 54 54 35 35 35 35 35 35 35 35 35 35 15 35 35 54
 15 35 54 15 15 54 54 54 54 54 54 54 54 54 54 54 54 54 54 15 54 54 54 54
 15 15 15 15 15 15 15 15 15]"
-10.9,2,1.0320766985395171,4.018864664561497,7.787918611569388,0.20466331620262807,1.0,0.6288929114876143,0.5095548859732176,[15 54],"[15 15 15 15 15 15 15 15 15 15 15 15 15 15 15 15 15 15 15 15 15 54 54 15
 15 15 54 15 15 54 54 54 54 54 54 54 54 15 54 15 54 54 54 15 15 54 54 54
 15 54 54 15 15 54 54 54 54 54 54 54 54 54 54 54 54 54 54 15 54 54 54 54
 15 15 15 15 15 15 15 15 15]"
