p,k,db,cp,sp,gyh_db,gyh_cp,gyh_sp,zb,exemplars,labels
-12.0,2,0.006354118046778191,0.08761518310187054,27.577448973046753,1.0,1.0,0.0,0.75,[3 6],[3 3 3 3 3 3 6 3]
