p,k,db,cp,sp,gyh_db,gyh_cp,gyh_sp,zb,exemplars,labels
-11.5,2,0.12723051053995052,1.4137215429924352,22.22299567914608,0.3324510085121754,1.0,0.0,0.41622550425608773,[0 5],[0 5 5 5 5 5 5 5]
