p,k,db,cp,sp,gyh_db,gyh_cp,gyh_sp,zb,exemplars,labels
-14.4,3,0.6122466939904188,4.211422797481429,21.712509655571406,0.6206862380374639,0.8849215530312345,0.6347513627578603,0.6902613479660057,[ 6 10 12],[10 10 10 10 10 10  6 12 10 10 10 10 12  6]
-15.4,3,0.6122466939904188,4.211422797481429,21.712509655571406,0.6206862380374639,0.8849215530312345,0.6347513627578603,0.6902613479660057,[ 6 10 12],[10 10 10 10 10 10  6 12 10 10 10 10 12  6]
-16.4,3,0.6122466939904188,4.211422797481429,21.712509655571406,0.6206862380374639,0.8849215530312345,0.6347513627578603,0.6902613479660057,[ 6 10 12],[10 10 10 10 10 10  6 12 10 10 10 10 12  6]
-17.4,3,0.6122466939904188,4.211422797481429,21.712509655571406,0.6206862380374639,0.8849215530312345,0.6347513627578603,0.6902613479660057,[ 6 10 12],[10 10 10 10 10 10  6 12 10 10 10 10 12  6]
-18.4,3,0.2866838573531805,2.5916728564620466,21.06951035267657,0.2906356647952748,0.5445730052230414,0.6698158588977284,0.4489150484278298,[ 3  6 12],[ 3  3  3  3  3  3  6  3  3  3  3  3 12  6]
-19.4,3,0.2866838573531805,2.5916728564620466,21.06951035267657,0.2906356647952748,0.5445730052230414,0.6698158588977284,0.4489150484278298,[ 3  6 12],[ 3  3  3  3  3  3  6  3  3  3  3  3 12  6]
-20.4,3,0.2909933261631246,2.7788895056661773,21.712509655571406,0.29500453768562945,0.5839117408318482,0.6347513627578603,0.45216804474024186,[ 6 10 12],[10 10 10 10 10 10  6 10 10 10 10 10 12  6]
-21.4,2,0.2853828003300054,4.759091676607385,33.35233707920841,0.289316673288888,1.0,0.0,0.394658336644444,[ 6 10],[10 10 10 10 10 10  6 10 10 10 10 10 10  6]
