p,k,db,cp,sp,gyh_db,gyh_cp,gyh_sp,zb,exemplars,labels
-9.8,3,0.2690338912031065,1.330410715498143,18.945108216188373,0.2698040449362716,0.5600198903743072,0.0,0.27490699506171257,[ 2  6 10],[10 10  2 10 10 10  6 10 10 10 10 10 10 10]
-10.8,3,0.2690338912031065,1.330410715498143,18.945108216188373,0.2698040449362716,0.5600198903743072,0.0,0.27490699506171257,[ 2  6 10],[10 10  2 10 10 10  6 10 10 10 10 10 10 10]
-11.8,3,0.2690338912031065,1.330410715498143,18.945108216188373,0.2698040449362716,0.5600198903743072,0.0,0.27490699506171257,[ 2  6 10],[10 10  2 10 10 10  6 10 10 10 10 10 10 10]
-12.8,3,0.2690338912031065,1.330410715498143,18.945108216188373,0.2698040449362716,0.5600198903743072,0.0,0.27490699506171257,[ 2  6 10],[10 10  2 10 10 10  6 10 10 10 10 10 10 10]
-13.8,2,0.2757857015848437,2.3756490409812416,17.228224866838417,0.2765751834849839,1.0,0.15845518042998474,0.42790138684998813,[ 2 10],[10 10  2 10 10 10 10 10 10 10 10 10 10 10]
