avg,cen
0.0,0.0
0.0,0.0
0.0,0.0
0.0,0.0
0.0,0.0
0.0,0.0
0.6233333333333334,0.74
1.7,2.71
1.2066666666666668,1.65
1.6566666666666665,2.04
1.7633333333333334,2.36
0.9033333333333333,0.49
1.1500000000000001,0.92
2.1733333333333333,2.61
1.01,1.41
1.0566666666666669,0.39
0.30333333333333334,0.14
0.03666666666666667,0.0
0.023333333333333334,0.0
0.04666666666666667,0.14
0.0,0.0
0.0,0.0
0.0,0.0
0.0,0.0
