p,k,db,cp,sp,gyh_db,gyh_cp,gyh_sp,zb,exemplars,labels
-15.2,2,0.12542070085615417,2.1129663691815694,33.694060944611444,0.48376345799750337,1.0,0.0,0.4918817289987517,[0 3],[0 0 0 3]
