p,k,db,cp,sp,gyh_db,gyh_cp,gyh_sp,zb,exemplars,labels
-30.3,3,0.5634215918319825,6.960222914470122,28.29564467199562,0.8265675780969278,0.6231421605674435,0.5417595690040454,0.7045092214413362,[0 5 7],[0 5 5 5 7 5 7 7 7 7 7 7 7 7 7]
-31.3,3,0.5634215918319825,6.960222914470122,28.29564467199562,0.8265675780969278,0.6231421605674435,0.5417595690040454,0.7045092214413362,[0 5 7],[0 5 5 5 7 5 7 7 7 7 7 7 7 7 7]
-32.3,2,0.6816400821445148,11.169558657581486,32.77259935313905,1.0,1.0,0.0,0.75,[5 7],[7 5 5 5 7 5 7 7 7 7 7 7 7 7 7]
