p,k,db,cp,sp,gyh_db,gyh_cp,gyh_sp,zb,exemplars,labels
-18.6,3,0.47445516022862505,2.8853978363473605,21.771396829068454,0.6302562371306984,0.6239045237046803,0.0,0.4711042494915193,[ 0  9 10],[ 0 10 10 10 10 10 10 10 10  9 10 10 10 10 10]
-19.6,2,0.43032759839975204,4.624742611600518,21.494055360606325,0.5716381138530083,1.0,0.03640910211624646,0.5449213324555658,[ 0 10],[ 0 10 10 10 10 10 10 10 10 10 10 10 10 10 10]
