avg,cen
0.0,0.0
0.0,0.0
0.0,0.0
0.0,0.0
0.0,0.0
0.0,0.0
0.9127272727272727,0.92
2.3515151515151516,2.04
1.5951515151515157,0.77
0.7393939393939394,0.53
0.6415151515151516,0.49
0.44424242424242427,0.11
0.5712121212121212,0.0
1.0163636363636366,0.04
1.6066666666666667,1.34
1.7190909090909094,0.99
1.4012121212121216,0.74
0.6933333333333334,0.11
0.5706060606060607,0.0
0.34272727272727277,0.0
0.2427272727272727,0.0
0.053636363636363635,0.0
0.0,0.0
0.0,0.0
