avg,cen
67.19125,59.6
65.05875,60.1
64.610625,59.48
64.374375,60.35
63.33749999999999,60.01
67.271875,63.23
69.45562499999998,67.04
69.56687499999998,67.98
70.724375,68.31
70.475625,68.8
70.25750000000001,68.45
68.238125,68.38
68.3825,67.16
70.03750000000001,69.18
71.54499999999999,72.78
76.56124999999999,79.54
80.69000000000001,82.68
85.27812500000002,88.22
89.0925,93.78
86.988125,87.76
81.43125,81.7
80.30562499999998,75.41
72.826875,71.83
67.84375,68.73
