p,k,db,cp,sp,gyh_db,gyh_cp,gyh_sp,zb,exemplars,labels
-14.0,4,0.6128811936022672,2.870081271831166,23.664027917945287,0.08677985171196093,0.2775420851927151,0.0,0.11277544715415924,[13 14 16 20],"[20 20 20 14 14 14 14 14 14 14 14 14 14 13 14 14 16 14 14 20 20 20 20 20
 20 20 20 14 14]"
-15.0,3,0.7282266495482567,4.056286895297746,21.3969789686435,0.4216206946308872,0.5221575233211586,0.22852890894694447,0.3984819553824694,[14 16 20],"[20 20 20 14 14 14 14 14 14 14 14 14 14 20 14 14 16 14 14 20 20 20 20 20
 20 20 20 14 14]"
-16.0,3,0.7282266495482567,4.056286895297746,21.3969789686435,0.4216206946308872,0.5221575233211586,0.22852890894694447,0.3984819553824694,[14 16 20],"[20 20 20 14 14 14 14 14 14 14 14 14 14 20 14 14 16 14 14 20 20 20 20 20
 20 20 20 14 14]"
-17.0,3,0.7282266495482567,4.056286895297746,21.3969789686435,0.4216206946308872,0.5221575233211586,0.22852890894694447,0.3984819553824694,[14 16 20],"[20 20 20 14 14 14 14 14 14 14 14 14 14 20 14 14 16 14 14 20 20 20 20 20
 20 20 20 14 14]"
-18.0,2,0.9274658585586044,6.373472749569187,13.743843378718747,1.0,1.0,1.0,1.0,[14 20],"[20 20 20 14 14 14 14 14 14 14 14 14 14 20 14 14 14 14 14 20 20 20 20 20
 20 20 20 14 14]"
