p,k,db,cp,sp,gyh_db,gyh_cp,gyh_sp,zb,exemplars,labels
-18.9,3,0.5347185645180373,4.362069533188115,23.752119984364697,0.0,0.0,0.0,0.0,[ 4 10 11],[11  4  4  4  4  4  4  4  4  4 10 11 11 11 11 11]
-19.9,3,0.5347185645180373,4.362069533188115,23.752119984364697,0.0,0.0,0.0,0.0,[ 4 10 11],[11  4  4  4  4  4  4  4  4  4 10 11 11 11 11 11]
-20.9,3,0.5347185645180373,4.362069533188115,23.752119984364697,0.0,0.0,0.0,0.0,[ 4 10 11],[11  4  4  4  4  4  4  4  4  4 10 11 11 11 11 11]
-21.9,2,0.6562961245784686,7.0895327372751265,21.604676522594584,1.0,1.0,1.0,1.0,[ 4 11],[11  4  4  4  4  4  4  4  4  4  4 11 11 11 11 11]
