p,k,db,cp,sp,gyh_db,gyh_cp,gyh_sp,zb,exemplars,labels
-16.1,6,0.6291095940457918,2.833378452547526,19.446492134727198,0.6213857556767232,0.41591218159011184,0.09925925018837156,0.43948573578298245,[ 4 17 26 32 33 34],"[26  4 17 17 26 17 17 17 17 17 26 26 26 26 26 26 17 17 17 17 17 17 26 26
 26 26 26 17 17 17 26 26 32 33 34 26 26 17 17 17 17 17 17 17]"
-17.1,5,0.6126372159420437,2.4249093890904803,20.10645115706958,0.6051156157636364,0.35595292724421185,0.0,0.39154603969287116,[17 26 32 33 34],"[26 26 17 17 26 17 17 17 17 17 26 26 26 26 26 26 17 17 17 17 17 17 26 26
 26 26 26 17 17 17 26 26 32 33 34 26 26 17 17 17 17 17 17 17]"
-18.1,2,1.0124300216065574,6.812444015741443,13.457609652726877,1.0,1.0,1.0,1.0,[17 26],"[26 26 17 17 26 17 17 17 17 17 26 26 26 26 26 26 17 17 17 17 17 17 26 26
 26 26 26 17 17 17 26 26 26 26 26 26 26 17 17 17 17 17 17 17]"
