p,k,db,cp,sp,gyh_db,gyh_cp,gyh_sp,zb,exemplars,labels
-18.9,3,0.641224840671445,5.740628637314621,21.759392076684694,0.9863998264720447,1.0,0.09741534970219885,0.767553750661572,[ 2  5 12],[ 5  5  2  2  5  5  2  2  5  5  5  2 12]
-19.9,3,0.641224840671445,5.740628637314621,21.759392076684694,0.9863998264720447,1.0,0.09741534970219885,0.767553750661572,[ 2  5 12],[ 5  5  2  2  5  5  2  2  5  5  5  2 12]
-20.9,3,0.4690743503782535,3.312901792852939,21.974293373249296,0.1943115532758997,0.4363057376353026,0.06137103930325667,0.22157497087258968,[ 1  7 12],[ 7  1  7  7  7  7  7  7  7  7  7  7 12]
-21.9,3,0.4690743503782535,3.312901792852939,21.974293373249296,0.1943115532758997,0.4363057376353026,0.06137103930325667,0.22157497087258968,[ 1  7 12],[ 7  1  7  7  7  7  7  7  7  7  7  7 12]
-22.9,2,0.4890933644339163,5.41912396139822,22.159875211843822,0.2864218124301627,0.925349780783232,0.030244333687049936,0.38210943483265186,[ 7 12],[ 7  7  7  7  7  7  7  7  7  7  7  7 12]
