p,k,db,cp,sp,gyh_db,gyh_cp,gyh_sp,zb,exemplars,labels
-13.3,4,0.7859866217536949,3.2469503005058313,18.94878519365862,0.4275168831956987,0.0,0.0,0.21375844159784935,[ 7 15 24 33],"[33 24 24 24 15 15 15  7 15 15 15 15 15 15 24 15 15 15 15 15 15 24 33 15
 24 24 24 24 24 24 33 33 33 33 24 24]"
-14.3,4,0.7859866217536949,3.2469503005058313,18.94878519365862,0.4275168831956987,0.0,0.0,0.21375844159784935,[ 7 15 24 33],"[33 24 24 24 15 15 15  7 15 15 15 15 15 15 24 15 15 15 15 15 15 24 33 15
 24 24 24 24 24 24 33 33 33 33 24 24]"
-15.3,4,0.7859866217536949,3.2469503005058313,18.94878519365862,0.4275168831956987,0.0,0.0,0.21375844159784935,[ 7 15 24 33],"[33 24 24 24 15 15 15  7 15 15 15 15 15 15 24 15 15 15 15 15 15 24 33 15
 24 24 24 24 24 24 33 33 33 33 24 24]"
-16.3,4,0.7859866217536949,3.2469503005058313,18.94878519365862,0.4275168831956987,0.0,0.0,0.21375844159784935,[ 7 15 24 33],"[33 24 24 24 15 15 15  7 15 15 15 15 15 15 24 15 15 15 15 15 15 24 33 15
 24 24 24 24 24 24 33 33 33 33 24 24]"
-17.3,4,0.7859866217536949,3.2469503005058313,18.94878519365862,0.4275168831956987,0.0,0.0,0.21375844159784935,[ 7 15 24 33],"[33 24 24 24 15 15 15  7 15 15 15 15 15 15 24 15 15 15 15 15 15 24 33 15
 24 24 24 24 24 24 33 33 33 33 24 24]"
-18.3,3,0.6789127180764045,3.863673956877816,17.924612450742554,0.0,0.21148429013275488,0.18012955541969014,0.09790346138811126,[ 7 15 24],"[24 24 24 24 15 15 15  7 15 15 15 15 15 15 24 15 15 15 15 15 15 24 24 15
 24 24 24 24 24 24 24 24 24 24 24 24]"
-19.3,3,0.6789127180764045,3.863673956877816,17.924612450742554,0.0,0.21148429013275488,0.18012955541969014,0.09790346138811126,[ 7 15 24],"[24 24 24 24 15 15 15  7 15 15 15 15 15 15 24 15 15 15 15 15 15 24 24 15
 24 24 24 24 24 24 24 24 24 24 24 24]"
-20.3,3,0.6789127180764045,3.863673956877816,17.924612450742554,0.0,0.21148429013275488,0.18012955541969014,0.09790346138811126,[ 7 15 24],"[24 24 24 24 15 15 15  7 15 15 15 15 15 15 24 15 15 15 15 15 15 24 24 15
 24 24 24 24 24 24 24 24 24 24 24 24]"
-21.3,2,0.9293680986380106,6.163118002536319,13.263028958210144,1.0,1.0,1.0,1.0,[15 24],"[24 24 24 24 15 15 15 15 15 15 15 15 15 15 24 15 15 15 15 15 15 24 24 15
 24 24 24 24 24 24 24 24 24 24 24 24]"
