p,k,db,cp,sp,gyh_db,gyh_cp,gyh_sp,zb,exemplars,labels
-9.6,4,0.7178064276106633,2.586971408130351,19.47987129794623,0.37162717526172573,0.4542411495620401,0.6471985150584867,0.4611735037859946,[ 5  7 10 12],"[12 12  7  7 12  5  7  7  7 12 10 12 12  7  7 12  7 12 12 12 12  7 12  7
 12 12 12 12 12 12 12 12]"
-10.6,5,1.1110535922152232,2.9384597409152144,16.70109887422472,0.6710042212234497,0.5831129645793047,0.8374498089239646,0.6906428039875422,[ 5  6 10 12 21],"[12 12 21  6 21  5 21 21 21 12 10 12 12 21 21 12 21 12 12 21 12 21 12 21
 12 12 12 12 12 12 12 12]"
-11.6,3,0.9876751925550448,3.4863669395909915,17.68274817027992,0.5770768794639946,0.7840009843748033,0.7702402572880245,0.6770987501477042,[ 5  6 15],"[15 15  6  6 15  5  6 15 15 15  6 15 15 15 15 15 15 15 15 15 15 15 15 15
 15 15 15 15 15 15 15 15]"
-12.6,4,1.5432064874217868,4.0754882604562335,14.789197522705217,1.0,1.0,0.9683499512906414,0.9920874878226603,[ 3  5  6 15],"[15 15  6  6 15  5 15 15 15 15  3 15 15 15 15 15 15 15 15 15 15 15 15 15
 15 15 15 15 15 15 15 15]"
-13.6,3,0.746376680285231,3.9518532875963053,20.006473722978914,0.39337756183270867,0.9546697233850393,0.6111441797484399,0.5881422566997242,[ 3  5 15],"[15 15 15 15 15  5 15 15 15 15  3 15 15 15 15 15 15 15 15 15 15 15 15 15
 15 15 15 15 15 15 15 15]"
-14.6,3,0.746376680285231,3.9518532875963053,20.006473722978914,0.39337756183270867,0.9546697233850393,0.6111441797484399,0.5881422566997242,[ 3  5 15],"[15 15 15 15 15  5 15 15 15 15  3 15 15 15 15 15 15 15 15 15 15 15 15 15
 15 15 15 15 15 15 15 15]"
-15.6,2,0.22965499805731,3.3222722941734264,28.932723626980323,0.0,0.7238363279208444,0.0,0.1809590819802111,[ 5 15],"[15 15 15 15 15  5 15 15 15 15 15 15 15 15 15 15 15 15 15 15 15 15 15 15
 15 15 15 15 15 15 15 15]"
