p,k,db,cp,sp,gyh_db,gyh_cp,gyh_sp,zb,exemplars,labels
-23.2,5,0.9764347437599736,4.550412653890857,31.13619774283212,1.0,0.6878690474559858,0.34644927434394845,0.7585795804499835,[ 6  8 14 22 25],"[14 14 14 14 14 14 14 14  8  6 14 14 14 14 14 14 14 14 14 14 14 14 22 14
 14 25]"
-24.2,5,0.9764347437599736,4.550412653890857,31.13619774283212,1.0,0.6878690474559858,0.34644927434394845,0.7585795804499835,[ 6  8 14 22 25],"[14 14 14 14 14 14 14 14  8  6 14 14 14 14 14 14 14 14 14 14 14 14 22 14
 14 25]"
-25.2,5,0.9764347437599736,4.550412653890857,31.13619774283212,1.0,0.6878690474559858,0.34644927434394845,0.7585795804499835,[ 6  8 14 22 25],"[14 14 14 14 14 14 14 14  8  6 14 14 14 14 14 14 14 14 14 14 14 14 22 14
 14 25]"
-26.2,2,0.5324702682991586,6.615231010495528,24.847325397627205,0.5453208949210128,1.0,0.9474534364156892,0.7595238065644286,[14 22],"[14 14 14 14 14 14 14 14 14 14 14 14 14 14 14 14 14 14 14 14 14 14 22 14
 14 14]"
