p,k,db,cp,sp,gyh_db,gyh_cp,gyh_sp,zb,exemplars,labels
-10.6,3,0.6130126752643127,2.910132971018839,13.42034689615834,0.8563841601498944,0.6262862415405241,0.8231031536312287,0.7905394288678854,[2 8 9],[2 2 2 8 8 2 2 2 8 9 2 8 8]
-11.6,2,0.7141719303159239,4.646650010801071,13.012692920444414,0.9977045392781241,1.0,1.0,0.998852269639062,[2 8],[2 2 2 8 8 2 2 2 8 2 2 8 8]
