p,k,db,cp,sp,gyh_db,gyh_cp,gyh_sp,zb,exemplars,labels
-21.7,3,1.0231175679209414,6.119530543687612,18.015097815500656,1.0,1.0,0.382566271523985,0.8456415678809962,[3 6 9],[9 9 9 9 3 9 6 9 9 9 9 9 9]
-22.7,3,0.5681920908546602,3.3881525024167423,19.37801347855147,0.5553536647887622,0.5536621605576709,0.0,0.4160923725337988,[2 3 6],[3 3 2 3 3 3 6 3 3 3 3 3 3]
-23.7,3,0.5681920908546602,3.3881525024167423,19.37801347855147,0.5553536647887622,0.5536621605576709,0.0,0.4160923725337988,[2 3 6],[3 3 2 3 3 3 6 3 3 3 3 3 3]
-24.7,2,0.6490887293663129,5.498055833811473,16.9408451728289,0.634422425846244,0.8984440545823895,0.684105713268884,0.7128486548859404,[3 6],[3 3 3 3 3 3 6 3 3 3 3 3 3]
