p,k,db,cp,sp,gyh_db,gyh_cp,gyh_sp,zb,exemplars,labels
-18.9,3,0.9170875263206907,5.080367404329961,15.11159033142813,0.8747520636171846,0.6237857910341885,0.20857378258261905,0.6454659252127942,[2 5 6],[2 5 5 5 5 5 6 5 5 5]
-19.9,2,1.0483970995489222,8.144410272486498,15.536880588453876,1.0,1.0,0.0,0.75,[2 5],[2 5 5 5 5 5 2 5 5 5]
