p,k,db,cp,sp,gyh_db,gyh_cp,gyh_sp,zb,exemplars,labels
-9.7,3,1.4809647855490475,3.577646294186716,13.03629756737798,1.0,1.0,0.43859093789098047,0.8596477344727451,[2 3 4],[4 4 3 2 4 4 4 4 4 4]
-10.7,3,1.4809647855490475,3.577646294186716,13.03629756737798,1.0,1.0,0.43859093789098047,0.8596477344727451,[2 3 4],[4 4 3 2 4 4 4 4 4 4]
-11.7,2,0.33024207025064356,2.652255039842748,16.062490389729984,0.22299116999477528,0.7413407647794508,0.0,0.29683077619225035,[3 4],[4 4 3 3 4 4 4 4 4 4]
