p,k,db,cp,sp,gyh_db,gyh_cp,gyh_sp,zb,exemplars,labels
-8.2,6,0.835233163043868,1.8929876885234134,12.43849731427632,0.14842468070858955,0.0,0.447488654451112,0.18608450396707277,[ 0 17 23 31 38 40],"[ 0 17 17 23 17 17 17 23 23 17 17 17 17 31 17 17 17 17 17 23 23 23 31 23
 23 31 23 23 23 23 31 31 31 31 31 31 17 17 38 17 40 31 31 31 31]"
-9.2,5,0.9837119761551552,2.365259789630985,11.896488396222031,0.6391910810435715,0.1490253748283712,0.6161131456723121,0.5108801706469566,[ 0 17 23 31 38],"[ 0 17 17 23 17 17 17 23 23 17 17 17 17 31 17 17 17 17 17 23 23 23 31 23
 23 31 23 23 23 23 31 31 31 31 31 31 17 17 38 17 31 31 31 31 31]"
-10.2,5,0.8441782995724341,2.3772267279898656,12.948910266744628,0.1779910030857693,0.15280154003122312,0.28869398972189064,0.19936938398116308,[ 0 17 28 31 38],"[ 0 17 17 31 17 17 17 28 28 17 17 17 17 31 17 17 17 17 17 31 28 28 31 31
 28 31 31 31 28 28 31 31 31 31 31 31 17 17 38 17 31 31 31 31 31]"
-11.2,3,1.092872831523514,3.209292813741103,11.019851510799713,1.0,0.4153598406808945,0.8888438035381103,0.8260509110547511,[17 31 38],"[17 17 17 31 17 17 17 31 31 17 17 17 17 17 17 17 17 17 17 31 31 31 17 31
 31 31 31 31 31 31 31 31 31 31 31 31 17 17 38 17 31 31 31 31 31]"
-12.2,4,0.9770005883820388,2.9623433814665163,11.915989857394315,0.6170079590907054,0.3374349926492907,0.6100460426068289,0.5453742383593826,[ 7 17 31 38],"[17 17 17  7 17 17 17  7  7 17 17 17 17 17 17 17 17 17 17  7  7  7 17  7
  7 31 31 31  7  7 31 31 31 31 31 31 17 17 38 17 31 31 31 31 31]"
-13.2,3,0.7903280505239588,3.31535830521927,13.87685801552494,0.0,0.448828787050625,0.0,0.11220719676265625,[ 7 17 38],"[17 17 17  7 17 17 17  7  7 17 17 17 17 17 17 17 17 17 17  7  7  7 17  7
  7  7  7  7  7  7  7 17  7  7 17 17 17 17 38 17 17 17 17 17 17]"
-14.2,2,0.9495014601223799,5.062059409708317,10.66256266537152,0.5261152054004694,1.0,1.0,0.7630576027002347,[ 7 17],"[17 17 17  7 17 17 17  7  7 17 17 17 17 17 17 17 17 17 17  7  7  7 17  7
  7  7  7  7  7  7  7 17  7  7 17 17 17 17 17 17 17 17 17 17 17]"
