p,k,db,cp,sp,gyh_db,gyh_cp,gyh_sp,zb,exemplars,labels
-42.4,2,0.5755135551363245,11.718405542564724,40.72329987010969,0.5651469152196911,1.0,0.2290615447732334,0.5898388438031539,[5 7],[7 7 7 7 7 5 7 7]
