p,k,db,cp,sp,gyh_db,gyh_cp,gyh_sp,zb,exemplars,labels
-9.8,4,0.791004213708418,2.186432465084387,12.383474618403392,1.0,0.35770749026506654,0.8186636980421695,0.794092797076809,[4 5 6 7],[5 4 5 5 4 5 6 7 5 4 5 4 4 5 4 4]
-10.8,4,0.791004213708418,2.186432465084387,12.383474618403392,1.0,0.35770749026506654,0.8186636980421695,0.794092797076809,[4 5 6 7],[5 4 5 5 4 5 6 7 5 4 5 4 4 5 4 4]
-11.8,3,0.6622571714058935,3.1511264514473623,12.549277872010244,0.5580325623927975,0.8380043357408857,0.7299976951469458,0.6710167889183567,[5 6 7],[5 5 5 5 5 5 6 7 5 5 5 5 5 5 5 7]
-12.8,3,0.6622571714058935,3.1511264514473623,12.549277872010244,0.5580325623927975,0.8380043357408857,0.7299976951469458,0.6710167889183567,[5 6 7],[5 5 5 5 5 5 6 7 5 5 5 5 5 5 5 7]
-13.8,2,0.49969985201254985,3.47650073737011,13.914355681189189,0.0,1.0,0.0,0.25,[5 6],[5 5 5 5 5 5 6 5 5 5 5 5 5 5 5 5]
