p,k,db,cp,sp,gyh_db,gyh_cp,gyh_sp,zb,exemplars,labels
-14.5,3,0.750434092527693,3.290798498968958,18.150076640344803,0.558836157666645,0.5723470693474494,0.2707142873872128,0.490183418016988,[10 12 19],"[19 19 19 19 19 19 19 19 19 19 10 19 12 19 19 19 19 19 19 19 19 19 19 19
 19 19 19 19]"
-15.5,3,1.3428517146439536,5.749655541559598,14.26716486021364,1.0,1.0,0.8128426626607101,0.9532106656651775,[10 19 22],"[19 19 19 19 19 19 19 19 19 19 10 19 22 19 19 19 19 19 19 19 19 19 19 19
 19 19 19 19]"
-16.5,3,0.525721940361572,3.0946251107676015,20.089026423254293,0.3914966445129521,0.5382279144201015,0.0,0.33030530086150145,[ 8 10 16],"[16 16 16 16 16 16 16 16  8 16 10 16 16 16 16 16 16 16 16 16 16 16 16 16
 16 16 16 16]"
-17.5,2,0.49348700568627746,4.7831024714282355,19.38491760193977,0.3674918088905457,0.8318937433477651,0.09830699045706512,0.41629608789648037,[10 16],"[16 16 16 16 16 16 16 16 16 16 10 16 16 16 16 16 16 16 16 16 16 16 16 16
 16 16 16 16]"
