p,k,db,cp,sp,gyh_db,gyh_cp,gyh_sp,zb,exemplars,labels
-10.4,5,0.5379663116971358,1.2266418848240477,22.68968342138927,0.541904071528129,0.13321067891032218,0.7947336249563095,0.5029381117307224,[ 1  7 10 20 26],"[10  1 10 10 10 10 10  7 10 10 10 10 10 10 10 10 10 10 10 10 20 10 10 10
 10 10 26 10 10 10]"
-11.4,4,0.48198545451078784,1.5583826002296761,25.97636126848383,0.46914313347185005,0.27478788982463676,0.710854390851018,0.4809821369048387,[ 1  7 10 20],"[10  1 10 10 10 10 10  7 10 10 10 10 10 10 10 10 10 10 10 10 20 10 10 10
 10 10 10 10 10 10]"
-12.4,3,0.45168096656898865,2.1265145912253542,32.830420433383516,0.4297549732902259,0.5172499663231911,0.5359320954479666,0.47817300208790237,[ 1 10 20],"[10  1 10 10 10 10 10 10 10 10 10 10 10 10 10 10 10 10 10 10 20 10 10 10
 10 10 10 10 10 10]"
-13.4,2,0.12103580959926159,3.2576842229746372,53.83008935554741,0.0,1.0,0.0,0.25,[10 20],"[10 10 10 10 10 10 10 10 10 10 10 10 10 10 10 10 10 10 10 10 20 10 10 10
 10 10 10 10 10 10]"
