p,k,db,cp,sp,gyh_db,gyh_cp,gyh_sp,zb,exemplars,labels
-11.8,3,0.3322249079550032,1.9153600392886727,21.695248365978923,0.03025908475566637,0.0,0.0,0.015129542377833184,[ 3  5 10],[ 3  3  3  3  5  5  3  3  3  3 10  3]
-12.8,3,0.3322249079550032,1.9153600392886727,21.695248365978923,0.03025908475566637,0.0,0.0,0.015129542377833184,[ 3  5 10],[ 3  3  3  3  5  5  3  3  3  3 10  3]
-13.8,3,0.3322249079550032,1.9153600392886727,21.695248365978923,0.03025908475566637,0.0,0.0,0.015129542377833184,[ 3  5 10],[ 3  3  3  3  5  5  3  3  3  3 10  3]
-14.8,2,0.2978365062050629,2.9852207538769147,20.046036611922684,0.0,1.0,0.23950946215852287,0.30987736553963074,[ 3 10],[ 3  3  3  3  3  3  3  3  3  3 10  3]
