p,k,db,cp,sp,gyh_db,gyh_cp,gyh_sp,zb,exemplars,labels
-12.6,4,0.8540827797153896,3.2711269379190724,12.73796018225251,0.627728745439675,0.583978971329982,0.4073163014093899,0.5616881909046805,[ 1  4  6 11],[ 1  1  1  1  4  1  6  6  6  1  1  6  6  6  6  6 11]
-13.6,3,0.7715501478569449,3.379355421091861,15.103873589631965,0.5670693963873498,0.6033004955237377,0.0,0.4343598220746093,[1 4 6],[1 1 1 1 4 1 6 6 6 1 1 6 6 6 6 6 6]
-14.6,3,0.7715501478569449,3.379355421091861,15.103873589631965,0.5670693963873498,0.6033004955237377,0.0,0.4343598220746093,[1 4 6],[1 1 1 1 4 1 6 6 6 1 1 6 6 6 6 6 6]
-15.6,2,1.0808603533778336,5.6014464535756305,10.364792151123611,0.7944043946740702,1.0,0.8158815608341168,0.8511725875455642,[1 6],[1 1 1 1 6 1 6 6 6 1 1 6 6 6 6 6 6]
