p,k,db,cp,sp,gyh_db,gyh_cp,gyh_sp,zb,exemplars,labels
-31.0,3,0.551623408721781,4.409351887228202,26.339571400674007,0.18497206065765984,0.6036658722006559,0.09876653503168288,0.26809413213691463,[ 3  4 21],[ 3  3  3  3  4 21  3 21 21  3  3 21 21 21 21 21 21 21  3 21  3 21]
-33.0,2,0.6792933511231413,7.304292142860367,21.505560538119433,0.2277827390238042,1.0,0.40082609346390013,0.4640978928778771,[ 3 21],[ 3  3  3  3  3 21  3 21 21  3  3 21 21 21 21 21 21 21  3 21  3 21]
