p,k,db,cp,sp,gyh_db,gyh_cp,gyh_sp,zb,exemplars,labels
-19.0,4,0.7001643298627278,4.246015251882358,21.132175385084043,1.0,0.696776925901327,0.6002740423349855,0.8242627420590781,[ 5 15 16 18],[18 18 18 18 18  5 18 18 18 18 18 18 18 18 16 18 16 15 18 18 18 18]
-20.0,3,0.35862637687730653,3.9290952364196534,26.39236098168135,0.5122031522908598,0.6447699167336588,0.29776452442412654,0.4917351864348762,[ 5 16 18],[18 18 18 18 18  5 18 18 18 18 18 18 18 18 16 18 16 16 18 18 18 18]
-21.0,2,0.38604921765823347,6.093794289169173,31.57003827716063,0.5513694445615662,1.0,0.0,0.5256847222807831,[14 18],[18 18 18 18 18 18 18 18 18 18 18 18 18 18 14 18 14 14 18 18 18 18]
