p,k,db,cp,sp,gyh_db,gyh_cp,gyh_sp,zb,exemplars,labels
-11.5,4,0.4167316025880804,1.58741261968079,22.653903254222396,0.7364146597033401,0.5286847349582997,0.0,0.500378513591245,[10 15 16 18],[10 10 10 10 10 10 10 18 18 18 10 10 10 10 10 15 16 18 18 18]
-12.5,3,0.4871536107032329,2.301494434404263,21.89809340313039,0.8608587834983066,0.7665083167259291,0.06164928573820737,0.6374687923651874,[10 16 18],[10 10 10 10 10 10 10 18 18 18 10 10 10 10 10 10 16 18 18 18]
-13.5,3,0.4871536107032329,2.301494434404263,21.89809340313039,0.8608587834983066,0.7665083167259291,0.06164928573820737,0.6374687923651874,[10 16 18],[10 10 10 10 10 10 10 18 18 18 10 10 10 10 10 10 16 18 18 18]
-14.5,3,0.4871536107032329,2.301494434404263,21.89809340313039,0.8608587834983066,0.7665083167259291,0.06164928573820737,0.6374687923651874,[10 16 18],[10 10 10 10 10 10 10 18 18 18 10 10 10 10 10 10 16 18 18 18]
-15.5,3,0.4871536107032329,2.301494434404263,21.89809340313039,0.8608587834983066,0.7665083167259291,0.06164928573820737,0.6374687923651874,[10 16 18],[10 10 10 10 10 10 10 18 18 18 10 10 10 10 10 10 16 18 18 18]
-16.5,3,0.4871536107032329,2.301494434404263,21.89809340313039,0.8608587834983066,0.7665083167259291,0.06164928573820737,0.6374687923651874,[10 16 18],[10 10 10 10 10 10 10 18 18 18 10 10 10 10 10 10 16 18 18 18]
-17.5,3,0.46832327067211205,2.1786045759039476,21.89809340313039,0.8275833170830013,0.7255800845418061,0.06164928573820737,0.610599001111504,[10 16 18],[10 10 10 10 10 10 10 18 18 18 10 10 10 10 10 10 16 10 18 18]
-18.5,2,0.27558906997035587,3.0025694231667157,21.79019235769903,0.4869988978992409,1.0,0.07045047081357804,0.511112066653015,[10 16],[10 10 10 10 10 10 10 10 10 10 10 10 10 10 10 10 16 10 10 10]
