p,k,db,cp,sp,gyh_db,gyh_cp,gyh_sp,zb,exemplars,labels
-19.2,5,0.47589157123607057,2.8602516228087755,25.27704333529287,1.0,0.5360162747850434,0.4552779168401636,0.7478235479063018,[13 15 16 18 19],"[13 13 13 13 13 13 13 13 13 15 13 13 13 13 13 15 16 13 18 19 13 13 13 13
 13]"
-20.2,4,0.47562090431810305,3.655742685920803,24.570860720414828,0.9983615769964909,0.7352642444891839,0.5188209859785206,0.8127020961151715,[13 15 18 19],"[13 13 13 13 13 13 13 13 13 15 13 13 13 13 13 15 13 13 18 19 13 13 13 13
 13]"
-21.2,3,0.35105194755224156,2.942658229392412,28.798759525989933,0.2443106356368355,0.5566567946015246,0.13839011660766803,0.2959170456207159,[13 15 18],"[13 13 13 13 13 13 13 13 13 13 13 13 13 13 13 15 13 13 18 13 13 13 13 13
 13]"
-22.2,3,0.35105194755224156,2.942658229392412,28.798759525989933,0.2443106356368355,0.5566567946015246,0.13839011660766803,0.2959170456207159,[13 15 18],"[13 13 13 13 13 13 13 13 13 13 13 13 13 13 13 15 13 13 18 13 13 13 13 13
 13]"
-23.2,3,0.35105194755224156,2.942658229392412,28.798759525989933,0.2443106356368355,0.5566567946015246,0.13839011660766803,0.2959170456207159,[13 15 18],"[13 13 13 13 13 13 13 13 13 13 13 13 13 13 13 15 13 13 18 13 13 13 13 13
 13]"
-24.2,3,0.35105194755224156,2.942658229392412,28.798759525989933,0.2443106356368355,0.5566567946015246,0.13839011660766803,0.2959170456207159,[13 15 18],"[13 13 13 13 13 13 13 13 13 13 13 13 13 13 13 15 13 13 18 13 13 13 13 13
 13]"
-25.2,2,0.31069191437834304,4.712691611963931,30.336750934722307,0.0,1.0,0.0,0.25,[13 18],"[13 13 13 13 13 13 13 13 13 13 13 13 13 13 13 13 13 13 18 13 13 13 13 13
 13]"
