p,k,db,cp,sp,gyh_db,gyh_cp,gyh_sp,zb,exemplars,labels
-6.6,2,0.04684356411987894,1.1905880609475579,50.83251384974397,0.12065353045767636,1.0,0.0,0.3103267652288382,[0 3],[0 3 3 3 3 3 3 3 3 3 3 3 3]
