p,k,db,cp,sp,gyh_db,gyh_cp,gyh_sp,zb,exemplars,labels
-7.8,3,0.5248165136317887,1.7858820111533014,27.665181520225392,0.4319088795281355,0.9289419169969865,0.03226018809894059,0.45625496603804955,[ 0 10 12],[ 0 10 10 10 10 12 10 10 10 10 10 10 10]
-8.8,2,0.13614669951097516,1.9224905007264248,28.24145583597416,0.11204481358697337,1.0,0.0,0.3060224067934867,[ 0 10],[ 0 10 10 10 10 10 10 10 10 10 10 10 10]
