p,k,db,cp,sp,gyh_db,gyh_cp,gyh_sp,zb,exemplars,labels
-25.4,3,0.4393528527293015,3.4673948428773316,30.361099713858234,0.6994046910457649,0.6001014546493351,0.0,0.4997277091852162,[1 7 9],[9 1 9 9 9 9 9 7 9 9 9 9]
-26.4,2,0.46350042617099124,5.778014394088544,24.932078021248508,0.7378451519135487,1.0,0.47296437299322036,0.7371636692050795,[7 9],[9 9 9 9 9 9 9 7 9 9 9 9]
