p,k,db,cp,sp,gyh_db,gyh_cp,gyh_sp,zb,exemplars,labels
-18.1,2,0.3919931079988804,5.970775960429124,30.463678256538014,0.0,1.0,0.0,0.25,[ 6 16],[ 6  6  6  6  6  6  6  6  6  6 16 16 16 16 16 16 16 16 16 16]
-17.1,2,0.3919931079988804,5.970775960429124,30.463678256538014,0.0,1.0,0.0,0.25,[ 6 16],[ 6  6  6  6  6  6  6  6  6  6 16 16 16 16 16 16 16 16 16 16]
-16.1,2,0.3919931079988804,5.970775960429124,30.463678256538014,0.0,1.0,0.0,0.25,[ 6 16],[ 6  6  6  6  6  6  6  6  6  6 16 16 16 16 16 16 16 16 16 16]
-15.1,2,0.3919931079988804,5.970775960429124,30.463678256538014,0.0,1.0,0.0,0.25,[ 6 16],[ 6  6  6  6  6  6  6  6  6  6 16 16 16 16 16 16 16 16 16 16]
-14.1,4,0.48121419302142754,2.9980486160912627,22.611542514995467,1.0,0.0,1.0,0.75,[ 3  6  9 16],[ 6  6  6  3  6  6  6  3  6  9 16 16 16 16 16 16 16 16 16 16]
