p,k,db,cp,sp,gyh_db,gyh_cp,gyh_sp,zb,exemplars,labels
-19.0,3,0.6070054462513036,3.3372289602769936,19.98717018654361,0.827445542346376,0.6164753863641883,0.2365931057570266,0.6269898942034918,[ 1  5 11],[ 1  1  1  1  1  5  1  1  1  1  1 11  1  1  1]
-20.0,2,0.5458844568494736,5.200269106945908,19.052636658529625,0.600537136631206,1.0,0.4145229799625666,0.6538993133062446,[ 1 11],[ 1  1  1  1  1  1  1  1  1  1  1 11  1  1  1]
