p,k,db,cp,sp,gyh_db,gyh_cp,gyh_sp,zb,exemplars,labels
-14.5,4,0.5974101965795643,2.489751357265973,19.619542638003598,0.31241206102495966,0.3486794201755767,0.598667870315167,0.39304285313516574,[ 0  4  6 23],[ 0  0  0  0  4  0  6  0  0  0  0  0  0  0  0  0  0  0  0  4  0  0  0 23]
-15.5,4,0.5974101965795643,2.489751357265973,19.619542638003598,0.31241206102495966,0.3486794201755767,0.598667870315167,0.39304285313516574,[ 0  4  6 23],[ 0  0  0  0  4  0  6  0  0  0  0  0  0  0  0  0  0  0  0  4  0  0  0 23]
-16.5,4,0.5974101965795643,2.489751357265973,19.619542638003598,0.31241206102495966,0.3486794201755767,0.598667870315167,0.39304285313516574,[ 0  4  6 23],[ 0  0  0  0  4  0  6  0  0  0  0  0  0  0  0  0  0  0  0  4  0  0  0 23]
-17.5,3,0.6456435362175147,3.4368782448751514,23.170936222507237,0.3707861454096516,0.6521914947854349,0.29662343421173787,0.422596804954119,[0 4 6],[0 0 0 0 4 0 6 0 0 0 0 0 0 0 0 0 0 0 0 4 0 0 0 0]
-18.5,3,0.7591015592014099,4.142404998399805,23.170936222507237,0.5080979769663281,0.8782814637816339,0.29662343421173787,0.547775212981507,[0 4 6],[0 0 0 0 0 0 6 0 0 0 0 0 0 0 0 0 0 0 0 4 0 0 0 0]
-19.5,3,0.7591015592014099,4.142404998399805,23.170936222507237,0.5080979769663281,0.8782814637816339,0.29662343421173787,0.547775212981507,[0 4 6],[0 0 0 0 0 0 6 0 0 0 0 0 0 0 0 0 0 0 0 4 0 0 0 0]
-20.5,2,0.33927035241336456,4.522234692230054,26.658590472533806,0.0,1.0,0.0,0.25,[0 6],[0 0 0 0 0 0 6 0 0 0 0 0 0 0 0 0 0 0 0 0 0 0 0 0]
