p,k,db,cp,sp,gyh_db,gyh_cp,gyh_sp,zb,exemplars,labels
-17.2,2,0.3141390982578825,2.572389574794892,16.377391983745817,0.0,1.0,1.0,0.5,[2 3],[2 2 2 3]
