p,k,db,cp,sp,gyh_db,gyh_cp,gyh_sp,zb,exemplars,labels
-12.3,4,0.34720172352554374,1.8781576134923437,23.554703918957873,0.4839748120585705,0.05359319651131849,0.8780369668938764,0.474894946880584,[ 7 10 14 15],[10 10 10 10 10 10 10  7 10 10 10 10 10  7 14 15]
-13.3,4,0.34720172352554374,1.8781576134923437,23.554703918957873,0.4839748120585705,0.05359319651131849,0.8780369668938764,0.474894946880584,[ 7 10 14 15],[10 10 10 10 10 10 10  7 10 10 10 10 10  7 14 15]
-14.3,4,0.36560808455202964,1.8285396207378228,24.028594057503195,0.5835890560918787,0.03781941700128949,0.8485586333720092,0.513389040639264,[ 7 11 14 15],[11 11 11 11 11 11 11  7 11 11 11 11 11  7 14 15]
-15.3,4,0.36560808455202964,1.8285396207378228,24.028594057503195,0.5835890560918787,0.03781941700128949,0.8485586333720092,0.513389040639264,[ 7 11 14 15],[11 11 11 11 11 11 11  7 11 11 11 11 11  7 14 15]
-16.3,3,0.3888316612813081,3.0790103100786137,21.59404089120584,0.7092738145461829,0.43534958383010464,1.0,0.7134743032306177,[ 7 11 14],[11 11 11 11 11 11 11  7 11 11 11 11 11  7 14  7]
-17.3,2,0.25777460188321055,4.855174370222975,37.66992042468714,0.0,1.0,0.0,0.25,[ 7 11],[11 11 11 11 11 11 11  7 11 11 11 11 11  7 11  7]
