p,k,db,cp,sp,gyh_db,gyh_cp,gyh_sp,zb,exemplars,labels
-21.1,4,1.3040031642826975,6.872282553747947,21.089944034381467,1.0,0.664732665621799,0.3791219532733885,0.7609636547237968,[ 0  5  6 13],[ 0  5 13  5  5  5  5  6 13 13  5  5  5 13  5  5  5  5  5  5 13  5]
-22.1,4,1.3040031642826975,6.872282553747947,21.089944034381467,1.0,0.664732665621799,0.3791219532733885,0.7609636547237968,[ 0  5  6 13],[ 0  5 13  5  5  5  5  6 13 13  5  5  5 13  5  5  5  5  5  5 13  5]
-23.1,4,1.3040031642826975,6.872282553747947,21.089944034381467,1.0,0.664732665621799,0.3791219532733885,0.7609636547237968,[ 0  5  6 13],[ 0  5 13  5  5  5  5  6 13 13  5  5  5 13  5  5  5  5  5  5 13  5]
-24.1,3,0.9585484496135553,5.951997901381311,24.673751184025544,0.5072055306070534,0.5338282449588636,0.0,0.3870598265432426,[ 0  5 13],[ 0  5 13  5  5  5  5  5 13 13  5  5  5 13  5  5  5  5  5  5 13  5]
-25.1,3,0.9585484496135553,5.951997901381311,24.673751184025544,0.5072055306070534,0.5338282449588636,0.0,0.3870598265432426,[ 0  5 13],[ 0  5 13  5  5  5  5  5 13 13  5  5  5 13  5  5  5  5  5  5 13  5]
-26.1,2,1.2127164562317116,9.229279977559873,15.220837369088114,0.8697786339384624,1.0,1.0,0.9348893169692312,[ 5 13],[ 5  5 13  5  5  5  5  5 13 13  5  5  5 13  5  5  5  5  5  5 13  5]
