p,k,db,cp,sp,gyh_db,gyh_cp,gyh_sp,zb,exemplars,labels
-75.9,2,1.0485791080721276,20.55828036275974,39.211691715958956,0.0,1.0,0.40739584975969106,0.35184896243992275,[1 4],[1 4 4 4 4]
