p,k,db,cp,sp,gyh_db,gyh_cp,gyh_sp,zb,exemplars,labels
-28.9,3,0.5528897000052989,5.991814005181929,32.568928480072024,1.0,0.6283468570222217,0.2825992999886749,0.7277365392527242,[ 0  7 10],[ 0  0  7  0  7  7  7  7  7  7 10  0]
-29.9,3,0.5528897000052989,5.991814005181929,32.568928480072024,1.0,0.6283468570222217,0.2825992999886749,0.7277365392527242,[ 0  7 10],[ 0  0  7  0  7  7  7  7  7  7 10  0]
-30.9,2,0.5432667462744291,9.535838268655535,35.10554744625781,0.9825951654900107,1.0,0.0,0.7412975827450053,[0 7],[0 0 7 0 7 7 7 7 7 7 7 0]
