p,k,db,cp,sp,gyh_db,gyh_cp,gyh_sp,zb,exemplars,labels
-28.0,3,0.37128085821154705,7.056101624612338,41.353572618682385,0.3877047573733891,0.5623863213744726,0.4540845630505601,0.4479700997929527,[0 5 9],[0 0 0 0 0 5 0 0 9 9 9 9]
-29.0,3,0.37128085821154705,7.056101624612338,41.353572618682385,0.3877047573733891,0.5623863213744726,0.4540845630505601,0.4479700997929527,[0 5 9],[0 0 0 0 0 5 0 0 9 9 9 9]
-30.0,3,0.37128085821154705,7.056101624612338,41.353572618682385,0.3877047573733891,0.5623863213744726,0.4540845630505601,0.4479700997929527,[0 5 9],[0 0 0 0 0 5 0 0 9 9 9 9]
-31.0,2,0.47420049621363813,12.546716298801897,52.91734782643211,0.4951771260615219,1.0,0.0,0.49758856303076093,[0 9],[0 0 0 0 0 9 0 0 9 9 9 9]
